{"type": "FeatureCollection", "name": "uscities", "features": [{"type": "Feature", "properties": {"FID": 1840007069, "OBJECTID": 1840007069, "CITY_NAME": "Des Moines", "ADMIN_NAME": "Iowa", "CNTRY_NAME": "United States", "POP": 560170}, "geometry": {"type": "Point", "coordinates": [-93.6105, 41.5725]}}, {"type": "Feature", "properties": {"FID": 1840007081, "OBJECTID": 1840007081, "CITY_NAME": "Davenport", "ADMIN_NAME": "Iowa", "CNTRY_NAME": "United States", "POP": 282356}, "geometry": {"type": "Point", "coordinates": [-90.6053, 41.5565]}}, {"type": "Feature", "properties": {"FID": 1840000471, "OBJECTID": 1840000471, "CITY_NAME": "Cedar Rapids", "ADMIN_NAME": "Iowa", "CNTRY_NAME": "United States", "POP": 192755}, "geometry": {"type": "Point", "coordinates": [-91.6783, 41.9662]}}, {"type": "Feature", "properties": {"FID": 1840000532, "OBJECTID": 1840000532, "CITY_NAME": "Iowa City", "ADMIN_NAME": "Iowa", "CNTRY_NAME": "United States", "POP": 129897}, "geometry": {"type": "Point", "coordinates": [-91.5303, 41.6559]}}, {"type": "Feature", "properties": {"FID": 1840000440, "OBJECTID": 1840000440, "CITY_NAME": "Waterloo", "ADMIN_NAME": "Iowa", "CNTRY_NAME": "United States", "POP": 113832}, "geometry": {"type": "Point", "coordinates": [-92.3522, 42.4918]}}, {"type": "Feature", "properties": {"FID": 1840000447, "OBJECTID": 1840000447, "CITY_NAME": "Sioux City", "ADMIN_NAME": "Iowa", "CNTRY_NAME": "United States", "POP": 112823}, "geometry": {"type": "Point", "coordinates": [-96.3901, 42.4959]}}, {"type": "Feature", "properties": {"FID": 1840007066, "OBJECTID": 1840007066, "CITY_NAME": "Ankeny", "ADMIN_NAME": "Iowa", "CNTRY_NAME": "United States", "POP": 70542}, "geometry": {"type": "Point", "coordinates": [-93.6031, 41.7288]}}, {"type": "Feature", "properties": {"FID": 1840010185, "OBJECTID": 1840010185, "CITY_NAME": "West Des Moines", "ADMIN_NAME": "Iowa", "CNTRY_NAME": "United States", "POP": 69893}, "geometry": {"type": "Point", "coordinates": [-93.7806, 41.5521]}}, {"type": "Feature", "properties": {"FID": 1840000438, "OBJECTID": 1840000438, "CITY_NAME": "Dubuque", "ADMIN_NAME": "Iowa", "CNTRY_NAME": "United States", "POP": 68567}, "geometry": {"type": "Point", "coordinates": [-90.707, 42.5002]}}, {"type": "Feature", "properties": {"FID": 1840007019, "OBJECTID": 1840007019, "CITY_NAME": "Ames", "ADMIN_NAME": "Iowa", "CNTRY_NAME": "United States", "POP": 66112}, "geometry": {"type": "Point", "coordinates": [-93.6217, 42.0256]}}, {"type": "Feature", "properties": {"FID": 1840007117, "OBJECTID": 1840007117, "CITY_NAME": "Council Bluffs", "ADMIN_NAME": "Iowa", "CNTRY_NAME": "United States", "POP": 62564}, "geometry": {"type": "Point", "coordinates": [-95.8516, 41.2369]}}, {"type": "Feature", "properties": {"FID": 1840010184, "OBJECTID": 1840010184, "CITY_NAME": "Urbandale", "ADMIN_NAME": "Iowa", "CNTRY_NAME": "United States", "POP": 46026}, "geometry": {"type": "Point", "coordinates": [-93.7812, 41.639]}}, {"type": "Feature", "properties": {"FID": 1840008099, "OBJECTID": 1840008099, "CITY_NAME": "Marion", "ADMIN_NAME": "Iowa", "CNTRY_NAME": "United States", "POP": 41690}, "geometry": {"type": "Point", "coordinates": [-91.585, 42.0451]}}, {"type": "Feature", "properties": {"FID": 1840006946, "OBJECTID": 1840006946, "CITY_NAME": "Cedar Falls", "ADMIN_NAME": "Iowa", "CNTRY_NAME": "United States", "POP": 40662}, "geometry": {"type": "Point", "coordinates": [-92.4536, 42.5195]}}, {"type": "Feature", "properties": {"FID": 1840007079, "OBJECTID": 1840007079, "CITY_NAME": "Bettendorf", "ADMIN_NAME": "Iowa", "CNTRY_NAME": "United States", "POP": 39297}, "geometry": {"type": "Point", "coordinates": [-90.4765, 41.5657]}}, {"type": "Feature", "properties": {"FID": 1840008112, "OBJECTID": 1840008112, "CITY_NAME": "Marshalltown", "ADMIN_NAME": "Iowa", "CNTRY_NAME": "United States", "POP": 27491}, "geometry": {"type": "Point", "coordinates": [-92.9068, 42.0343]}}, {"type": "Feature", "properties": {"FID": 1840000380, "OBJECTID": 1840000380, "CITY_NAME": "Mason City", "ADMIN_NAME": "Iowa", "CNTRY_NAME": "United States", "POP": 27135}, "geometry": {"type": "Point", "coordinates": [-93.1997, 43.1487]}}, {"type": "Feature", "properties": {"FID": 1840010181, "OBJECTID": 1840010181, "CITY_NAME": "Waukee", "ADMIN_NAME": "Iowa", "CNTRY_NAME": "United States", "POP": 26974}, "geometry": {"type": "Point", "coordinates": [-93.8869, 41.5985]}}, {"type": "Feature", "properties": {"FID": 1840009339, "OBJECTID": 1840009339, "CITY_NAME": "Ottumwa", "ADMIN_NAME": "Iowa", "CNTRY_NAME": "United States", "POP": 25352}, "geometry": {"type": "Point", "coordinates": [-92.4186, 41.0195]}}, {"type": "Feature", "properties": {"FID": 1840000439, "OBJECTID": 1840000439, "CITY_NAME": "Fort Dodge", "ADMIN_NAME": "Iowa", "CNTRY_NAME": "United States", "POP": 24788}, "geometry": {"type": "Point", "coordinates": [-94.1751, 42.5098]}}, {"type": "Feature", "properties": {"FID": 1840000507, "OBJECTID": 1840000507, "CITY_NAME": "Clinton", "ADMIN_NAME": "Iowa", "CNTRY_NAME": "United States", "POP": 24425}, "geometry": {"type": "Point", "coordinates": [-90.2412, 41.8435]}}, {"type": "Feature", "properties": {"FID": 1840008170, "OBJECTID": 1840008170, "CITY_NAME": "Johnston", "ADMIN_NAME": "Iowa", "CNTRY_NAME": "United States", "POP": 24196}, "geometry": {"type": "Point", "coordinates": [-93.7234, 41.691]}}, {"type": "Feature", "properties": {"FID": 1840007164, "OBJECTID": 1840007164, "CITY_NAME": "Burlington", "ADMIN_NAME": "Iowa", "CNTRY_NAME": "United States", "POP": 23800}, "geometry": {"type": "Point", "coordinates": [-91.1247, 40.8071]}}, {"type": "Feature", "properties": {"FID": 1840008202, "OBJECTID": 1840008202, "CITY_NAME": "Muscatine", "ADMIN_NAME": "Iowa", "CNTRY_NAME": "United States", "POP": 23567}, "geometry": {"type": "Point", "coordinates": [-91.068, 41.4195]}}, {"type": "Feature", "properties": {"FID": 1840007076, "OBJECTID": 1840007076, "CITY_NAME": "Coralville", "ADMIN_NAME": "Iowa", "CNTRY_NAME": "United States", "POP": 22846}, "geometry": {"type": "Point", "coordinates": [-91.5967, 41.699]}}, {"type": "Feature", "properties": {"FID": 1840008179, "OBJECTID": 1840008179, "CITY_NAME": "North Liberty", "ADMIN_NAME": "Iowa", "CNTRY_NAME": "United States", "POP": 20782}, "geometry": {"type": "Point", "coordinates": [-91.6112, 41.7438]}}, {"type": "Feature", "properties": {"FID": 1840007065, "OBJECTID": 1840007065, "CITY_NAME": "Altoona", "ADMIN_NAME": "Iowa", "CNTRY_NAME": "United States", "POP": 20592}, "geometry": {"type": "Point", "coordinates": [-93.4783, 41.6483]}}, {"type": "Feature", "properties": {"FID": 1840007063, "OBJECTID": 1840007063, "CITY_NAME": "Clive", "ADMIN_NAME": "Iowa", "CNTRY_NAME": "United States", "POP": 18776}, "geometry": {"type": "Point", "coordinates": [-93.798, 41.6147]}}, {"type": "Feature", "properties": {"FID": 1840000648, "OBJECTID": 1840000648, "CITY_NAME": "Indianola", "ADMIN_NAME": "Iowa", "CNTRY_NAME": "United States", "POP": 15918}, "geometry": {"type": "Point", "coordinates": [-93.5652, 41.3629]}}, {"type": "Feature", "properties": {"FID": 1840007068, "OBJECTID": 1840007068, "CITY_NAME": "Grimes", "ADMIN_NAME": "Iowa", "CNTRY_NAME": "United States", "POP": 15810}, "geometry": {"type": "Point", "coordinates": [-93.7947, 41.6779]}}, {"type": "Feature", "properties": {"FID": 1840008171, "OBJECTID": 1840008171, "CITY_NAME": "Newton", "ADMIN_NAME": "Iowa", "CNTRY_NAME": "United States", "POP": 15696}, "geometry": {"type": "Point", "coordinates": [-93.0403, 41.6963]}}, {"type": "Feature", "properties": {"FID": 1840008213, "OBJECTID": 1840008213, "CITY_NAME": "Norwalk", "ADMIN_NAME": "Iowa", "CNTRY_NAME": "United States", "POP": 13610}, "geometry": {"type": "Point", "coordinates": [-93.6913, 41.4895]}}, {"type": "Feature", "properties": {"FID": 1840007012, "OBJECTID": 1840007012, "CITY_NAME": "Boone", "ADMIN_NAME": "Iowa", "CNTRY_NAME": "United States", "POP": 12445}, "geometry": {"type": "Point", "coordinates": [-93.877, 42.0531]}}, {"type": "Feature", "properties": {"FID": 1840000650, "OBJECTID": 1840000650, "CITY_NAME": "Oskaloosa", "ADMIN_NAME": "Iowa", "CNTRY_NAME": "United States", "POP": 11492}, "geometry": {"type": "Point", "coordinates": [-92.6404, 41.2922]}}, {"type": "Feature", "properties": {"FID": 1840000381, "OBJECTID": 1840000381, "CITY_NAME": "Spencer", "ADMIN_NAME": "Iowa", "CNTRY_NAME": "United States", "POP": 11393}, "geometry": {"type": "Point", "coordinates": [-95.1534, 43.1468]}}, {"type": "Feature", "properties": {"FID": 1840000397, "OBJECTID": 1840000397, "CITY_NAME": "Storm Lake", "ADMIN_NAME": "Iowa", "CNTRY_NAME": "United States", "POP": 11275}, "geometry": {"type": "Point", "coordinates": [-95.196, 42.6431]}}, {"type": "Feature", "properties": {"FID": 1840009219, "OBJECTID": 1840009219, "CITY_NAME": "Pleasant Hill", "ADMIN_NAME": "Iowa", "CNTRY_NAME": "United States", "POP": 10796}, "geometry": {"type": "Point", "coordinates": [-93.4953, 41.5867]}}, {"type": "Feature", "properties": {"FID": 1840009293, "OBJECTID": 1840009293, "CITY_NAME": "Pella", "ADMIN_NAME": "Iowa", "CNTRY_NAME": "United States", "POP": 10624}, "geometry": {"type": "Point", "coordinates": [-92.9189, 41.4052]}}, {"type": "Feature", "properties": {"FID": 1840008022, "OBJECTID": 1840008022, "CITY_NAME": "Le Mars", "ADMIN_NAME": "Iowa", "CNTRY_NAME": "United States", "POP": 10597}, "geometry": {"type": "Point", "coordinates": [-96.1733, 42.781]}}, {"type": "Feature", "properties": {"FID": 1840000404, "OBJECTID": 1840000404, "CITY_NAME": "Waverly", "ADMIN_NAME": "Iowa", "CNTRY_NAME": "United States", "POP": 10446}, "geometry": {"type": "Point", "coordinates": [-92.4708, 42.725]}}, {"type": "Feature", "properties": {"FID": 1840000490, "OBJECTID": 1840000490, "CITY_NAME": "Carroll", "ADMIN_NAME": "Iowa", "CNTRY_NAME": "United States", "POP": 10261}, "geometry": {"type": "Point", "coordinates": [-94.8646, 42.0699]}}, {"type": "Feature", "properties": {"FID": 1840008321, "OBJECTID": 1840008321, "CITY_NAME": "Fort Madison", "ADMIN_NAME": "Iowa", "CNTRY_NAME": "United States", "POP": 10221}, "geometry": {"type": "Point", "coordinates": [-91.3509, 40.6207]}}, {"type": "Feature", "properties": {"FID": 1840001036, "OBJECTID": 1840001036, "CITY_NAME": "Keokuk", "ADMIN_NAME": "Iowa", "CNTRY_NAME": "United States", "POP": 9748}, "geometry": {"type": "Point", "coordinates": [-91.4031, 40.4095]}}, {"type": "Feature", "properties": {"FID": 1840000531, "OBJECTID": 1840000531, "CITY_NAME": "Grinnell", "ADMIN_NAME": "Iowa", "CNTRY_NAME": "United States", "POP": 9527}, "geometry": {"type": "Point", "coordinates": [-92.7244, 41.7359]}}, {"type": "Feature", "properties": {"FID": 1840000887, "OBJECTID": 1840000887, "CITY_NAME": "Fairfield", "ADMIN_NAME": "Iowa", "CNTRY_NAME": "United States", "POP": 9438}, "geometry": {"type": "Point", "coordinates": [-91.9667, 41.0064]}}, {"type": "Feature", "properties": {"FID": 1840000888, "OBJECTID": 1840000888, "CITY_NAME": "Mount Pleasant", "ADMIN_NAME": "Iowa", "CNTRY_NAME": "United States", "POP": 9093}, "geometry": {"type": "Point", "coordinates": [-91.5452, 40.9625]}}, {"type": "Feature", "properties": {"FID": 1840009043, "OBJECTID": 1840009043, "CITY_NAME": "Sioux Center", "ADMIN_NAME": "Iowa", "CNTRY_NAME": "United States", "POP": 8335}, "geometry": {"type": "Point", "coordinates": [-96.1707, 43.0748]}}, {"type": "Feature", "properties": {"FID": 1840007008, "OBJECTID": 1840007008, "CITY_NAME": "Denison", "ADMIN_NAME": "Iowa", "CNTRY_NAME": "United States", "POP": 8247}, "geometry": {"type": "Point", "coordinates": [-95.3528, 42.0162]}}, {"type": "Feature", "properties": {"FID": 1840007067, "OBJECTID": 1840007067, "CITY_NAME": "Bondurant", "ADMIN_NAME": "Iowa", "CNTRY_NAME": "United States", "POP": 8061}, "geometry": {"type": "Point", "coordinates": [-93.4556, 41.6985]}}, {"type": "Feature", "properties": {"FID": 1840009211, "OBJECTID": 1840009211, "CITY_NAME": "Perry", "ADMIN_NAME": "Iowa", "CNTRY_NAME": "United States", "POP": 7928}, "geometry": {"type": "Point", "coordinates": [-94.0938, 41.8387]}}, {"type": "Feature", "properties": {"FID": 1840000449, "OBJECTID": 1840000449, "CITY_NAME": "Webster City", "ADMIN_NAME": "Iowa", "CNTRY_NAME": "United States", "POP": 7769}, "geometry": {"type": "Point", "coordinates": [-93.8168, 42.4622]}}, {"type": "Feature", "properties": {"FID": 1840000379, "OBJECTID": 1840000379, "CITY_NAME": "Clear Lake", "ADMIN_NAME": "Iowa", "CNTRY_NAME": "United States", "POP": 7603}, "geometry": {"type": "Point", "coordinates": [-93.374, 43.1347]}}, {"type": "Feature", "properties": {"FID": 1840006864, "OBJECTID": 1840006864, "CITY_NAME": "Decorah", "ADMIN_NAME": "Iowa", "CNTRY_NAME": "United States", "POP": 7597}, "geometry": {"type": "Point", "coordinates": [-91.7839, 43.3012]}}, {"type": "Feature", "properties": {"FID": 1840008229, "OBJECTID": 1840008229, "CITY_NAME": "Knoxville", "ADMIN_NAME": "Iowa", "CNTRY_NAME": "United States", "POP": 7493}, "geometry": {"type": "Point", "coordinates": [-93.1024, 41.3188]}}, {"type": "Feature", "properties": {"FID": 1840000892, "OBJECTID": 1840000892, "CITY_NAME": "Creston", "ADMIN_NAME": "Iowa", "CNTRY_NAME": "United States", "POP": 7466}, "geometry": {"type": "Point", "coordinates": [-94.365, 41.0598]}}, {"type": "Feature", "properties": {"FID": 1840000382, "OBJECTID": 1840000382, "CITY_NAME": "Charles City", "ADMIN_NAME": "Iowa", "CNTRY_NAME": "United States", "POP": 7321}, "geometry": {"type": "Point", "coordinates": [-92.6745, 43.0646]}}, {"type": "Feature", "properties": {"FID": 1840010255, "OBJECTID": 1840010255, "CITY_NAME": "Washington", "ADMIN_NAME": "Iowa", "CNTRY_NAME": "United States", "POP": 7314}, "geometry": {"type": "Point", "coordinates": [-91.6928, 41.2981]}}, {"type": "Feature", "properties": {"FID": 1840006989, "OBJECTID": 1840006989, "CITY_NAME": "Hiawatha", "ADMIN_NAME": "Iowa", "CNTRY_NAME": "United States", "POP": 7178}, "geometry": {"type": "Point", "coordinates": [-91.6911, 42.0547]}}, {"type": "Feature", "properties": {"FID": 1840008125, "OBJECTID": 1840008125, "CITY_NAME": "Nevada", "ADMIN_NAME": "Iowa", "CNTRY_NAME": "United States", "POP": 6952}, "geometry": {"type": "Point", "coordinates": [-93.4633, 42.0184]}}, {"type": "Feature", "properties": {"FID": 1840007125, "OBJECTID": 1840007125, "CITY_NAME": "Atlantic", "ADMIN_NAME": "Iowa", "CNTRY_NAME": "United States", "POP": 6773}, "geometry": {"type": "Point", "coordinates": [-95.0136, 41.3958]}}, {"type": "Feature", "properties": {"FID": 1840008182, "OBJECTID": 1840008182, "CITY_NAME": "Eldridge", "ADMIN_NAME": "Iowa", "CNTRY_NAME": "United States", "POP": 6743}, "geometry": {"type": "Point", "coordinates": [-90.5809, 41.639]}}, {"type": "Feature", "properties": {"FID": 1840009044, "OBJECTID": 1840009044, "CITY_NAME": "Orange City", "ADMIN_NAME": "Iowa", "CNTRY_NAME": "United States", "POP": 6312}, "geometry": {"type": "Point", "coordinates": [-96.0566, 43.0023]}}, {"type": "Feature", "properties": {"FID": 1840007053, "OBJECTID": 1840007053, "CITY_NAME": "Adel", "ADMIN_NAME": "Iowa", "CNTRY_NAME": "United States", "POP": 6259}, "geometry": {"type": "Point", "coordinates": [-94.0124, 41.6101]}}, {"type": "Feature", "properties": {"FID": 1840008058, "OBJECTID": 1840008058, "CITY_NAME": "Independence", "ADMIN_NAME": "Iowa", "CNTRY_NAME": "United States", "POP": 6149}, "geometry": {"type": "Point", "coordinates": [-91.9027, 42.4621]}}, {"type": "Feature", "properties": {"FID": 1840009137, "OBJECTID": 1840009137, "CITY_NAME": "Maquoketa", "ADMIN_NAME": "Iowa", "CNTRY_NAME": "United States", "POP": 6105}, "geometry": {"type": "Point", "coordinates": [-90.6649, 42.059]}}, {"type": "Feature", "properties": {"FID": 1840006928, "OBJECTID": 1840006928, "CITY_NAME": "Asbury", "ADMIN_NAME": "Iowa", "CNTRY_NAME": "United States", "POP": 5949}, "geometry": {"type": "Point", "coordinates": [-90.7802, 42.512]}}, {"type": "Feature", "properties": {"FID": 1840008007, "OBJECTID": 1840008007, "CITY_NAME": "Oelwein", "ADMIN_NAME": "Iowa", "CNTRY_NAME": "United States", "POP": 5878}, "geometry": {"type": "Point", "coordinates": [-91.9131, 42.6715]}}, {"type": "Feature", "properties": {"FID": 1840007962, "OBJECTID": 1840007962, "CITY_NAME": "Estherville", "ADMIN_NAME": "Iowa", "CNTRY_NAME": "United States", "POP": 5865}, "geometry": {"type": "Point", "coordinates": [-94.8342, 43.3997]}}, {"type": "Feature", "properties": {"FID": 1840009220, "OBJECTID": 1840009220, "CITY_NAME": "Polk City", "ADMIN_NAME": "Iowa", "CNTRY_NAME": "United States", "POP": 5833}, "geometry": {"type": "Point", "coordinates": [-93.7134, 41.7779]}}, {"type": "Feature", "properties": {"FID": 1840006993, "OBJECTID": 1840006993, "CITY_NAME": "Anamosa", "ADMIN_NAME": "Iowa", "CNTRY_NAME": "United States", "POP": 5553}, "geometry": {"type": "Point", "coordinates": [-91.2758, 42.1091]}}, {"type": "Feature", "properties": {"FID": 1840009346, "OBJECTID": 1840009346, "CITY_NAME": "Red Oak", "ADMIN_NAME": "Iowa", "CNTRY_NAME": "United States", "POP": 5542}, "geometry": {"type": "Point", "coordinates": [-95.225, 41.014]}}, {"type": "Feature", "properties": {"FID": 1840007042, "OBJECTID": 1840007042, "CITY_NAME": "DeWitt", "ADMIN_NAME": "Iowa", "CNTRY_NAME": "United States", "POP": 5535}, "geometry": {"type": "Point", "coordinates": [-90.5448, 41.8227]}}, {"type": "Feature", "properties": {"FID": 1840000889, "OBJECTID": 1840000889, "CITY_NAME": "Osceola", "ADMIN_NAME": "Iowa", "CNTRY_NAME": "United States", "POP": 5495}, "geometry": {"type": "Point", "coordinates": [-93.784, 41.0304]}}, {"type": "Feature", "properties": {"FID": 1840009023, "OBJECTID": 1840009023, "CITY_NAME": "Spirit Lake", "ADMIN_NAME": "Iowa", "CNTRY_NAME": "United States", "POP": 5469}, "geometry": {"type": "Point", "coordinates": [-95.1109, 43.4176]}}, {"type": "Feature", "properties": {"FID": 1840000352, "OBJECTID": 1840000352, "CITY_NAME": "Algona", "ADMIN_NAME": "Iowa", "CNTRY_NAME": "United States", "POP": 5414}, "geometry": {"type": "Point", "coordinates": [-94.2311, 43.0743]}}, {"type": "Feature", "properties": {"FID": 1840009046, "OBJECTID": 1840009046, "CITY_NAME": "Sheldon", "ADMIN_NAME": "Iowa", "CNTRY_NAME": "United States", "POP": 5386}, "geometry": {"type": "Point", "coordinates": [-95.8437, 43.1797]}}, {"type": "Feature", "properties": {"FID": 1840000649, "OBJECTID": 1840000649, "CITY_NAME": "Winterset", "ADMIN_NAME": "Iowa", "CNTRY_NAME": "United States", "POP": 5384}, "geometry": {"type": "Point", "coordinates": [-94.0138, 41.345]}}, {"type": "Feature", "properties": {"FID": 1840001006, "OBJECTID": 1840001006, "CITY_NAME": "Centerville", "ADMIN_NAME": "Iowa", "CNTRY_NAME": "United States", "POP": 5377}, "geometry": {"type": "Point", "coordinates": [-92.8716, 40.7292]}}, {"type": "Feature", "properties": {"FID": 1840007180, "OBJECTID": 1840007180, "CITY_NAME": "Clarinda", "ADMIN_NAME": "Iowa", "CNTRY_NAME": "United States", "POP": 5366}, "geometry": {"type": "Point", "coordinates": [-95.0338, 40.7377]}}, {"type": "Feature", "properties": {"FID": 1840010189, "OBJECTID": 1840010189, "CITY_NAME": "Tiffin", "ADMIN_NAME": "Iowa", "CNTRY_NAME": "United States", "POP": 5271}, "geometry": {"type": "Point", "coordinates": [-91.6583, 41.7064]}}, {"type": "Feature", "properties": {"FID": 1840010186, "OBJECTID": 1840010186, "CITY_NAME": "Windsor Heights", "ADMIN_NAME": "Iowa", "CNTRY_NAME": "United States", "POP": 5171}, "geometry": {"type": "Point", "coordinates": [-93.7128, 41.6045]}}, {"type": "Feature", "properties": {"FID": 1840006901, "OBJECTID": 1840006901, "CITY_NAME": "Cherokee", "ADMIN_NAME": "Iowa", "CNTRY_NAME": "United States", "POP": 5157}, "geometry": {"type": "Point", "coordinates": [-95.5529, 42.7499]}}, {"type": "Feature", "properties": {"FID": 1840009099, "OBJECTID": 1840009099, "CITY_NAME": "Manchester", "ADMIN_NAME": "Iowa", "CNTRY_NAME": "United States", "POP": 5144}, "geometry": {"type": "Point", "coordinates": [-91.4557, 42.4854]}}, {"type": "Feature", "properties": {"FID": 1840008273, "OBJECTID": 1840008273, "CITY_NAME": "Glenwood", "ADMIN_NAME": "Iowa", "CNTRY_NAME": "United States", "POP": 5118}, "geometry": {"type": "Point", "coordinates": [-95.7406, 41.0446]}}, {"type": "Feature", "properties": {"FID": 1840009111, "OBJECTID": 1840009111, "CITY_NAME": "Sergeant Bluff", "ADMIN_NAME": "Iowa", "CNTRY_NAME": "United States", "POP": 5090}, "geometry": {"type": "Point", "coordinates": [-96.3517, 42.3978]}}, {"type": "Feature", "properties": {"FID": 1840008079, "OBJECTID": 1840008079, "CITY_NAME": "Iowa Falls", "ADMIN_NAME": "Iowa", "CNTRY_NAME": "United States", "POP": 5062}, "geometry": {"type": "Point", "coordinates": [-93.2662, 42.519]}}, {"type": "Feature", "properties": {"FID": 1840000470, "OBJECTID": 1840000470, "CITY_NAME": "Vinton", "ADMIN_NAME": "Iowa", "CNTRY_NAME": "United States", "POP": 4948}, "geometry": {"type": "Point", "coordinates": [-92.026, 42.1631]}}, {"type": "Feature", "properties": {"FID": 1840009387, "OBJECTID": 1840009387, "CITY_NAME": "Shenandoah", "ADMIN_NAME": "Iowa", "CNTRY_NAME": "United States", "POP": 4913}, "geometry": {"type": "Point", "coordinates": [-95.372, 40.7582]}}, {"type": "Feature", "properties": {"FID": 1840000530, "OBJECTID": 1840000530, "CITY_NAME": "Harlan", "ADMIN_NAME": "Iowa", "CNTRY_NAME": "United States", "POP": 4896}, "geometry": {"type": "Point", "coordinates": [-95.3268, 41.6495]}}, {"type": "Feature", "properties": {"FID": 1840000400, "OBJECTID": 1840000400, "CITY_NAME": "Humboldt", "ADMIN_NAME": "Iowa", "CNTRY_NAME": "United States", "POP": 4761}, "geometry": {"type": "Point", "coordinates": [-94.2241, 42.7229]}}, {"type": "Feature", "properties": {"FID": 1840008186, "OBJECTID": 1840008186, "CITY_NAME": "Le Claire", "ADMIN_NAME": "Iowa", "CNTRY_NAME": "United States", "POP": 4718}, "geometry": {"type": "Point", "coordinates": [-90.3686, 41.5963]}}, {"type": "Feature", "properties": {"FID": 1840007039, "OBJECTID": 1840007039, "CITY_NAME": "Camanche", "ADMIN_NAME": "Iowa", "CNTRY_NAME": "United States", "POP": 4562}, "geometry": {"type": "Point", "coordinates": [-90.277, 41.7923]}}, {"type": "Feature", "properties": {"FID": 1840008100, "OBJECTID": 1840008100, "CITY_NAME": "Mount Vernon", "ADMIN_NAME": "Iowa", "CNTRY_NAME": "United States", "POP": 4551}, "geometry": {"type": "Point", "coordinates": [-91.4243, 41.9232]}}, {"type": "Feature", "properties": {"FID": 1840000441, "OBJECTID": 1840000441, "CITY_NAME": "Evansdale", "ADMIN_NAME": "Iowa", "CNTRY_NAME": "United States", "POP": 4530}, "geometry": {"type": "Point", "coordinates": [-92.2766, 42.4635]}}, {"type": "Feature", "properties": {"FID": 1840007020, "OBJECTID": 1840007020, "CITY_NAME": "Huxley", "ADMIN_NAME": "Iowa", "CNTRY_NAME": "United States", "POP": 4440}, "geometry": {"type": "Point", "coordinates": [-93.592, 41.8965]}}, {"type": "Feature", "properties": {"FID": 1840008044, "OBJECTID": 1840008044, "CITY_NAME": "Dyersville", "ADMIN_NAME": "Iowa", "CNTRY_NAME": "United States", "POP": 4357}, "geometry": {"type": "Point", "coordinates": [-91.1178, 42.4818]}}, {"type": "Feature", "properties": {"FID": 1840000401, "OBJECTID": 1840000401, "CITY_NAME": "Hampton", "ADMIN_NAME": "Iowa", "CNTRY_NAME": "United States", "POP": 4311}, "geometry": {"type": "Point", "coordinates": [-93.205, 42.742]}}, {"type": "Feature", "properties": {"FID": 1840007953, "OBJECTID": 1840007953, "CITY_NAME": "Forest City", "ADMIN_NAME": "Iowa", "CNTRY_NAME": "United States", "POP": 4280}, "geometry": {"type": "Point", "coordinates": [-93.6366, 43.257]}}, {"type": "Feature", "properties": {"FID": 1840000890, "OBJECTID": 1840000890, "CITY_NAME": "Chariton", "ADMIN_NAME": "Iowa", "CNTRY_NAME": "United States", "POP": 4235}, "geometry": {"type": "Point", "coordinates": [-93.3097, 41.0175]}}, {"type": "Feature", "properties": {"FID": 1840007104, "OBJECTID": 1840007104, "CITY_NAME": "Carlisle", "ADMIN_NAME": "Iowa", "CNTRY_NAME": "United States", "POP": 4187}, "geometry": {"type": "Point", "coordinates": [-93.495, 41.5118]}}, {"type": "Feature", "properties": {"FID": 1840000492, "OBJECTID": 1840000492, "CITY_NAME": "Jefferson", "ADMIN_NAME": "Iowa", "CNTRY_NAME": "United States", "POP": 4164}, "geometry": {"type": "Point", "coordinates": [-94.3799, 42.0173]}}, {"type": "Feature", "properties": {"FID": 1840009045, "OBJECTID": 1840009045, "CITY_NAME": "Rock Valley", "ADMIN_NAME": "Iowa", "CNTRY_NAME": "United States", "POP": 4061}, "geometry": {"type": "Point", "coordinates": [-96.2897, 43.2028]}}, {"type": "Feature", "properties": {"FID": 1840008107, "OBJECTID": 1840008107, "CITY_NAME": "Monticello", "ADMIN_NAME": "Iowa", "CNTRY_NAME": "United States", "POP": 4055}, "geometry": {"type": "Point", "coordinates": [-91.1861, 42.2298]}}, {"type": "Feature", "properties": {"FID": 1840006859, "OBJECTID": 1840006859, "CITY_NAME": "Cresco", "ADMIN_NAME": "Iowa", "CNTRY_NAME": "United States", "POP": 3901}, "geometry": {"type": "Point", "coordinates": [-92.1163, 43.3718]}}, {"type": "Feature", "properties": {"FID": 1840010062, "OBJECTID": 1840010062, "CITY_NAME": "Waukon", "ADMIN_NAME": "Iowa", "CNTRY_NAME": "United States", "POP": 3796}, "geometry": {"type": "Point", "coordinates": [-91.4785, 43.2686]}}, {"type": "Feature", "properties": {"FID": 1840010236, "OBJECTID": 1840010236, "CITY_NAME": "West Liberty", "ADMIN_NAME": "Iowa", "CNTRY_NAME": "United States", "POP": 3795}, "geometry": {"type": "Point", "coordinates": [-91.2623, 41.5727]}}, {"type": "Feature", "properties": {"FID": 1840007120, "OBJECTID": 1840007120, "CITY_NAME": "Carter Lake", "ADMIN_NAME": "Iowa", "CNTRY_NAME": "United States", "POP": 3773}, "geometry": {"type": "Point", "coordinates": [-95.9171, 41.2884]}}, {"type": "Feature", "properties": {"FID": 1840007152, "OBJECTID": 1840007152, "CITY_NAME": "Albia", "ADMIN_NAME": "Iowa", "CNTRY_NAME": "United States", "POP": 3688}, "geometry": {"type": "Point", "coordinates": [-92.8038, 41.0268]}}, {"type": "Feature", "properties": {"FID": 1840007990, "OBJECTID": 1840007990, "CITY_NAME": "Emmetsburg", "ADMIN_NAME": "Iowa", "CNTRY_NAME": "United States", "POP": 3651}, "geometry": {"type": "Point", "coordinates": [-94.68, 43.1145]}}, {"type": "Feature", "properties": {"FID": 1840008032, "OBJECTID": 1840008032, "CITY_NAME": "Eagle Grove", "ADMIN_NAME": "Iowa", "CNTRY_NAME": "United States", "POP": 3588}, "geometry": {"type": "Point", "coordinates": [-93.9024, 42.6662]}}, {"type": "Feature", "properties": {"FID": 1840009032, "OBJECTID": 1840009032, "CITY_NAME": "Osage", "ADMIN_NAME": "Iowa", "CNTRY_NAME": "United States", "POP": 3578}, "geometry": {"type": "Point", "coordinates": [-92.8113, 43.2827]}}, {"type": "Feature", "properties": {"FID": 1840004800, "OBJECTID": 1840004800, "CITY_NAME": "Saylorville", "ADMIN_NAME": "Iowa", "CNTRY_NAME": "United States", "POP": 3559}, "geometry": {"type": "Point", "coordinates": [-93.628, 41.6809]}}, {"type": "Feature", "properties": {"FID": 1840007998, "OBJECTID": 1840007998, "CITY_NAME": "New Hampton", "ADMIN_NAME": "Iowa", "CNTRY_NAME": "United States", "POP": 3462}, "geometry": {"type": "Point", "coordinates": [-92.3153, 43.0563]}}, {"type": "Feature", "properties": {"FID": 1840009175, "OBJECTID": 1840009175, "CITY_NAME": "Story City", "ADMIN_NAME": "Iowa", "CNTRY_NAME": "United States", "POP": 3363}, "geometry": {"type": "Point", "coordinates": [-93.5863, 42.1866]}}, {"type": "Feature", "properties": {"FID": 1840009148, "OBJECTID": 1840009148, "CITY_NAME": "Robins", "ADMIN_NAME": "Iowa", "CNTRY_NAME": "United States", "POP": 3349}, "geometry": {"type": "Point", "coordinates": [-91.6763, 42.08]}}, {"type": "Feature", "properties": {"FID": 1840010179, "OBJECTID": 1840010179, "CITY_NAME": "Williamsburg", "ADMIN_NAME": "Iowa", "CNTRY_NAME": "United States", "POP": 3347}, "geometry": {"type": "Point", "coordinates": [-92.0103, 41.6683]}}, {"type": "Feature", "properties": {"FID": 1840007960, "OBJECTID": 1840007960, "CITY_NAME": "Milford", "ADMIN_NAME": "Iowa", "CNTRY_NAME": "United States", "POP": 3315}, "geometry": {"type": "Point", "coordinates": [-95.1478, 43.3336]}}, {"type": "Feature", "properties": {"FID": 1840010323, "OBJECTID": 1840010323, "CITY_NAME": "West Burlington", "ADMIN_NAME": "Iowa", "CNTRY_NAME": "United States", "POP": 3184}, "geometry": {"type": "Point", "coordinates": [-91.1755, 40.8215]}}, {"type": "Feature", "properties": {"FID": 1840010173, "OBJECTID": 1840010173, "CITY_NAME": "Tipton", "ADMIN_NAME": "Iowa", "CNTRY_NAME": "United States", "POP": 3111}, "geometry": {"type": "Point", "coordinates": [-91.1283, 41.7701]}}, {"type": "Feature", "properties": {"FID": 1840009229, "OBJECTID": 1840009229, "CITY_NAME": "Solon", "ADMIN_NAME": "Iowa", "CNTRY_NAME": "United States", "POP": 3092}, "geometry": {"type": "Point", "coordinates": [-91.4961, 41.8055]}}, {"type": "Feature", "properties": {"FID": 1840009150, "OBJECTID": 1840009150, "CITY_NAME": "Tama", "ADMIN_NAME": "Iowa", "CNTRY_NAME": "United States", "POP": 3079}, "geometry": {"type": "Point", "coordinates": [-92.5743, 41.9648]}}, {"type": "Feature", "properties": {"FID": 1840007986, "OBJECTID": 1840007986, "CITY_NAME": "Garner", "ADMIN_NAME": "Iowa", "CNTRY_NAME": "United States", "POP": 3062}, "geometry": {"type": "Point", "coordinates": [-93.6031, 43.1]}}, {"type": "Feature", "properties": {"FID": 1840010237, "OBJECTID": 1840010237, "CITY_NAME": "Wilton", "ADMIN_NAME": "Iowa", "CNTRY_NAME": "United States", "POP": 2943}, "geometry": {"type": "Point", "coordinates": [-91.0272, 41.5898]}}, {"type": "Feature", "properties": {"FID": 1840008098, "OBJECTID": 1840008098, "CITY_NAME": "Fairfax", "ADMIN_NAME": "Iowa", "CNTRY_NAME": "United States", "POP": 2865}, "geometry": {"type": "Point", "coordinates": [-91.7791, 41.9283]}}, {"type": "Feature", "properties": {"FID": 1840000489, "OBJECTID": 1840000489, "CITY_NAME": "Onawa", "ADMIN_NAME": "Iowa", "CNTRY_NAME": "United States", "POP": 2862}, "geometry": {"type": "Point", "coordinates": [-96.0909, 42.0265]}}, {"type": "Feature", "properties": {"FID": 1840004813, "OBJECTID": 1840004813, "CITY_NAME": "Park View", "ADMIN_NAME": "Iowa", "CNTRY_NAME": "United States", "POP": 2861}, "geometry": {"type": "Point", "coordinates": [-90.5394, 41.6953]}}, {"type": "Feature", "properties": {"FID": 1840008154, "OBJECTID": 1840008154, "CITY_NAME": "Marengo", "ADMIN_NAME": "Iowa", "CNTRY_NAME": "United States", "POP": 2823}, "geometry": {"type": "Point", "coordinates": [-92.0675, 41.7961]}}, {"type": "Feature", "properties": {"FID": 1840009029, "OBJECTID": 1840009029, "CITY_NAME": "Sibley", "ADMIN_NAME": "Iowa", "CNTRY_NAME": "United States", "POP": 2821}, "geometry": {"type": "Point", "coordinates": [-95.743, 43.4015]}}, {"type": "Feature", "properties": {"FID": 1840009168, "OBJECTID": 1840009168, "CITY_NAME": "Madrid", "ADMIN_NAME": "Iowa", "CNTRY_NAME": "United States", "POP": 2803}, "geometry": {"type": "Point", "coordinates": [-93.8205, 41.8757]}}, {"type": "Feature", "properties": {"FID": 1840006965, "OBJECTID": 1840006965, "CITY_NAME": "Grundy Center", "ADMIN_NAME": "Iowa", "CNTRY_NAME": "United States", "POP": 2794}, "geometry": {"type": "Point", "coordinates": [-92.774, 42.3637]}}, {"type": "Feature", "properties": {"FID": 1840009039, "OBJECTID": 1840009039, "CITY_NAME": "Postville", "ADMIN_NAME": "Iowa", "CNTRY_NAME": "United States", "POP": 2787}, "geometry": {"type": "Point", "coordinates": [-91.5676, 43.0842]}}, {"type": "Feature", "properties": {"FID": 1840006904, "OBJECTID": 1840006904, "CITY_NAME": "Clarion", "ADMIN_NAME": "Iowa", "CNTRY_NAME": "United States", "POP": 2775}, "geometry": {"type": "Point", "coordinates": [-93.7298, 42.732]}}, {"type": "Feature", "properties": {"FID": 1840001002, "OBJECTID": 1840001002, "CITY_NAME": "Bloomfield", "ADMIN_NAME": "Iowa", "CNTRY_NAME": "United States", "POP": 2723}, "geometry": {"type": "Point", "coordinates": [-92.4174, 40.7487]}}, {"type": "Feature", "properties": {"FID": 1840008151, "OBJECTID": 1840008151, "CITY_NAME": "Missouri Valley", "ADMIN_NAME": "Iowa", "CNTRY_NAME": "United States", "POP": 2685}, "geometry": {"type": "Point", "coordinates": [-95.9028, 41.5592]}}, {"type": "Feature", "properties": {"FID": 1840008210, "OBJECTID": 1840008210, "CITY_NAME": "Kalona", "ADMIN_NAME": "Iowa", "CNTRY_NAME": "United States", "POP": 2679}, "geometry": {"type": "Point", "coordinates": [-91.7018, 41.4874]}}, {"type": "Feature", "properties": {"FID": 1840006905, "OBJECTID": 1840006905, "CITY_NAME": "Belmond", "ADMIN_NAME": "Iowa", "CNTRY_NAME": "United States", "POP": 2678}, "geometry": {"type": "Point", "coordinates": [-93.6084, 42.8464]}}, {"type": "Feature", "properties": {"FID": 1840006871, "OBJECTID": 1840006871, "CITY_NAME": "Hawarden", "ADMIN_NAME": "Iowa", "CNTRY_NAME": "United States", "POP": 2674}, "geometry": {"type": "Point", "coordinates": [-96.4828, 43.0015]}}, {"type": "Feature", "properties": {"FID": 1840009035, "OBJECTID": 1840009035, "CITY_NAME": "Rock Rapids", "ADMIN_NAME": "Iowa", "CNTRY_NAME": "United States", "POP": 2653}, "geometry": {"type": "Point", "coordinates": [-96.1662, 43.4273]}}, {"type": "Feature", "properties": {"FID": 1840000450, "OBJECTID": 1840000450, "CITY_NAME": "Eldora", "ADMIN_NAME": "Iowa", "CNTRY_NAME": "United States", "POP": 2622}, "geometry": {"type": "Point", "coordinates": [-93.1013, 42.3605]}}, {"type": "Feature", "properties": {"FID": 1840006947, "OBJECTID": 1840006947, "CITY_NAME": "Hudson", "ADMIN_NAME": "Iowa", "CNTRY_NAME": "United States", "POP": 2614}, "geometry": {"type": "Point", "coordinates": [-92.4522, 42.4321]}}, {"type": "Feature", "properties": {"FID": 1840008059, "OBJECTID": 1840008059, "CITY_NAME": "Jesup", "ADMIN_NAME": "Iowa", "CNTRY_NAME": "United States", "POP": 2596}, "geometry": {"type": "Point", "coordinates": [-92.0657, 42.4746]}}, {"type": "Feature", "properties": {"FID": 1840006985, "OBJECTID": 1840006985, "CITY_NAME": "Center Point", "ADMIN_NAME": "Iowa", "CNTRY_NAME": "United States", "POP": 2575}, "geometry": {"type": "Point", "coordinates": [-91.7798, 42.1848]}}, {"type": "Feature", "properties": {"FID": 1840006926, "OBJECTID": 1840006926, "CITY_NAME": "Cascade", "ADMIN_NAME": "Iowa", "CNTRY_NAME": "United States", "POP": 2565}, "geometry": {"type": "Point", "coordinates": [-91.0048, 42.3018]}}, {"type": "Feature", "properties": {"FID": 1840008169, "OBJECTID": 1840008169, "CITY_NAME": "Mitchellville", "ADMIN_NAME": "Iowa", "CNTRY_NAME": "United States", "POP": 2557}, "geometry": {"type": "Point", "coordinates": [-93.3661, 41.6685]}}, {"type": "Feature", "properties": {"FID": 1840010174, "OBJECTID": 1840010174, "CITY_NAME": "West Branch", "ADMIN_NAME": "Iowa", "CNTRY_NAME": "United States", "POP": 2526}, "geometry": {"type": "Point", "coordinates": [-91.3441, 41.6661]}}, {"type": "Feature", "properties": {"FID": 1840009120, "OBJECTID": 1840009120, "CITY_NAME": "Rockwell City", "ADMIN_NAME": "Iowa", "CNTRY_NAME": "United States", "POP": 2449}, "geometry": {"type": "Point", "coordinates": [-94.6289, 42.3981]}}, {"type": "Feature", "properties": {"FID": 1840000468, "OBJECTID": 1840000468, "CITY_NAME": "Belle Plaine", "ADMIN_NAME": "Iowa", "CNTRY_NAME": "United States", "POP": 2412}, "geometry": {"type": "Point", "coordinates": [-92.2751, 41.8954]}}, {"type": "Feature", "properties": {"FID": 1840008266, "OBJECTID": 1840008266, "CITY_NAME": "New London", "ADMIN_NAME": "Iowa", "CNTRY_NAME": "United States", "POP": 2402}, "geometry": {"type": "Point", "coordinates": [-91.4012, 40.9231]}}, {"type": "Feature", "properties": {"FID": 1840000390, "OBJECTID": 1840000390, "CITY_NAME": "West Union", "ADMIN_NAME": "Iowa", "CNTRY_NAME": "United States", "POP": 2393}, "geometry": {"type": "Point", "coordinates": [-91.813, 42.9589]}}, {"type": "Feature", "properties": {"FID": 1840006982, "OBJECTID": 1840006982, "CITY_NAME": "Atkins", "ADMIN_NAME": "Iowa", "CNTRY_NAME": "United States", "POP": 2347}, "geometry": {"type": "Point", "coordinates": [-91.8585, 41.9943]}}, {"type": "Feature", "properties": {"FID": 1840006899, "OBJECTID": 1840006899, "CITY_NAME": "Alta", "ADMIN_NAME": "Iowa", "CNTRY_NAME": "United States", "POP": 2344}, "geometry": {"type": "Point", "coordinates": [-95.3045, 42.6717]}}, {"type": "Feature", "properties": {"FID": 1840006981, "OBJECTID": 1840006981, "CITY_NAME": "Bellevue", "ADMIN_NAME": "Iowa", "CNTRY_NAME": "United States", "POP": 2256}, "geometry": {"type": "Point", "coordinates": [-90.4318, 42.2624]}}, {"type": "Feature", "properties": {"FID": 1840006873, "OBJECTID": 1840006873, "CITY_NAME": "Hull", "ADMIN_NAME": "Iowa", "CNTRY_NAME": "United States", "POP": 2248}, "geometry": {"type": "Point", "coordinates": [-96.1342, 43.1894]}}, {"type": "Feature", "properties": {"FID": 1840006916, "OBJECTID": 1840006916, "CITY_NAME": "Denver", "ADMIN_NAME": "Iowa", "CNTRY_NAME": "United States", "POP": 2216}, "geometry": {"type": "Point", "coordinates": [-92.335, 42.6683]}}, {"type": "Feature", "properties": {"FID": 1840008064, "OBJECTID": 1840008064, "CITY_NAME": "La Porte City", "ADMIN_NAME": "Iowa", "CNTRY_NAME": "United States", "POP": 2170}, "geometry": {"type": "Point", "coordinates": [-92.1913, 42.3137]}}, {"type": "Feature", "properties": {"FID": 1840007965, "OBJECTID": 1840007965, "CITY_NAME": "Northwood", "ADMIN_NAME": "Iowa", "CNTRY_NAME": "United States", "POP": 2170}, "geometry": {"type": "Point", "coordinates": [-93.216, 43.4441]}}, {"type": "Feature", "properties": {"FID": 1840000403, "OBJECTID": 1840000403, "CITY_NAME": "Sumner", "ADMIN_NAME": "Iowa", "CNTRY_NAME": "United States", "POP": 2159}, "geometry": {"type": "Point", "coordinates": [-92.097, 42.8498]}}, {"type": "Feature", "properties": {"FID": 1840007135, "OBJECTID": 1840007135, "CITY_NAME": "Columbus Junction", "ADMIN_NAME": "Iowa", "CNTRY_NAME": "United States", "POP": 2129}, "geometry": {"type": "Point", "coordinates": [-91.364, 41.2792]}}, {"type": "Feature", "properties": {"FID": 1840001004, "OBJECTID": 1840001004, "CITY_NAME": "Lamoni", "ADMIN_NAME": "Iowa", "CNTRY_NAME": "United States", "POP": 2121}, "geometry": {"type": "Point", "coordinates": [-93.9308, 40.6201]}}, {"type": "Feature", "properties": {"FID": 1840007070, "OBJECTID": 1840007070, "CITY_NAME": "Colfax", "ADMIN_NAME": "Iowa", "CNTRY_NAME": "United States", "POP": 2089}, "geometry": {"type": "Point", "coordinates": [-93.2385, 41.6802]}}, {"type": "Feature", "properties": {"FID": 1840010127, "OBJECTID": 1840010127, "CITY_NAME": "Toledo", "ADMIN_NAME": "Iowa", "CNTRY_NAME": "United States", "POP": 2079}, "geometry": {"type": "Point", "coordinates": [-92.5803, 41.9902]}}, {"type": "Feature", "properties": {"FID": 1840008174, "OBJECTID": 1840008174, "CITY_NAME": "Monroe", "ADMIN_NAME": "Iowa", "CNTRY_NAME": "United States", "POP": 2074}, "geometry": {"type": "Point", "coordinates": [-93.1038, 41.5189]}}, {"type": "Feature", "properties": {"FID": 1840007059, "OBJECTID": 1840007059, "CITY_NAME": "Audubon", "ADMIN_NAME": "Iowa", "CNTRY_NAME": "United States", "POP": 2069}, "geometry": {"type": "Point", "coordinates": [-94.9284, 41.718]}}, {"type": "Feature", "properties": {"FID": 1840007052, "OBJECTID": 1840007052, "CITY_NAME": "Dallas Center", "ADMIN_NAME": "Iowa", "CNTRY_NAME": "United States", "POP": 2058}, "geometry": {"type": "Point", "coordinates": [-93.9816, 41.6854]}}, {"type": "Feature", "properties": {"FID": 1840007954, "OBJECTID": 1840007954, "CITY_NAME": "Lake Mills", "ADMIN_NAME": "Iowa", "CNTRY_NAME": "United States", "POP": 2054}, "geometry": {"type": "Point", "coordinates": [-93.5315, 43.4169]}}, {"type": "Feature", "properties": {"FID": 1840008097, "OBJECTID": 1840008097, "CITY_NAME": "Ely", "ADMIN_NAME": "Iowa", "CNTRY_NAME": "United States", "POP": 2033}, "geometry": {"type": "Point", "coordinates": [-91.5856, 41.8762]}}, {"type": "Feature", "properties": {"FID": 1840008045, "OBJECTID": 1840008045, "CITY_NAME": "Epworth", "ADMIN_NAME": "Iowa", "CNTRY_NAME": "United States", "POP": 1991}, "geometry": {"type": "Point", "coordinates": [-90.9314, 42.4465]}}, {"type": "Feature", "properties": {"FID": 1840010282, "OBJECTID": 1840010282, "CITY_NAME": "Wapello", "ADMIN_NAME": "Iowa", "CNTRY_NAME": "United States", "POP": 1935}, "geometry": {"type": "Point", "coordinates": [-91.1881, 41.1773]}}, {"type": "Feature", "properties": {"FID": 1840008281, "OBJECTID": 1840008281, "CITY_NAME": "Mediapolis", "ADMIN_NAME": "Iowa", "CNTRY_NAME": "United States", "POP": 1930}, "geometry": {"type": "Point", "coordinates": [-91.1636, 41.0079]}}, {"type": "Feature", "properties": {"FID": 1840009096, "OBJECTID": 1840009096, "CITY_NAME": "Peosta", "ADMIN_NAME": "Iowa", "CNTRY_NAME": "United States", "POP": 1922}, "geometry": {"type": "Point", "coordinates": [-90.8448, 42.4477]}}, {"type": "Feature", "properties": {"FID": 1840008158, "OBJECTID": 1840008158, "CITY_NAME": "Granger", "ADMIN_NAME": "Iowa", "CNTRY_NAME": "United States", "POP": 1919}, "geometry": {"type": "Point", "coordinates": [-93.8236, 41.7617]}}, {"type": "Feature", "properties": {"FID": 1840004340, "OBJECTID": 1840004340, "CITY_NAME": "Britt", "ADMIN_NAME": "Iowa", "CNTRY_NAME": "United States", "POP": 1919}, "geometry": {"type": "Point", "coordinates": [-93.803, 43.0986]}}, {"type": "Feature", "properties": {"FID": 1840008146, "OBJECTID": 1840008146, "CITY_NAME": "Durant", "ADMIN_NAME": "Iowa", "CNTRY_NAME": "United States", "POP": 1904}, "geometry": {"type": "Point", "coordinates": [-90.9138, 41.6011]}}, {"type": "Feature", "properties": {"FID": 1840006957, "OBJECTID": 1840006957, "CITY_NAME": "Ida Grove", "ADMIN_NAME": "Iowa", "CNTRY_NAME": "United States", "POP": 1904}, "geometry": {"type": "Point", "coordinates": [-95.4733, 42.3439]}}, {"type": "Feature", "properties": {"FID": 1840008120, "OBJECTID": 1840008120, "CITY_NAME": "Ogden", "ADMIN_NAME": "Iowa", "CNTRY_NAME": "United States", "POP": 1902}, "geometry": {"type": "Point", "coordinates": [-94.0282, 42.0395]}}, {"type": "Feature", "properties": {"FID": 1840009072, "OBJECTID": 1840009072, "CITY_NAME": "Remsen", "ADMIN_NAME": "Iowa", "CNTRY_NAME": "United States", "POP": 1897}, "geometry": {"type": "Point", "coordinates": [-95.9727, 42.8159]}}, {"type": "Feature", "properties": {"FID": 1840010193, "OBJECTID": 1840010193, "CITY_NAME": "Walcott", "ADMIN_NAME": "Iowa", "CNTRY_NAME": "United States", "POP": 1895}, "geometry": {"type": "Point", "coordinates": [-90.7744, 41.5989]}}, {"type": "Feature", "properties": {"FID": 1840009294, "OBJECTID": 1840009294, "CITY_NAME": "Pleasantville", "ADMIN_NAME": "Iowa", "CNTRY_NAME": "United States", "POP": 1883}, "geometry": {"type": "Point", "coordinates": [-93.2731, 41.3868]}}, {"type": "Feature", "properties": {"FID": 1840007080, "OBJECTID": 1840007080, "CITY_NAME": "Blue Grass", "ADMIN_NAME": "Iowa", "CNTRY_NAME": "United States", "POP": 1867}, "geometry": {"type": "Point", "coordinates": [-90.7669, 41.5102]}}, {"type": "Feature", "properties": {"FID": 1840009284, "OBJECTID": 1840009284, "CITY_NAME": "Sigourney", "ADMIN_NAME": "Iowa", "CNTRY_NAME": "United States", "POP": 1866}, "geometry": {"type": "Point", "coordinates": [-92.2044, 41.334]}}, {"type": "Feature", "properties": {"FID": 1840152727, "OBJECTID": 1840152727, "CITY_NAME": "Kent Estates", "ADMIN_NAME": "Iowa", "CNTRY_NAME": "United States", "POP": 1863}, "geometry": {"type": "Point", "coordinates": [-91.0569, 41.4665]}}, {"type": "Feature", "properties": {"FID": 1840008065, "OBJECTID": 1840008065, "CITY_NAME": "Moville", "ADMIN_NAME": "Iowa", "CNTRY_NAME": "United States", "POP": 1840}, "geometry": {"type": "Point", "coordinates": [-96.068, 42.4903]}}, {"type": "Feature", "properties": {"FID": 1840008238, "OBJECTID": 1840008238, "CITY_NAME": "Greenfield", "ADMIN_NAME": "Iowa", "CNTRY_NAME": "United States", "POP": 1826}, "geometry": {"type": "Point", "coordinates": [-94.4593, 41.3057]}}, {"type": "Feature", "properties": {"FID": 1840008046, "OBJECTID": 1840008046, "CITY_NAME": "Farley", "ADMIN_NAME": "Iowa", "CNTRY_NAME": "United States", "POP": 1809}, "geometry": {"type": "Point", "coordinates": [-91.0093, 42.4438]}}, {"type": "Feature", "properties": {"FID": 1840009128, "OBJECTID": 1840009128, "CITY_NAME": "Reinbeck", "ADMIN_NAME": "Iowa", "CNTRY_NAME": "United States", "POP": 1805}, "geometry": {"type": "Point", "coordinates": [-92.5942, 42.3225]}}, {"type": "Feature", "properties": {"FID": 1840001005, "OBJECTID": 1840001005, "CITY_NAME": "Leon", "ADMIN_NAME": "Iowa", "CNTRY_NAME": "United States", "POP": 1795}, "geometry": {"type": "Point", "coordinates": [-93.7547, 40.7407]}}, {"type": "Feature", "properties": {"FID": 1840009144, "OBJECTID": 1840009144, "CITY_NAME": "Lisbon", "ADMIN_NAME": "Iowa", "CNTRY_NAME": "United States", "POP": 1782}, "geometry": {"type": "Point", "coordinates": [-91.3916, 41.9205]}}, {"type": "Feature", "properties": {"FID": 1840009113, "OBJECTID": 1840009113, "CITY_NAME": "Sac City", "ADMIN_NAME": "Iowa", "CNTRY_NAME": "United States", "POP": 1782}, "geometry": {"type": "Point", "coordinates": [-94.9978, 42.4216]}}, {"type": "Feature", "properties": {"FID": 1840009088, "OBJECTID": 1840009088, "CITY_NAME": "Parkersburg", "ADMIN_NAME": "Iowa", "CNTRY_NAME": "United States", "POP": 1747}, "geometry": {"type": "Point", "coordinates": [-92.7785, 42.5739]}}, {"type": "Feature", "properties": {"FID": 1840001003, "OBJECTID": 1840001003, "CITY_NAME": "Mount Ayr", "ADMIN_NAME": "Iowa", "CNTRY_NAME": "United States", "POP": 1739}, "geometry": {"type": "Point", "coordinates": [-94.2375, 40.7141]}}, {"type": "Feature", "properties": {"FID": 1840006891, "OBJECTID": 1840006891, "CITY_NAME": "Guttenberg", "ADMIN_NAME": "Iowa", "CNTRY_NAME": "United States", "POP": 1675}, "geometry": {"type": "Point", "coordinates": [-91.1058, 42.7885]}}, {"type": "Feature", "properties": {"FID": 1840006896, "OBJECTID": 1840006896, "CITY_NAME": "Akron", "ADMIN_NAME": "Iowa", "CNTRY_NAME": "United States", "POP": 1660}, "geometry": {"type": "Point", "coordinates": [-96.5572, 42.8268]}}, {"type": "Feature", "properties": {"FID": 1840009116, "OBJECTID": 1840009116, "CITY_NAME": "Manson", "ADMIN_NAME": "Iowa", "CNTRY_NAME": "United States", "POP": 1653}, "geometry": {"type": "Point", "coordinates": [-94.54, 42.5287]}}, {"type": "Feature", "properties": {"FID": 1840000448, "OBJECTID": 1840000448, "CITY_NAME": "Lake City", "ADMIN_NAME": "Iowa", "CNTRY_NAME": "United States", "POP": 1652}, "geometry": {"type": "Point", "coordinates": [-94.7311, 42.2677]}}, {"type": "Feature", "properties": {"FID": 1840009224, "OBJECTID": 1840009224, "CITY_NAME": "Prairie City", "ADMIN_NAME": "Iowa", "CNTRY_NAME": "United States", "POP": 1649}, "geometry": {"type": "Point", "coordinates": [-93.2393, 41.5954]}}, {"type": "Feature", "properties": {"FID": 1840009296, "OBJECTID": 1840009296, "CITY_NAME": "Stuart", "ADMIN_NAME": "Iowa", "CNTRY_NAME": "United States", "POP": 1642}, "geometry": {"type": "Point", "coordinates": [-94.3182, 41.5004]}}, {"type": "Feature", "properties": {"FID": 1840007997, "OBJECTID": 1840007997, "CITY_NAME": "Nashua", "ADMIN_NAME": "Iowa", "CNTRY_NAME": "United States", "POP": 1634}, "geometry": {"type": "Point", "coordinates": [-92.5417, 42.9503]}}, {"type": "Feature", "properties": {"FID": 1840009087, "OBJECTID": 1840009087, "CITY_NAME": "Shell Rock", "ADMIN_NAME": "Iowa", "CNTRY_NAME": "United States", "POP": 1634}, "geometry": {"type": "Point", "coordinates": [-92.5816, 42.7126]}}, {"type": "Feature", "properties": {"FID": 1840010123, "OBJECTID": 1840010123, "CITY_NAME": "Urbana", "ADMIN_NAME": "Iowa", "CNTRY_NAME": "United States", "POP": 1628}, "geometry": {"type": "Point", "coordinates": [-91.8867, 42.2286]}}, {"type": "Feature", "properties": {"FID": 1840008018, "OBJECTID": 1840008018, "CITY_NAME": "Monona", "ADMIN_NAME": "Iowa", "CNTRY_NAME": "United States", "POP": 1618}, "geometry": {"type": "Point", "coordinates": [-91.391, 43.0504]}}, {"type": "Feature", "properties": {"FID": 1840007075, "OBJECTID": 1840007075, "CITY_NAME": "Guthrie Center", "ADMIN_NAME": "Iowa", "CNTRY_NAME": "United States", "POP": 1603}, "geometry": {"type": "Point", "coordinates": [-94.4991, 41.6779]}}, {"type": "Feature", "properties": {"FID": 1840006876, "OBJECTID": 1840006876, "CITY_NAME": "Hartley", "ADMIN_NAME": "Iowa", "CNTRY_NAME": "United States", "POP": 1588}, "geometry": {"type": "Point", "coordinates": [-95.4768, 43.1791]}}, {"type": "Feature", "properties": {"FID": 1840008101, "OBJECTID": 1840008101, "CITY_NAME": "Dysart", "ADMIN_NAME": "Iowa", "CNTRY_NAME": "United States", "POP": 1575}, "geometry": {"type": "Point", "coordinates": [-92.3091, 42.1721]}}, {"type": "Feature", "properties": {"FID": 1840007156, "OBJECTID": 1840007156, "CITY_NAME": "Corning", "ADMIN_NAME": "Iowa", "CNTRY_NAME": "United States", "POP": 1573}, "geometry": {"type": "Point", "coordinates": [-94.7397, 40.9923]}}, {"type": "Feature", "properties": {"FID": 1840007200, "OBJECTID": 1840007200, "CITY_NAME": "Corydon", "ADMIN_NAME": "Iowa", "CNTRY_NAME": "United States", "POP": 1566}, "geometry": {"type": "Point", "coordinates": [-93.3175, 40.7577]}}, {"type": "Feature", "properties": {"FID": 1840004799, "OBJECTID": 1840004799, "CITY_NAME": "Brooklyn", "ADMIN_NAME": "Iowa", "CNTRY_NAME": "United States", "POP": 1565}, "geometry": {"type": "Point", "coordinates": [-92.445, 41.732]}}, {"type": "Feature", "properties": {"FID": 1840006960, "OBJECTID": 1840006960, "CITY_NAME": "Ackley", "ADMIN_NAME": "Iowa", "CNTRY_NAME": "United States", "POP": 1554}, "geometry": {"type": "Point", "coordinates": [-93.0528, 42.5519]}}, {"type": "Feature", "properties": {"FID": 1840006956, "OBJECTID": 1840006956, "CITY_NAME": "Holstein", "ADMIN_NAME": "Iowa", "CNTRY_NAME": "United States", "POP": 1552}, "geometry": {"type": "Point", "coordinates": [-95.5428, 42.487]}}, {"type": "Feature", "properties": {"FID": 1840009158, "OBJECTID": 1840009158, "CITY_NAME": "State Center", "ADMIN_NAME": "Iowa", "CNTRY_NAME": "United States", "POP": 1548}, "geometry": {"type": "Point", "coordinates": [-93.1653, 42.0148]}}, {"type": "Feature", "properties": {"FID": 1840010256, "OBJECTID": 1840010256, "CITY_NAME": "Wellman", "ADMIN_NAME": "Iowa", "CNTRY_NAME": "United States", "POP": 1539}, "geometry": {"type": "Point", "coordinates": [-91.8353, 41.4693]}}, {"type": "Feature", "properties": {"FID": 1840009079, "OBJECTID": 1840009079, "CITY_NAME": "Pocahontas", "ADMIN_NAME": "Iowa", "CNTRY_NAME": "United States", "POP": 1536}, "geometry": {"type": "Point", "coordinates": [-94.666, 42.737]}}, {"type": "Feature", "properties": {"FID": 1840009226, "OBJECTID": 1840009226, "CITY_NAME": "Panora", "ADMIN_NAME": "Iowa", "CNTRY_NAME": "United States", "POP": 1520}, "geometry": {"type": "Point", "coordinates": [-94.3639, 41.6911]}}, {"type": "Feature", "properties": {"FID": 1840009050, "OBJECTID": 1840009050, "CITY_NAME": "Sanborn", "ADMIN_NAME": "Iowa", "CNTRY_NAME": "United States", "POP": 1510}, "geometry": {"type": "Point", "coordinates": [-95.6554, 43.1814]}}, {"type": "Feature", "properties": {"FID": 1840008057, "OBJECTID": 1840008057, "CITY_NAME": "Fairbank", "ADMIN_NAME": "Iowa", "CNTRY_NAME": "United States", "POP": 1509}, "geometry": {"type": "Point", "coordinates": [-92.0477, 42.6401]}}, {"type": "Feature", "properties": {"FID": 1840008232, "OBJECTID": 1840008232, "CITY_NAME": "Oakland", "ADMIN_NAME": "Iowa", "CNTRY_NAME": "United States", "POP": 1500}, "geometry": {"type": "Point", "coordinates": [-95.3951, 41.3115]}}, {"type": "Feature", "properties": {"FID": 1840009174, "OBJECTID": 1840009174, "CITY_NAME": "Slater", "ADMIN_NAME": "Iowa", "CNTRY_NAME": "United States", "POP": 1498}, "geometry": {"type": "Point", "coordinates": [-93.6911, 41.8807]}}, {"type": "Feature", "properties": {"FID": 1840008302, "OBJECTID": 1840008302, "CITY_NAME": "Lenox", "ADMIN_NAME": "Iowa", "CNTRY_NAME": "United States", "POP": 1474}, "geometry": {"type": "Point", "coordinates": [-94.5583, 40.8835]}}, {"type": "Feature", "properties": {"FID": 1840000491, "OBJECTID": 1840000491, "CITY_NAME": "Manning", "ADMIN_NAME": "Iowa", "CNTRY_NAME": "United States", "POP": 1474}, "geometry": {"type": "Point", "coordinates": [-95.0643, 41.9092]}}, {"type": "Feature", "properties": {"FID": 1840010180, "OBJECTID": 1840010180, "CITY_NAME": "Van Meter", "ADMIN_NAME": "Iowa", "CNTRY_NAME": "United States", "POP": 1469}, "geometry": {"type": "Point", "coordinates": [-93.9426, 41.5192]}}, {"type": "Feature", "properties": {"FID": 1840010128, "OBJECTID": 1840010128, "CITY_NAME": "Traer", "ADMIN_NAME": "Iowa", "CNTRY_NAME": "United States", "POP": 1464}, "geometry": {"type": "Point", "coordinates": [-92.4639, 42.1895]}}, {"type": "Feature", "properties": {"FID": 1840009176, "OBJECTID": 1840009176, "CITY_NAME": "Roland", "ADMIN_NAME": "Iowa", "CNTRY_NAME": "United States", "POP": 1458}, "geometry": {"type": "Point", "coordinates": [-93.5028, 42.1661]}}, {"type": "Feature", "properties": {"FID": 1840008021, "OBJECTID": 1840008021, "CITY_NAME": "Kingsley", "ADMIN_NAME": "Iowa", "CNTRY_NAME": "United States", "POP": 1427}, "geometry": {"type": "Point", "coordinates": [-95.9679, 42.5864]}}, {"type": "Feature", "properties": {"FID": 1840010177, "OBJECTID": 1840010177, "CITY_NAME": "Woodbine", "ADMIN_NAME": "Iowa", "CNTRY_NAME": "United States", "POP": 1418}, "geometry": {"type": "Point", "coordinates": [-95.7078, 41.7352]}}, {"type": "Feature", "properties": {"FID": 1840009066, "OBJECTID": 1840009066, "CITY_NAME": "Strawberry Point", "ADMIN_NAME": "Iowa", "CNTRY_NAME": "United States", "POP": 1415}, "geometry": {"type": "Point", "coordinates": [-91.5349, 42.6805]}}, {"type": "Feature", "properties": {"FID": 1840000891, "OBJECTID": 1840000891, "CITY_NAME": "Malvern", "ADMIN_NAME": "Iowa", "CNTRY_NAME": "United States", "POP": 1415}, "geometry": {"type": "Point", "coordinates": [-95.5842, 41.0038]}}, {"type": "Feature", "properties": {"FID": 1840008221, "OBJECTID": 1840008221, "CITY_NAME": "Earlham", "ADMIN_NAME": "Iowa", "CNTRY_NAME": "United States", "POP": 1406}, "geometry": {"type": "Point", "coordinates": [-94.122, 41.4943]}}, {"type": "Feature", "properties": {"FID": 1840006999, "OBJECTID": 1840006999, "CITY_NAME": "Coon Rapids", "ADMIN_NAME": "Iowa", "CNTRY_NAME": "United States", "POP": 1403}, "geometry": {"type": "Point", "coordinates": [-94.6785, 41.8747]}}, {"type": "Feature", "properties": {"FID": 1840008004, "OBJECTID": 1840008004, "CITY_NAME": "Nora Springs", "ADMIN_NAME": "Iowa", "CNTRY_NAME": "United States", "POP": 1394}, "geometry": {"type": "Point", "coordinates": [-93.0093, 43.1445]}}, {"type": "Feature", "properties": {"FID": 1840008038, "OBJECTID": 1840008038, "CITY_NAME": "Greene", "ADMIN_NAME": "Iowa", "CNTRY_NAME": "United States", "POP": 1390}, "geometry": {"type": "Point", "coordinates": [-92.8041, 42.8968]}}, {"type": "Feature", "properties": {"FID": 1840007188, "OBJECTID": 1840007188, "CITY_NAME": "Bedford", "ADMIN_NAME": "Iowa", "CNTRY_NAME": "United States", "POP": 1389}, "geometry": {"type": "Point", "coordinates": [-94.724, 40.6711]}}, {"type": "Feature", "properties": {"FID": 1840007121, "OBJECTID": 1840007121, "CITY_NAME": "Avoca", "ADMIN_NAME": "Iowa", "CNTRY_NAME": "United States", "POP": 1369}, "geometry": {"type": "Point", "coordinates": [-95.3373, 41.4828]}}, {"type": "Feature", "properties": {"FID": 1840009205, "OBJECTID": 1840009205, "CITY_NAME": "Logan", "ADMIN_NAME": "Iowa", "CNTRY_NAME": "United States", "POP": 1362}, "geometry": {"type": "Point", "coordinates": [-95.7914, 41.6454]}}, {"type": "Feature", "properties": {"FID": 1840006869, "OBJECTID": 1840006869, "CITY_NAME": "Alton", "ADMIN_NAME": "Iowa", "CNTRY_NAME": "United States", "POP": 1350}, "geometry": {"type": "Point", "coordinates": [-96.0094, 42.9876]}}, {"type": "Feature", "properties": {"FID": 1840010265, "OBJECTID": 1840010265, "CITY_NAME": "Walnut", "ADMIN_NAME": "Iowa", "CNTRY_NAME": "United States", "POP": 1339}, "geometry": {"type": "Point", "coordinates": [-95.2197, 41.4894]}}, {"type": "Feature", "properties": {"FID": 1840010125, "OBJECTID": 1840010125, "CITY_NAME": "Walford", "ADMIN_NAME": "Iowa", "CNTRY_NAME": "United States", "POP": 1318}, "geometry": {"type": "Point", "coordinates": [-91.8306, 41.8799]}}, {"type": "Feature", "properties": {"FID": 1840008150, "OBJECTID": 1840008150, "CITY_NAME": "Dunlap", "ADMIN_NAME": "Iowa", "CNTRY_NAME": "United States", "POP": 1318}, "geometry": {"type": "Point", "coordinates": [-95.6009, 41.8523]}}, {"type": "Feature", "properties": {"FID": 1840008122, "OBJECTID": 1840008122, "CITY_NAME": "Gilbert", "ADMIN_NAME": "Iowa", "CNTRY_NAME": "United States", "POP": 1300}, "geometry": {"type": "Point", "coordinates": [-93.6461, 42.1062]}}, {"type": "Feature", "properties": {"FID": 1840009028, "OBJECTID": 1840009028, "CITY_NAME": "Manly", "ADMIN_NAME": "Iowa", "CNTRY_NAME": "United States", "POP": 1288}, "geometry": {"type": "Point", "coordinates": [-93.2008, 43.2883]}}, {"type": "Feature", "properties": {"FID": 1840009227, "OBJECTID": 1840009227, "CITY_NAME": "Lone Tree", "ADMIN_NAME": "Iowa", "CNTRY_NAME": "United States", "POP": 1285}, "geometry": {"type": "Point", "coordinates": [-91.4267, 41.4859]}}, {"type": "Feature", "properties": {"FID": 1840006986, "OBJECTID": 1840006986, "CITY_NAME": "Central City", "ADMIN_NAME": "Iowa", "CNTRY_NAME": "United States", "POP": 1266}, "geometry": {"type": "Point", "coordinates": [-91.5247, 42.2023]}}, {"type": "Feature", "properties": {"FID": 1840006967, "OBJECTID": 1840006967, "CITY_NAME": "Dike", "ADMIN_NAME": "Iowa", "CNTRY_NAME": "United States", "POP": 1258}, "geometry": {"type": "Point", "coordinates": [-92.6255, 42.4641]}}, {"type": "Feature", "properties": {"FID": 1840008167, "OBJECTID": 1840008167, "CITY_NAME": "Montezuma", "ADMIN_NAME": "Iowa", "CNTRY_NAME": "United States", "POP": 1257}, "geometry": {"type": "Point", "coordinates": [-92.5276, 41.5834]}}, {"type": "Feature", "properties": {"FID": 1840010088, "OBJECTID": 1840010088, "CITY_NAME": "Tripoli", "ADMIN_NAME": "Iowa", "CNTRY_NAME": "United States", "POP": 1256}, "geometry": {"type": "Point", "coordinates": [-92.2578, 42.8083]}}, {"type": "Feature", "properties": {"FID": 1840007071, "OBJECTID": 1840007071, "CITY_NAME": "Baxter", "ADMIN_NAME": "Iowa", "CNTRY_NAME": "United States", "POP": 1251}, "geometry": {"type": "Point", "coordinates": [-93.1525, 41.8252]}}, {"type": "Feature", "properties": {"FID": 1840008009, "OBJECTID": 1840008009, "CITY_NAME": "Elkader", "ADMIN_NAME": "Iowa", "CNTRY_NAME": "United States", "POP": 1249}, "geometry": {"type": "Point", "coordinates": [-91.4028, 42.8574]}}, {"type": "Feature", "properties": {"FID": 1840006912, "OBJECTID": 1840006912, "CITY_NAME": "Clarksville", "ADMIN_NAME": "Iowa", "CNTRY_NAME": "United States", "POP": 1248}, "geometry": {"type": "Point", "coordinates": [-92.668, 42.7798]}}, {"type": "Feature", "properties": {"FID": 1840000389, "OBJECTID": 1840000389, "CITY_NAME": "Fayette", "ADMIN_NAME": "Iowa", "CNTRY_NAME": "United States", "POP": 1242}, "geometry": {"type": "Point", "coordinates": [-91.8038, 42.8417]}}, {"type": "Feature", "properties": {"FID": 1840008025, "OBJECTID": 1840008025, "CITY_NAME": "Marcus", "ADMIN_NAME": "Iowa", "CNTRY_NAME": "United States", "POP": 1236}, "geometry": {"type": "Point", "coordinates": [-95.8068, 42.8224]}}, {"type": "Feature", "properties": {"FID": 1840008030, "OBJECTID": 1840008030, "CITY_NAME": "Laurens", "ADMIN_NAME": "Iowa", "CNTRY_NAME": "United States", "POP": 1234}, "geometry": {"type": "Point", "coordinates": [-94.848, 42.8475]}}, {"type": "Feature", "properties": {"FID": 1840010190, "OBJECTID": 1840010190, "CITY_NAME": "University Heights", "ADMIN_NAME": "Iowa", "CNTRY_NAME": "United States", "POP": 1232}, "geometry": {"type": "Point", "coordinates": [-91.5589, 41.6551]}}, {"type": "Feature", "properties": {"FID": 1840010263, "OBJECTID": 1840010263, "CITY_NAME": "Treynor", "ADMIN_NAME": "Iowa", "CNTRY_NAME": "United States", "POP": 1228}, "geometry": {"type": "Point", "coordinates": [-95.6063, 41.232]}}, {"type": "Feature", "properties": {"FID": 1840008228, "OBJECTID": 1840008228, "CITY_NAME": "Melcher-Dallas", "ADMIN_NAME": "Iowa", "CNTRY_NAME": "United States", "POP": 1228}, "geometry": {"type": "Point", "coordinates": [-93.2416, 41.227]}}, {"type": "Feature", "properties": {"FID": 1840007047, "OBJECTID": 1840007047, "CITY_NAME": "Clarence", "ADMIN_NAME": "Iowa", "CNTRY_NAME": "United States", "POP": 1223}, "geometry": {"type": "Point", "coordinates": [-91.0581, 41.8858]}}, {"type": "Feature", "properties": {"FID": 1840009145, "OBJECTID": 1840009145, "CITY_NAME": "Springville", "ADMIN_NAME": "Iowa", "CNTRY_NAME": "United States", "POP": 1210}, "geometry": {"type": "Point", "coordinates": [-91.4542, 42.047]}}, {"type": "Feature", "properties": {"FID": 1840000402, "OBJECTID": 1840000402, "CITY_NAME": "Sheffield", "ADMIN_NAME": "Iowa", "CNTRY_NAME": "United States", "POP": 1204}, "geometry": {"type": "Point", "coordinates": [-93.2086, 42.8928]}}, {"type": "Feature", "properties": {"FID": 1840007961, "OBJECTID": 1840007961, "CITY_NAME": "Lake Park", "ADMIN_NAME": "Iowa", "CNTRY_NAME": "United States", "POP": 1191}, "geometry": {"type": "Point", "coordinates": [-95.3261, 43.4468]}}, {"type": "Feature", "properties": {"FID": 1840009146, "OBJECTID": 1840009146, "CITY_NAME": "Palo", "ADMIN_NAME": "Iowa", "CNTRY_NAME": "United States", "POP": 1173}, "geometry": {"type": "Point", "coordinates": [-91.8005, 42.0649]}}, {"type": "Feature", "properties": {"FID": 1840006963, "OBJECTID": 1840006963, "CITY_NAME": "Conrad", "ADMIN_NAME": "Iowa", "CNTRY_NAME": "United States", "POP": 1170}, "geometry": {"type": "Point", "coordinates": [-92.8741, 42.2234]}}, {"type": "Feature", "properties": {"FID": 1840009033, "OBJECTID": 1840009033, "CITY_NAME": "St. Ansgar", "ADMIN_NAME": "Iowa", "CNTRY_NAME": "United States", "POP": 1156}, "geometry": {"type": "Point", "coordinates": [-92.9178, 43.3799]}}, {"type": "Feature", "properties": {"FID": 1840008116, "OBJECTID": 1840008116, "CITY_NAME": "Glidden", "ADMIN_NAME": "Iowa", "CNTRY_NAME": "United States", "POP": 1153}, "geometry": {"type": "Point", "coordinates": [-94.7266, 42.0577]}}, {"type": "Feature", "properties": {"FID": 1840008224, "OBJECTID": 1840008224, "CITY_NAME": "New Sharon", "ADMIN_NAME": "Iowa", "CNTRY_NAME": "United States", "POP": 1147}, "geometry": {"type": "Point", "coordinates": [-92.651, 41.4701]}}, {"type": "Feature", "properties": {"FID": 1840010313, "OBJECTID": 1840010313, "CITY_NAME": "Wayland", "ADMIN_NAME": "Iowa", "CNTRY_NAME": "United States", "POP": 1140}, "geometry": {"type": "Point", "coordinates": [-91.6575, 41.1484]}}, {"type": "Feature", "properties": {"FID": 1840007978, "OBJECTID": 1840007978, "CITY_NAME": "Lansing", "ADMIN_NAME": "Iowa", "CNTRY_NAME": "United States", "POP": 1111}, "geometry": {"type": "Point", "coordinates": [-91.2256, 43.3602]}}, {"type": "Feature", "properties": {"FID": 1840008201, "OBJECTID": 1840008201, "CITY_NAME": "Fruitland", "ADMIN_NAME": "Iowa", "CNTRY_NAME": "United States", "POP": 1107}, "geometry": {"type": "Point", "coordinates": [-91.1288, 41.3475]}}, {"type": "Feature", "properties": {"FID": 1840008231, "OBJECTID": 1840008231, "CITY_NAME": "Neola", "ADMIN_NAME": "Iowa", "CNTRY_NAME": "United States", "POP": 1098}, "geometry": {"type": "Point", "coordinates": [-95.6173, 41.4498]}}, {"type": "Feature", "properties": {"FID": 1840009223, "OBJECTID": 1840009223, "CITY_NAME": "Sully", "ADMIN_NAME": "Iowa", "CNTRY_NAME": "United States", "POP": 1092}, "geometry": {"type": "Point", "coordinates": [-92.8468, 41.578]}}, {"type": "Feature", "properties": {"FID": 1840007078, "OBJECTID": 1840007078, "CITY_NAME": "Buffalo", "ADMIN_NAME": "Iowa", "CNTRY_NAME": "United States", "POP": 1090}, "geometry": {"type": "Point", "coordinates": [-90.717, 41.4666]}}, {"type": "Feature", "properties": {"FID": 1840008267, "OBJECTID": 1840008267, "CITY_NAME": "Eddyville", "ADMIN_NAME": "Iowa", "CNTRY_NAME": "United States", "POP": 1085}, "geometry": {"type": "Point", "coordinates": [-92.6304, 41.1593]}}, {"type": "Feature", "properties": {"FID": 1840010097, "OBJECTID": 1840010097, "CITY_NAME": "Winthrop", "ADMIN_NAME": "Iowa", "CNTRY_NAME": "United States", "POP": 1081}, "geometry": {"type": "Point", "coordinates": [-91.7375, 42.4708]}}, {"type": "Feature", "properties": {"FID": 1840007974, "OBJECTID": 1840007974, "CITY_NAME": "Larchwood", "ADMIN_NAME": "Iowa", "CNTRY_NAME": "United States", "POP": 1076}, "geometry": {"type": "Point", "coordinates": [-96.4363, 43.4547]}}, {"type": "Feature", "properties": {"FID": 1840010315, "OBJECTID": 1840010315, "CITY_NAME": "Winfield", "ADMIN_NAME": "Iowa", "CNTRY_NAME": "United States", "POP": 1065}, "geometry": {"type": "Point", "coordinates": [-91.4381, 41.1259]}}, {"type": "Feature", "properties": {"FID": 1840009230, "OBJECTID": 1840009230, "CITY_NAME": "Swisher", "ADMIN_NAME": "Iowa", "CNTRY_NAME": "United States", "POP": 1064}, "geometry": {"type": "Point", "coordinates": [-91.6938, 41.8442]}}, {"type": "Feature", "properties": {"FID": 1840007124, "OBJECTID": 1840007124, "CITY_NAME": "Anita", "ADMIN_NAME": "Iowa", "CNTRY_NAME": "United States", "POP": 1060}, "geometry": {"type": "Point", "coordinates": [-94.766, 41.4437]}}, {"type": "Feature", "properties": {"FID": 1840009140, "OBJECTID": 1840009140, "CITY_NAME": "Preston", "ADMIN_NAME": "Iowa", "CNTRY_NAME": "United States", "POP": 1057}, "geometry": {"type": "Point", "coordinates": [-90.3971, 42.0492]}}, {"type": "Feature", "properties": {"FID": 1840007972, "OBJECTID": 1840007972, "CITY_NAME": "George", "ADMIN_NAME": "Iowa", "CNTRY_NAME": "United States", "POP": 1049}, "geometry": {"type": "Point", "coordinates": [-96.0034, 43.342]}}, {"type": "Feature", "properties": {"FID": 1840009280, "OBJECTID": 1840009280, "CITY_NAME": "Riverside", "ADMIN_NAME": "Iowa", "CNTRY_NAME": "United States", "POP": 1040}, "geometry": {"type": "Point", "coordinates": [-91.5567, 41.4893]}}, {"type": "Feature", "properties": {"FID": 1840007996, "OBJECTID": 1840007996, "CITY_NAME": "Fredericksburg", "ADMIN_NAME": "Iowa", "CNTRY_NAME": "United States", "POP": 1040}, "geometry": {"type": "Point", "coordinates": [-92.1965, 42.9648]}}, {"type": "Feature", "properties": {"FID": 1840007991, "OBJECTID": 1840007991, "CITY_NAME": "Graettinger", "ADMIN_NAME": "Iowa", "CNTRY_NAME": "United States", "POP": 1038}, "geometry": {"type": "Point", "coordinates": [-94.7504, 43.237]}}, {"type": "Feature", "properties": {"FID": 1840001000, "OBJECTID": 1840001000, "CITY_NAME": "Hamburg", "ADMIN_NAME": "Iowa", "CNTRY_NAME": "United States", "POP": 1034}, "geometry": {"type": "Point", "coordinates": [-95.6546, 40.6063]}}, {"type": "Feature", "properties": {"FID": 1840006913, "OBJECTID": 1840006913, "CITY_NAME": "Allison", "ADMIN_NAME": "Iowa", "CNTRY_NAME": "United States", "POP": 1028}, "geometry": {"type": "Point", "coordinates": [-92.7957, 42.752]}}, {"type": "Feature", "properties": {"FID": 1840008070, "OBJECTID": 1840008070, "CITY_NAME": "Lake View", "ADMIN_NAME": "Iowa", "CNTRY_NAME": "United States", "POP": 1021}, "geometry": {"type": "Point", "coordinates": [-95.041, 42.3046]}}, {"type": "Feature", "properties": {"FID": 1840007126, "OBJECTID": 1840007126, "CITY_NAME": "Griswold", "ADMIN_NAME": "Iowa", "CNTRY_NAME": "United States", "POP": 1020}, "geometry": {"type": "Point", "coordinates": [-95.1394, 41.2343]}}, {"type": "Feature", "properties": {"FID": 1840008306, "OBJECTID": 1840008306, "CITY_NAME": "Keosauqua", "ADMIN_NAME": "Iowa", "CNTRY_NAME": "United States", "POP": 1014}, "geometry": {"type": "Point", "coordinates": [-91.9604, 40.7347]}}, {"type": "Feature", "properties": {"FID": 1840008094, "OBJECTID": 1840008094, "CITY_NAME": "Newhall", "ADMIN_NAME": "Iowa", "CNTRY_NAME": "United States", "POP": 1012}, "geometry": {"type": "Point", "coordinates": [-91.9672, 41.9933]}}, {"type": "Feature", "properties": {"FID": 1840006914, "OBJECTID": 1840006914, "CITY_NAME": "Aplington", "ADMIN_NAME": "Iowa", "CNTRY_NAME": "United States", "POP": 1012}, "geometry": {"type": "Point", "coordinates": [-92.8835, 42.5819]}}, {"type": "Feature", "properties": {"FID": 1840008041, "OBJECTID": 1840008041, "CITY_NAME": "Janesville", "ADMIN_NAME": "Iowa", "CNTRY_NAME": "United States", "POP": 1012}, "geometry": {"type": "Point", "coordinates": [-92.4626, 42.6462]}}, {"type": "Feature", "properties": {"FID": 1840010318, "OBJECTID": 1840010318, "CITY_NAME": "Villisca", "ADMIN_NAME": "Iowa", "CNTRY_NAME": "United States", "POP": 1004}, "geometry": {"type": "Point", "coordinates": [-94.981, 40.9298]}}, {"type": "Feature", "properties": {"FID": 1840010182, "OBJECTID": 1840010182, "CITY_NAME": "Woodward", "ADMIN_NAME": "Iowa", "CNTRY_NAME": "United States", "POP": 1002}, "geometry": {"type": "Point", "coordinates": [-93.9207, 41.8528]}}, {"type": "Feature", "properties": {"FID": 1840006846, "OBJECTID": 1840006846, "CITY_NAME": "Buffalo Center", "ADMIN_NAME": "Iowa", "CNTRY_NAME": "United States", "POP": 1000}, "geometry": {"type": "Point", "coordinates": [-93.9428, 43.3894]}}, {"type": "Feature", "properties": {"FID": 1840008104, "OBJECTID": 1840008104, "CITY_NAME": "Gladbrook", "ADMIN_NAME": "Iowa", "CNTRY_NAME": "United States", "POP": 998}, "geometry": {"type": "Point", "coordinates": [-92.7151, 42.1861]}}, {"type": "Feature", "properties": {"FID": 1840009154, "OBJECTID": 1840009154, "CITY_NAME": "Mapleton", "ADMIN_NAME": "Iowa", "CNTRY_NAME": "United States", "POP": 997}, "geometry": {"type": "Point", "coordinates": [-95.7909, 42.1673]}}, {"type": "Feature", "properties": {"FID": 1840007159, "OBJECTID": 1840007159, "CITY_NAME": "Afton", "ADMIN_NAME": "Iowa", "CNTRY_NAME": "United States", "POP": 991}, "geometry": {"type": "Point", "coordinates": [-94.1953, 41.0276]}}, {"type": "Feature", "properties": {"FID": 1840006862, "OBJECTID": 1840006862, "CITY_NAME": "Calmar", "ADMIN_NAME": "Iowa", "CNTRY_NAME": "United States", "POP": 980}, "geometry": {"type": "Point", "coordinates": [-91.8679, 43.1811]}}, {"type": "Feature", "properties": {"FID": 1840010264, "OBJECTID": 1840010264, "CITY_NAME": "Underwood", "ADMIN_NAME": "Iowa", "CNTRY_NAME": "United States", "POP": 977}, "geometry": {"type": "Point", "coordinates": [-95.6821, 41.3807]}}, {"type": "Feature", "properties": {"FID": 1840008062, "OBJECTID": 1840008062, "CITY_NAME": "Elk Run Heights", "ADMIN_NAME": "Iowa", "CNTRY_NAME": "United States", "POP": 968}, "geometry": {"type": "Point", "coordinates": [-92.2502, 42.4662]}}, {"type": "Feature", "properties": {"FID": 1840007165, "OBJECTID": 1840007165, "CITY_NAME": "Danville", "ADMIN_NAME": "Iowa", "CNTRY_NAME": "United States", "POP": 966}, "geometry": {"type": "Point", "coordinates": [-91.3145, 40.8599]}}, {"type": "Feature", "properties": {"FID": 1840009049, "OBJECTID": 1840009049, "CITY_NAME": "Primghar", "ADMIN_NAME": "Iowa", "CNTRY_NAME": "United States", "POP": 965}, "geometry": {"type": "Point", "coordinates": [-95.6207, 43.0864]}}, {"type": "Feature", "properties": {"FID": 1840007016, "OBJECTID": 1840007016, "CITY_NAME": "Cambridge", "ADMIN_NAME": "Iowa", "CNTRY_NAME": "United States", "POP": 948}, "geometry": {"type": "Point", "coordinates": [-93.536, 41.9001]}}, {"type": "Feature", "properties": {"FID": 1840010178, "OBJECTID": 1840010178, "CITY_NAME": "Victor", "ADMIN_NAME": "Iowa", "CNTRY_NAME": "United States", "POP": 946}, "geometry": {"type": "Point", "coordinates": [-92.2949, 41.7306]}}, {"type": "Feature", "properties": {"FID": 1840006872, "OBJECTID": 1840006872, "CITY_NAME": "Hospers", "ADMIN_NAME": "Iowa", "CNTRY_NAME": "United States", "POP": 945}, "geometry": {"type": "Point", "coordinates": [-95.9039, 43.0722]}}, {"type": "Feature", "properties": {"FID": 1840007056, "OBJECTID": 1840007056, "CITY_NAME": "De Soto", "ADMIN_NAME": "Iowa", "CNTRY_NAME": "United States", "POP": 943}, "geometry": {"type": "Point", "coordinates": [-94.0103, 41.5371]}}, {"type": "Feature", "properties": {"FID": 1840009054, "OBJECTID": 1840009054, "CITY_NAME": "Rockwell", "ADMIN_NAME": "Iowa", "CNTRY_NAME": "United States", "POP": 942}, "geometry": {"type": "Point", "coordinates": [-93.1872, 42.98]}}, {"type": "Feature", "properties": {"FID": 1840009166, "OBJECTID": 1840009166, "CITY_NAME": "Schleswig", "ADMIN_NAME": "Iowa", "CNTRY_NAME": "United States", "POP": 940}, "geometry": {"type": "Point", "coordinates": [-95.4352, 42.1612]}}, {"type": "Feature", "properties": {"FID": 1840008223, "OBJECTID": 1840008223, "CITY_NAME": "Fremont", "ADMIN_NAME": "Iowa", "CNTRY_NAME": "United States", "POP": 937}, "geometry": {"type": "Point", "coordinates": [-92.4338, 41.2125]}}, {"type": "Feature", "properties": {"FID": 1840009383, "OBJECTID": 1840009383, "CITY_NAME": "Sidney", "ADMIN_NAME": "Iowa", "CNTRY_NAME": "United States", "POP": 935}, "geometry": {"type": "Point", "coordinates": [-95.6447, 40.7459]}}, {"type": "Feature", "properties": {"FID": 1840008023, "OBJECTID": 1840008023, "CITY_NAME": "Newell", "ADMIN_NAME": "Iowa", "CNTRY_NAME": "United States", "POP": 924}, "geometry": {"type": "Point", "coordinates": [-95.004, 42.6097]}}, {"type": "Feature", "properties": {"FID": 1840010162, "OBJECTID": 1840010162, "CITY_NAME": "Wheatland", "ADMIN_NAME": "Iowa", "CNTRY_NAME": "United States", "POP": 921}, "geometry": {"type": "Point", "coordinates": [-90.838, 41.8331]}}, {"type": "Feature", "properties": {"FID": 1840006849, "OBJECTID": 1840006849, "CITY_NAME": "Arnolds Park", "ADMIN_NAME": "Iowa", "CNTRY_NAME": "United States", "POP": 911}, "geometry": {"type": "Point", "coordinates": [-95.1264, 43.3602]}}, {"type": "Feature", "properties": {"FID": 1840001001, "OBJECTID": 1840001001, "CITY_NAME": "Tabor", "ADMIN_NAME": "Iowa", "CNTRY_NAME": "United States", "POP": 908}, "geometry": {"type": "Point", "coordinates": [-95.6736, 40.8949]}}, {"type": "Feature", "properties": {"FID": 1840008155, "OBJECTID": 1840008155, "CITY_NAME": "North English", "ADMIN_NAME": "Iowa", "CNTRY_NAME": "United States", "POP": 907}, "geometry": {"type": "Point", "coordinates": [-92.0777, 41.5168]}}, {"type": "Feature", "properties": {"FID": 1840008066, "OBJECTID": 1840008066, "CITY_NAME": "Lawton", "ADMIN_NAME": "Iowa", "CNTRY_NAME": "United States", "POP": 906}, "geometry": {"type": "Point", "coordinates": [-96.1851, 42.477]}}, {"type": "Feature", "properties": {"FID": 1840008147, "OBJECTID": 1840008147, "CITY_NAME": "Mechanicsville", "ADMIN_NAME": "Iowa", "CNTRY_NAME": "United States", "POP": 906}, "geometry": {"type": "Point", "coordinates": [-91.2536, 41.9056]}}, {"type": "Feature", "properties": {"FID": 1840026382, "OBJECTID": 1840026382, "CITY_NAME": "Beaverdale", "ADMIN_NAME": "Iowa", "CNTRY_NAME": "United States", "POP": 905}, "geometry": {"type": "Point", "coordinates": [-91.2072, 40.8539]}}, {"type": "Feature", "properties": {"FID": 1840008069, "OBJECTID": 1840008069, "CITY_NAME": "Odebolt", "ADMIN_NAME": "Iowa", "CNTRY_NAME": "United States", "POP": 905}, "geometry": {"type": "Point", "coordinates": [-95.2545, 42.3119]}}, {"type": "Feature", "properties": {"FID": 1840006902, "OBJECTID": 1840006902, "CITY_NAME": "Aurelia", "ADMIN_NAME": "Iowa", "CNTRY_NAME": "United States", "POP": 905}, "geometry": {"type": "Point", "coordinates": [-95.4368, 42.7131]}}, {"type": "Feature", "properties": {"FID": 1840008054, "OBJECTID": 1840008054, "CITY_NAME": "Gowrie", "ADMIN_NAME": "Iowa", "CNTRY_NAME": "United States", "POP": 894}, "geometry": {"type": "Point", "coordinates": [-94.2897, 42.2779]}}, {"type": "Feature", "properties": {"FID": 1840007077, "OBJECTID": 1840007077, "CITY_NAME": "Hills", "ADMIN_NAME": "Iowa", "CNTRY_NAME": "United States", "POP": 892}, "geometry": {"type": "Point", "coordinates": [-91.5362, 41.5569]}}, {"type": "Feature", "properties": {"FID": 1840009290, "OBJECTID": 1840009290, "CITY_NAME": "St. Charles", "ADMIN_NAME": "Iowa", "CNTRY_NAME": "United States", "POP": 891}, "geometry": {"type": "Point", "coordinates": [-93.8075, 41.2872]}}, {"type": "Feature", "properties": {"FID": 1840010056, "OBJECTID": 1840010056, "CITY_NAME": "West Bend", "ADMIN_NAME": "Iowa", "CNTRY_NAME": "United States", "POP": 889}, "geometry": {"type": "Point", "coordinates": [-94.4457, 42.96]}}, {"type": "Feature", "properties": {"FID": 1840000399, "OBJECTID": 1840000399, "CITY_NAME": "Dakota City", "ADMIN_NAME": "Iowa", "CNTRY_NAME": "United States", "POP": 887}, "geometry": {"type": "Point", "coordinates": [-94.1977, 42.7229]}}, {"type": "Feature", "properties": {"FID": 1840008020, "OBJECTID": 1840008020, "CITY_NAME": "Merrill", "ADMIN_NAME": "Iowa", "CNTRY_NAME": "United States", "POP": 885}, "geometry": {"type": "Point", "coordinates": [-96.2519, 42.7206]}}, {"type": "Feature", "properties": {"FID": 1840009106, "OBJECTID": 1840009106, "CITY_NAME": "Sloan", "ADMIN_NAME": "Iowa", "CNTRY_NAME": "United States", "POP": 884}, "geometry": {"type": "Point", "coordinates": [-96.2247, 42.2328]}}, {"type": "Feature", "properties": {"FID": 1840006897, "OBJECTID": 1840006897, "CITY_NAME": "Hinton", "ADMIN_NAME": "Iowa", "CNTRY_NAME": "United States", "POP": 881}, "geometry": {"type": "Point", "coordinates": [-96.2977, 42.6212]}}, {"type": "Feature", "properties": {"FID": 1840008298, "OBJECTID": 1840008298, "CITY_NAME": "Essex", "ADMIN_NAME": "Iowa", "CNTRY_NAME": "United States", "POP": 875}, "geometry": {"type": "Point", "coordinates": [-95.3038, 40.8327]}}, {"type": "Feature", "properties": {"FID": 1840009236, "OBJECTID": 1840009236, "CITY_NAME": "Princeton", "ADMIN_NAME": "Iowa", "CNTRY_NAME": "United States", "POP": 875}, "geometry": {"type": "Point", "coordinates": [-90.357, 41.672]}}, {"type": "Feature", "properties": {"FID": 1840008050, "OBJECTID": 1840008050, "CITY_NAME": "Earlville", "ADMIN_NAME": "Iowa", "CNTRY_NAME": "United States", "POP": 864}, "geometry": {"type": "Point", "coordinates": [-91.2702, 42.4827]}}, {"type": "Feature", "properties": {"FID": 1840007000, "OBJECTID": 1840007000, "CITY_NAME": "Arcadia", "ADMIN_NAME": "Iowa", "CNTRY_NAME": "United States", "POP": 859}, "geometry": {"type": "Point", "coordinates": [-95.0432, 42.0862]}}, {"type": "Feature", "properties": {"FID": 1840029594, "OBJECTID": 1840029594, "CITY_NAME": "Adair", "ADMIN_NAME": "Iowa", "CNTRY_NAME": "United States", "POP": 853}, "geometry": {"type": "Point", "coordinates": [-94.6434, 41.5004]}}, {"type": "Feature", "properties": {"FID": 1840009151, "OBJECTID": 1840009151, "CITY_NAME": "Olin", "ADMIN_NAME": "Iowa", "CNTRY_NAME": "United States", "POP": 849}, "geometry": {"type": "Point", "coordinates": [-91.1417, 41.9978]}}, {"type": "Feature", "properties": {"FID": 1840008005, "OBJECTID": 1840008005, "CITY_NAME": "Elgin", "ADMIN_NAME": "Iowa", "CNTRY_NAME": "United States", "POP": 848}, "geometry": {"type": "Point", "coordinates": [-91.6354, 42.9553]}}, {"type": "Feature", "properties": {"FID": 1840029702, "OBJECTID": 1840029702, "CITY_NAME": "Lake Panorama", "ADMIN_NAME": "Iowa", "CNTRY_NAME": "United States", "POP": 844}, "geometry": {"type": "Point", "coordinates": [-94.4026, 41.7199]}}, {"type": "Feature", "properties": {"FID": 1840009048, "OBJECTID": 1840009048, "CITY_NAME": "Paullina", "ADMIN_NAME": "Iowa", "CNTRY_NAME": "United States", "POP": 843}, "geometry": {"type": "Point", "coordinates": [-95.6835, 42.9798]}}, {"type": "Feature", "properties": {"FID": 1840009105, "OBJECTID": 1840009105, "CITY_NAME": "Raymond", "ADMIN_NAME": "Iowa", "CNTRY_NAME": "United States", "POP": 843}, "geometry": {"type": "Point", "coordinates": [-92.2297, 42.4694]}}, {"type": "Feature", "properties": {"FID": 1840007973, "OBJECTID": 1840007973, "CITY_NAME": "Inwood", "ADMIN_NAME": "Iowa", "CNTRY_NAME": "United States", "POP": 841}, "geometry": {"type": "Point", "coordinates": [-96.4344, 43.3092]}}, {"type": "Feature", "properties": {"FID": 1840010373, "OBJECTID": 1840010373, "CITY_NAME": "West Point", "ADMIN_NAME": "Iowa", "CNTRY_NAME": "United States", "POP": 841}, "geometry": {"type": "Point", "coordinates": [-91.4527, 40.7145]}}, {"type": "Feature", "properties": {"FID": 1840010133, "OBJECTID": 1840010133, "CITY_NAME": "Whiting", "ADMIN_NAME": "Iowa", "CNTRY_NAME": "United States", "POP": 840}, "geometry": {"type": "Point", "coordinates": [-96.1507, 42.1272]}}, {"type": "Feature", "properties": {"FID": 1840009061, "OBJECTID": 1840009061, "CITY_NAME": "Rockford", "ADMIN_NAME": "Iowa", "CNTRY_NAME": "United States", "POP": 833}, "geometry": {"type": "Point", "coordinates": [-92.9477, 43.0524]}}, {"type": "Feature", "properties": {"FID": 1840009041, "OBJECTID": 1840009041, "CITY_NAME": "Ossian", "ADMIN_NAME": "Iowa", "CNTRY_NAME": "United States", "POP": 833}, "geometry": {"type": "Point", "coordinates": [-91.7645, 43.147]}}, {"type": "Feature", "properties": {"FID": 1840000396, "OBJECTID": 1840000396, "CITY_NAME": "Sioux Rapids", "ADMIN_NAME": "Iowa", "CNTRY_NAME": "United States", "POP": 831}, "geometry": {"type": "Point", "coordinates": [-95.1484, 42.8916]}}, {"type": "Feature", "properties": {"FID": 1840008037, "OBJECTID": 1840008037, "CITY_NAME": "Dumont", "ADMIN_NAME": "Iowa", "CNTRY_NAME": "United States", "POP": 829}, "geometry": {"type": "Point", "coordinates": [-92.9736, 42.7522]}}, {"type": "Feature", "properties": {"FID": 1840007109, "OBJECTID": 1840007109, "CITY_NAME": "Hedrick", "ADMIN_NAME": "Iowa", "CNTRY_NAME": "United States", "POP": 826}, "geometry": {"type": "Point", "coordinates": [-92.3079, 41.1713]}}, {"type": "Feature", "properties": {"FID": 1840008096, "OBJECTID": 1840008096, "CITY_NAME": "Keystone", "ADMIN_NAME": "Iowa", "CNTRY_NAME": "United States", "POP": 825}, "geometry": {"type": "Point", "coordinates": [-92.1982, 41.9995]}}, {"type": "Feature", "properties": {"FID": 1840006955, "OBJECTID": 1840006955, "CITY_NAME": "Battle Creek", "ADMIN_NAME": "Iowa", "CNTRY_NAME": "United States", "POP": 822}, "geometry": {"type": "Point", "coordinates": [-95.6, 42.317]}}, {"type": "Feature", "properties": {"FID": 1840008218, "OBJECTID": 1840008218, "CITY_NAME": "Keota", "ADMIN_NAME": "Iowa", "CNTRY_NAME": "United States", "POP": 819}, "geometry": {"type": "Point", "coordinates": [-91.9533, 41.3651]}}, {"type": "Feature", "properties": {"FID": 1840009114, "OBJECTID": 1840009114, "CITY_NAME": "Schaller", "ADMIN_NAME": "Iowa", "CNTRY_NAME": "United States", "POP": 817}, "geometry": {"type": "Point", "coordinates": [-95.2963, 42.4965]}}, {"type": "Feature", "properties": {"FID": 1840008268, "OBJECTID": 1840008268, "CITY_NAME": "Eldon", "ADMIN_NAME": "Iowa", "CNTRY_NAME": "United States", "POP": 816}, "geometry": {"type": "Point", "coordinates": [-92.2182, 40.9181]}}, {"type": "Feature", "properties": {"FID": 1840006987, "OBJECTID": 1840006987, "CITY_NAME": "Alburnett", "ADMIN_NAME": "Iowa", "CNTRY_NAME": "United States", "POP": 815}, "geometry": {"type": "Point", "coordinates": [-91.6205, 42.1488]}}, {"type": "Feature", "properties": {"FID": 1840008013, "OBJECTID": 1840008013, "CITY_NAME": "Garnavillo", "ADMIN_NAME": "Iowa", "CNTRY_NAME": "United States", "POP": 815}, "geometry": {"type": "Point", "coordinates": [-91.2362, 42.8667]}}, {"type": "Feature", "properties": {"FID": 1840007106, "OBJECTID": 1840007106, "CITY_NAME": "Hartford", "ADMIN_NAME": "Iowa", "CNTRY_NAME": "United States", "POP": 814}, "geometry": {"type": "Point", "coordinates": [-93.4038, 41.4577]}}, {"type": "Feature", "properties": {"FID": 1840007205, "OBJECTID": 1840007205, "CITY_NAME": "Donnellson", "ADMIN_NAME": "Iowa", "CNTRY_NAME": "United States", "POP": 813}, "geometry": {"type": "Point", "coordinates": [-91.5641, 40.6453]}}, {"type": "Feature", "properties": {"FID": 1840009228, "OBJECTID": 1840009228, "CITY_NAME": "Shueyville", "ADMIN_NAME": "Iowa", "CNTRY_NAME": "United States", "POP": 810}, "geometry": {"type": "Point", "coordinates": [-91.6513, 41.8462]}}, {"type": "Feature", "properties": {"FID": 1840007959, "OBJECTID": 1840007959, "CITY_NAME": "Okoboji", "ADMIN_NAME": "Iowa", "CNTRY_NAME": "United States", "POP": 806}, "geometry": {"type": "Point", "coordinates": [-95.1389, 43.3908]}}, {"type": "Feature", "properties": {"FID": 1840007988, "OBJECTID": 1840007988, "CITY_NAME": "Kanawha", "ADMIN_NAME": "Iowa", "CNTRY_NAME": "United States", "POP": 805}, "geometry": {"type": "Point", "coordinates": [-93.7932, 42.9342]}}, {"type": "Feature", "properties": {"FID": 1840009198, "OBJECTID": 1840009198, "CITY_NAME": "Lowden", "ADMIN_NAME": "Iowa", "CNTRY_NAME": "United States", "POP": 804}, "geometry": {"type": "Point", "coordinates": [-90.923, 41.8589]}}, {"type": "Feature", "properties": {"FID": 1840006984, "OBJECTID": 1840006984, "CITY_NAME": "Coggon", "ADMIN_NAME": "Iowa", "CNTRY_NAME": "United States", "POP": 803}, "geometry": {"type": "Point", "coordinates": [-91.5301, 42.2783]}}, {"type": "Feature", "properties": {"FID": 1840008061, "OBJECTID": 1840008061, "CITY_NAME": "Dunkerton", "ADMIN_NAME": "Iowa", "CNTRY_NAME": "United States", "POP": 799}, "geometry": {"type": "Point", "coordinates": [-92.1609, 42.5678]}}, {"type": "Feature", "properties": {"FID": 1840009213, "OBJECTID": 1840009213, "CITY_NAME": "Shelby", "ADMIN_NAME": "Iowa", "CNTRY_NAME": "United States", "POP": 797}, "geometry": {"type": "Point", "coordinates": [-95.4506, 41.5067]}}, {"type": "Feature", "properties": {"FID": 1840009038, "OBJECTID": 1840009038, "CITY_NAME": "Riceville", "ADMIN_NAME": "Iowa", "CNTRY_NAME": "United States", "POP": 795}, "geometry": {"type": "Point", "coordinates": [-92.5538, 43.362]}}, {"type": "Feature", "properties": {"FID": 1840006961, "OBJECTID": 1840006961, "CITY_NAME": "Alden", "ADMIN_NAME": "Iowa", "CNTRY_NAME": "United States", "POP": 792}, "geometry": {"type": "Point", "coordinates": [-93.3805, 42.5115]}}, {"type": "Feature", "properties": {"FID": 1840008123, "OBJECTID": 1840008123, "CITY_NAME": "Maxwell", "ADMIN_NAME": "Iowa", "CNTRY_NAME": "United States", "POP": 789}, "geometry": {"type": "Point", "coordinates": [-93.3962, 41.8912]}}, {"type": "Feature", "properties": {"FID": 1840006942, "OBJECTID": 1840006942, "CITY_NAME": "Dayton", "ADMIN_NAME": "Iowa", "CNTRY_NAME": "United States", "POP": 789}, "geometry": {"type": "Point", "coordinates": [-94.0711, 42.2622]}}, {"type": "Feature", "properties": {"FID": 1840008164, "OBJECTID": 1840008164, "CITY_NAME": "Exira", "ADMIN_NAME": "Iowa", "CNTRY_NAME": "United States", "POP": 787}, "geometry": {"type": "Point", "coordinates": [-94.8811, 41.5919]}}, {"type": "Feature", "properties": {"FID": 1840008008, "OBJECTID": 1840008008, "CITY_NAME": "Edgewood", "ADMIN_NAME": "Iowa", "CNTRY_NAME": "United States", "POP": 787}, "geometry": {"type": "Point", "coordinates": [-91.4024, 42.6442]}}, {"type": "Feature", "properties": {"FID": 1840009212, "OBJECTID": 1840009212, "CITY_NAME": "Redfield", "ADMIN_NAME": "Iowa", "CNTRY_NAME": "United States", "POP": 782}, "geometry": {"type": "Point", "coordinates": [-94.1963, 41.5905]}}, {"type": "Feature", "properties": {"FID": 1840007057, "OBJECTID": 1840007057, "CITY_NAME": "Dexter", "ADMIN_NAME": "Iowa", "CNTRY_NAME": "United States", "POP": 781}, "geometry": {"type": "Point", "coordinates": [-94.2276, 41.5154]}}, {"type": "Feature", "properties": {"FID": 1840008115, "OBJECTID": 1840008115, "CITY_NAME": "Le Grand", "ADMIN_NAME": "Iowa", "CNTRY_NAME": "United States", "POP": 779}, "geometry": {"type": "Point", "coordinates": [-92.775, 42.0067]}}, {"type": "Feature", "properties": {"FID": 1840008214, "OBJECTID": 1840008214, "CITY_NAME": "Milo", "ADMIN_NAME": "Iowa", "CNTRY_NAME": "United States", "POP": 773}, "geometry": {"type": "Point", "coordinates": [-93.4403, 41.2892]}}, {"type": "Feature", "properties": {"FID": 1840006948, "OBJECTID": 1840006948, "CITY_NAME": "Correctionville", "ADMIN_NAME": "Iowa", "CNTRY_NAME": "United States", "POP": 768}, "geometry": {"type": "Point", "coordinates": [-95.7831, 42.4775]}}, {"type": "Feature", "properties": {"FID": 1840007119, "OBJECTID": 1840007119, "CITY_NAME": "Carson", "ADMIN_NAME": "Iowa", "CNTRY_NAME": "United States", "POP": 768}, "geometry": {"type": "Point", "coordinates": [-95.4199, 41.2356]}}, {"type": "Feature", "properties": {"FID": 1840009057, "OBJECTID": 1840009057, "CITY_NAME": "Ruthven", "ADMIN_NAME": "Iowa", "CNTRY_NAME": "United States", "POP": 766}, "geometry": {"type": "Point", "coordinates": [-94.8987, 43.13]}}, {"type": "Feature", "properties": {"FID": 1840009231, "OBJECTID": 1840009231, "CITY_NAME": "Oxford", "ADMIN_NAME": "Iowa", "CNTRY_NAME": "United States", "POP": 766}, "geometry": {"type": "Point", "coordinates": [-91.7911, 41.7228]}}, {"type": "Feature", "properties": {"FID": 1840009090, "OBJECTID": 1840009090, "CITY_NAME": "Readlyn", "ADMIN_NAME": "Iowa", "CNTRY_NAME": "United States", "POP": 764}, "geometry": {"type": "Point", "coordinates": [-92.225, 42.7037]}}, {"type": "Feature", "properties": {"FID": 1840008039, "OBJECTID": 1840008039, "CITY_NAME": "New Hartford", "ADMIN_NAME": "Iowa", "CNTRY_NAME": "United States", "POP": 763}, "geometry": {"type": "Point", "coordinates": [-92.6214, 42.5682]}}, {"type": "Feature", "properties": {"FID": 1840008036, "OBJECTID": 1840008036, "CITY_NAME": "Latimer", "ADMIN_NAME": "Iowa", "CNTRY_NAME": "United States", "POP": 763}, "geometry": {"type": "Point", "coordinates": [-93.3658, 42.763]}}, {"type": "Feature", "properties": {"FID": 1840009164, "OBJECTID": 1840009164, "CITY_NAME": "Manilla", "ADMIN_NAME": "Iowa", "CNTRY_NAME": "United States", "POP": 761}, "geometry": {"type": "Point", "coordinates": [-95.2345, 41.8926]}}, {"type": "Feature", "properties": {"FID": 1840006962, "OBJECTID": 1840006962, "CITY_NAME": "Hubbard", "ADMIN_NAME": "Iowa", "CNTRY_NAME": "United States", "POP": 757}, "geometry": {"type": "Point", "coordinates": [-93.3022, 42.3058]}}, {"type": "Feature", "properties": {"FID": 1840008067, "OBJECTID": 1840008067, "CITY_NAME": "Early", "ADMIN_NAME": "Iowa", "CNTRY_NAME": "United States", "POP": 757}, "geometry": {"type": "Point", "coordinates": [-95.1526, 42.461]}}, {"type": "Feature", "properties": {"FID": 1840000469, "OBJECTID": 1840000469, "CITY_NAME": "Shellsburg", "ADMIN_NAME": "Iowa", "CNTRY_NAME": "United States", "POP": 752}, "geometry": {"type": "Point", "coordinates": [-91.8712, 42.0929]}}, {"type": "Feature", "properties": {"FID": 1840007018, "OBJECTID": 1840007018, "CITY_NAME": "Colo", "ADMIN_NAME": "Iowa", "CNTRY_NAME": "United States", "POP": 751}, "geometry": {"type": "Point", "coordinates": [-93.3186, 42.0145]}}, {"type": "Feature", "properties": {"FID": 1840009103, "OBJECTID": 1840009103, "CITY_NAME": "Quasqueton", "ADMIN_NAME": "Iowa", "CNTRY_NAME": "United States", "POP": 749}, "geometry": {"type": "Point", "coordinates": [-91.7578, 42.3945]}}, {"type": "Feature", "properties": {"FID": 1840026250, "OBJECTID": 1840026250, "CITY_NAME": "Middle Amana", "ADMIN_NAME": "Iowa", "CNTRY_NAME": "United States", "POP": 739}, "geometry": {"type": "Point", "coordinates": [-91.9015, 41.7948]}}, {"type": "Feature", "properties": {"FID": 1840026405, "OBJECTID": 1840026405, "CITY_NAME": "Denmark", "ADMIN_NAME": "Iowa", "CNTRY_NAME": "United States", "POP": 738}, "geometry": {"type": "Point", "coordinates": [-91.3381, 40.7385]}}, {"type": "Feature", "properties": {"FID": 1840008063, "OBJECTID": 1840008063, "CITY_NAME": "Gilbertville", "ADMIN_NAME": "Iowa", "CNTRY_NAME": "United States", "POP": 736}, "geometry": {"type": "Point", "coordinates": [-92.2141, 42.4182]}}, {"type": "Feature", "properties": {"FID": 1840008248, "OBJECTID": 1840008248, "CITY_NAME": "Morning Sun", "ADMIN_NAME": "Iowa", "CNTRY_NAME": "United States", "POP": 733}, "geometry": {"type": "Point", "coordinates": [-91.2506, 41.0941]}}, {"type": "Feature", "properties": {"FID": 1840010126, "OBJECTID": 1840010126, "CITY_NAME": "Walker", "ADMIN_NAME": "Iowa", "CNTRY_NAME": "United States", "POP": 731}, "geometry": {"type": "Point", "coordinates": [-91.781, 42.2874]}}, {"type": "Feature", "properties": {"FID": 1840007102, "OBJECTID": 1840007102, "CITY_NAME": "Ainsworth", "ADMIN_NAME": "Iowa", "CNTRY_NAME": "United States", "POP": 723}, "geometry": {"type": "Point", "coordinates": [-91.5545, 41.2901]}}, {"type": "Feature", "properties": {"FID": 1840008113, "OBJECTID": 1840008113, "CITY_NAME": "Melbourne", "ADMIN_NAME": "Iowa", "CNTRY_NAME": "United States", "POP": 714}, "geometry": {"type": "Point", "coordinates": [-93.1023, 41.9416]}}, {"type": "Feature", "properties": {"FID": 1840010103, "OBJECTID": 1840010103, "CITY_NAME": "Wellsburg", "ADMIN_NAME": "Iowa", "CNTRY_NAME": "United States", "POP": 710}, "geometry": {"type": "Point", "coordinates": [-92.9266, 42.4339]}}, {"type": "Feature", "properties": {"FID": 1840006850, "OBJECTID": 1840006850, "CITY_NAME": "Armstrong", "ADMIN_NAME": "Iowa", "CNTRY_NAME": "United States", "POP": 709}, "geometry": {"type": "Point", "coordinates": [-94.4836, 43.3944]}}, {"type": "Feature", "properties": {"FID": 1840010068, "OBJECTID": 1840010068, "CITY_NAME": "Ventura", "ADMIN_NAME": "Iowa", "CNTRY_NAME": "United States", "POP": 708}, "geometry": {"type": "Point", "coordinates": [-93.462, 43.1282]}}, {"type": "Feature", "properties": {"FID": 1840009234, "OBJECTID": 1840009234, "CITY_NAME": "Long Grove", "ADMIN_NAME": "Iowa", "CNTRY_NAME": "United States", "POP": 707}, "geometry": {"type": "Point", "coordinates": [-90.5803, 41.6923]}}, {"type": "Feature", "properties": {"FID": 1840010262, "OBJECTID": 1840010262, "CITY_NAME": "University Park", "ADMIN_NAME": "Iowa", "CNTRY_NAME": "United States", "POP": 704}, "geometry": {"type": "Point", "coordinates": [-92.615, 41.2856]}}, {"type": "Feature", "properties": {"FID": 1840006870, "OBJECTID": 1840006870, "CITY_NAME": "Boyden", "ADMIN_NAME": "Iowa", "CNTRY_NAME": "United States", "POP": 702}, "geometry": {"type": "Point", "coordinates": [-96.0032, 43.1892]}}, {"type": "Feature", "properties": {"FID": 1840006945, "OBJECTID": 1840006945, "CITY_NAME": "Hazleton", "ADMIN_NAME": "Iowa", "CNTRY_NAME": "United States", "POP": 698}, "geometry": {"type": "Point", "coordinates": [-91.9057, 42.6178]}}, {"type": "Feature", "properties": {"FID": 1840009122, "OBJECTID": 1840009122, "CITY_NAME": "Stratford", "ADMIN_NAME": "Iowa", "CNTRY_NAME": "United States", "POP": 696}, "geometry": {"type": "Point", "coordinates": [-93.9274, 42.2696]}}, {"type": "Feature", "properties": {"FID": 1840008323, "OBJECTID": 1840008323, "CITY_NAME": "Montrose", "ADMIN_NAME": "Iowa", "CNTRY_NAME": "United States", "POP": 688}, "geometry": {"type": "Point", "coordinates": [-91.416, 40.5258]}}, {"type": "Feature", "properties": {"FID": 1840008233, "OBJECTID": 1840008233, "CITY_NAME": "Minden", "ADMIN_NAME": "Iowa", "CNTRY_NAME": "United States", "POP": 687}, "geometry": {"type": "Point", "coordinates": [-95.5429, 41.47]}}, {"type": "Feature", "properties": {"FID": 1840008015, "OBJECTID": 1840008015, "CITY_NAME": "McGregor", "ADMIN_NAME": "Iowa", "CNTRY_NAME": "United States", "POP": 686}, "geometry": {"type": "Point", "coordinates": [-91.1819, 43.0246]}}, {"type": "Feature", "properties": {"FID": 1840006898, "OBJECTID": 1840006898, "CITY_NAME": "Albert City", "ADMIN_NAME": "Iowa", "CNTRY_NAME": "United States", "POP": 680}, "geometry": {"type": "Point", "coordinates": [-94.9491, 42.7816]}}, {"type": "Feature", "properties": {"FID": 1840008168, "OBJECTID": 1840008168, "CITY_NAME": "Elkhart", "ADMIN_NAME": "Iowa", "CNTRY_NAME": "United States", "POP": 680}, "geometry": {"type": "Point", "coordinates": [-93.5241, 41.7939]}}, {"type": "Feature", "properties": {"FID": 1840008024, "OBJECTID": 1840008024, "CITY_NAME": "Lakeside", "ADMIN_NAME": "Iowa", "CNTRY_NAME": "United States", "POP": 678}, "geometry": {"type": "Point", "coordinates": [-95.1775, 42.6174]}}, {"type": "Feature", "properties": {"FID": 1840009345, "OBJECTID": 1840009345, "CITY_NAME": "Stanton", "ADMIN_NAME": "Iowa", "CNTRY_NAME": "United States", "POP": 670}, "geometry": {"type": "Point", "coordinates": [-95.1027, 40.9812]}}, {"type": "Feature", "properties": {"FID": 1840008028, "OBJECTID": 1840008028, "CITY_NAME": "Fonda", "ADMIN_NAME": "Iowa", "CNTRY_NAME": "United States", "POP": 668}, "geometry": {"type": "Point", "coordinates": [-94.8455, 42.5817]}}, {"type": "Feature", "properties": {"FID": 1840006848, "OBJECTID": 1840006848, "CITY_NAME": "Bancroft", "ADMIN_NAME": "Iowa", "CNTRY_NAME": "United States", "POP": 668}, "geometry": {"type": "Point", "coordinates": [-94.2175, 43.2929]}}, {"type": "Feature", "properties": {"FID": 1840008029, "OBJECTID": 1840008029, "CITY_NAME": "Gilmore City", "ADMIN_NAME": "Iowa", "CNTRY_NAME": "United States", "POP": 663}, "geometry": {"type": "Point", "coordinates": [-94.4368, 42.7268]}}, {"type": "Feature", "properties": {"FID": 1840026195, "OBJECTID": 1840026195, "CITY_NAME": "Washburn", "ADMIN_NAME": "Iowa", "CNTRY_NAME": "United States", "POP": 658}, "geometry": {"type": "Point", "coordinates": [-92.2685, 42.4111]}}, {"type": "Feature", "properties": {"FID": 1840004897, "OBJECTID": 1840004897, "CITY_NAME": "Brighton", "ADMIN_NAME": "Iowa", "CNTRY_NAME": "United States", "POP": 655}, "geometry": {"type": "Point", "coordinates": [-91.8212, 41.1747]}}, {"type": "Feature", "properties": {"FID": 1840009126, "OBJECTID": 1840009126, "CITY_NAME": "Radcliffe", "ADMIN_NAME": "Iowa", "CNTRY_NAME": "United States", "POP": 654}, "geometry": {"type": "Point", "coordinates": [-93.4343, 42.3177]}}, {"type": "Feature", "properties": {"FID": 1840010124, "OBJECTID": 1840010124, "CITY_NAME": "Van Horne", "ADMIN_NAME": "Iowa", "CNTRY_NAME": "United States", "POP": 653}, "geometry": {"type": "Point", "coordinates": [-92.0897, 42.0083]}}, {"type": "Feature", "properties": {"FID": 1840006983, "OBJECTID": 1840006983, "CITY_NAME": "Blairstown", "ADMIN_NAME": "Iowa", "CNTRY_NAME": "United States", "POP": 652}, "geometry": {"type": "Point", "coordinates": [-92.0821, 41.906]}}, {"type": "Feature", "properties": {"FID": 1840004539, "OBJECTID": 1840004539, "CITY_NAME": "Coalville", "ADMIN_NAME": "Iowa", "CNTRY_NAME": "United States", "POP": 652}, "geometry": {"type": "Point", "coordinates": [-94.1192, 42.4407]}}, {"type": "Feature", "properties": {"FID": 1840026247, "OBJECTID": 1840026247, "CITY_NAME": "Amana", "ADMIN_NAME": "Iowa", "CNTRY_NAME": "United States", "POP": 650}, "geometry": {"type": "Point", "coordinates": [-91.8753, 41.8036]}}, {"type": "Feature", "properties": {"FID": 1840008270, "OBJECTID": 1840008270, "CITY_NAME": "Murray", "ADMIN_NAME": "Iowa", "CNTRY_NAME": "United States", "POP": 648}, "geometry": {"type": "Point", "coordinates": [-93.9488, 41.0413]}}, {"type": "Feature", "properties": {"FID": 1840010098, "OBJECTID": 1840010098, "CITY_NAME": "Wall Lake", "ADMIN_NAME": "Iowa", "CNTRY_NAME": "United States", "POP": 641}, "geometry": {"type": "Point", "coordinates": [-95.0932, 42.2675]}}, {"type": "Feature", "properties": {"FID": 1840007145, "OBJECTID": 1840007145, "CITY_NAME": "Batavia", "ADMIN_NAME": "Iowa", "CNTRY_NAME": "United States", "POP": 635}, "geometry": {"type": "Point", "coordinates": [-92.1673, 40.9949]}}, {"type": "Feature", "properties": {"FID": 1840010260, "OBJECTID": 1840010260, "CITY_NAME": "What Cheer", "ADMIN_NAME": "Iowa", "CNTRY_NAME": "United States", "POP": 634}, "geometry": {"type": "Point", "coordinates": [-92.3547, 41.3997]}}, {"type": "Feature", "properties": {"FID": 1840008237, "OBJECTID": 1840008237, "CITY_NAME": "Fontanelle", "ADMIN_NAME": "Iowa", "CNTRY_NAME": "United States", "POP": 629}, "geometry": {"type": "Point", "coordinates": [-94.5602, 41.2901]}}, {"type": "Feature", "properties": {"FID": 1840008161, "OBJECTID": 1840008161, "CITY_NAME": "Elk Horn", "ADMIN_NAME": "Iowa", "CNTRY_NAME": "United States", "POP": 623}, "geometry": {"type": "Point", "coordinates": [-95.0612, 41.5931]}}, {"type": "Feature", "properties": {"FID": 1840000398, "OBJECTID": 1840000398, "CITY_NAME": "Rolfe", "ADMIN_NAME": "Iowa", "CNTRY_NAME": "United States", "POP": 618}, "geometry": {"type": "Point", "coordinates": [-94.5313, 42.8129]}}, {"type": "Feature", "properties": {"FID": 1840007976, "OBJECTID": 1840007976, "CITY_NAME": "Elma", "ADMIN_NAME": "Iowa", "CNTRY_NAME": "United States", "POP": 618}, "geometry": {"type": "Point", "coordinates": [-92.4387, 43.2457]}}, {"type": "Feature", "properties": {"FID": 1840006997, "OBJECTID": 1840006997, "CITY_NAME": "Albion", "ADMIN_NAME": "Iowa", "CNTRY_NAME": "United States", "POP": 617}, "geometry": {"type": "Point", "coordinates": [-92.9886, 42.1125]}}, {"type": "Feature", "properties": {"FID": 1840008034, "OBJECTID": 1840008034, "CITY_NAME": "Goldfield", "ADMIN_NAME": "Iowa", "CNTRY_NAME": "United States", "POP": 616}, "geometry": {"type": "Point", "coordinates": [-93.9179, 42.7356]}}, {"type": "Feature", "properties": {"FID": 1840008121, "OBJECTID": 1840008121, "CITY_NAME": "Grand Junction", "ADMIN_NAME": "Iowa", "CNTRY_NAME": "United States", "POP": 615}, "geometry": {"type": "Point", "coordinates": [-94.2369, 42.033]}}, {"type": "Feature", "properties": {"FID": 1840007984, "OBJECTID": 1840007984, "CITY_NAME": "Ireton", "ADMIN_NAME": "Iowa", "CNTRY_NAME": "United States", "POP": 613}, "geometry": {"type": "Point", "coordinates": [-96.3216, 42.9749]}}, {"type": "Feature", "properties": {"FID": 1840008111, "OBJECTID": 1840008111, "CITY_NAME": "Gilman", "ADMIN_NAME": "Iowa", "CNTRY_NAME": "United States", "POP": 613}, "geometry": {"type": "Point", "coordinates": [-92.7881, 41.8789]}}, {"type": "Feature", "properties": {"FID": 1840009022, "OBJECTID": 1840009022, "CITY_NAME": "Swea City", "ADMIN_NAME": "Iowa", "CNTRY_NAME": "United States", "POP": 612}, "geometry": {"type": "Point", "coordinates": [-94.3104, 43.3834]}}, {"type": "Feature", "properties": {"FID": 1840008175, "OBJECTID": 1840008175, "CITY_NAME": "Kellogg", "ADMIN_NAME": "Iowa", "CNTRY_NAME": "United States", "POP": 611}, "geometry": {"type": "Point", "coordinates": [-92.9072, 41.7181]}}, {"type": "Feature", "properties": {"FID": 1840009026, "OBJECTID": 1840009026, "CITY_NAME": "Orleans", "ADMIN_NAME": "Iowa", "CNTRY_NAME": "United States", "POP": 593}, "geometry": {"type": "Point", "coordinates": [-95.099, 43.4512]}}, {"type": "Feature", "properties": {"FID": 1840007118, "OBJECTID": 1840007118, "CITY_NAME": "Crescent", "ADMIN_NAME": "Iowa", "CNTRY_NAME": "United States", "POP": 591}, "geometry": {"type": "Point", "coordinates": [-95.859, 41.3653]}}, {"type": "Feature", "properties": {"FID": 1840008211, "OBJECTID": 1840008211, "CITY_NAME": "Martensdale", "ADMIN_NAME": "Iowa", "CNTRY_NAME": "United States", "POP": 588}, "geometry": {"type": "Point", "coordinates": [-93.7388, 41.3737]}}, {"type": "Feature", "properties": {"FID": 1840008318, "OBJECTID": 1840008318, "CITY_NAME": "Moravia", "ADMIN_NAME": "Iowa", "CNTRY_NAME": "United States", "POP": 587}, "geometry": {"type": "Point", "coordinates": [-92.8187, 40.8918]}}, {"type": "Feature", "properties": {"FID": 1840007992, "OBJECTID": 1840007992, "CITY_NAME": "Everly", "ADMIN_NAME": "Iowa", "CNTRY_NAME": "United States", "POP": 586}, "geometry": {"type": "Point", "coordinates": [-95.3195, 43.1619]}}, {"type": "Feature", "properties": {"FID": 1840006934, "OBJECTID": 1840006934, "CITY_NAME": "Hopkinton", "ADMIN_NAME": "Iowa", "CNTRY_NAME": "United States", "POP": 586}, "geometry": {"type": "Point", "coordinates": [-91.249, 42.3428]}}, {"type": "Feature", "properties": {"FID": 1840006933, "OBJECTID": 1840006933, "CITY_NAME": "Colesburg", "ADMIN_NAME": "Iowa", "CNTRY_NAME": "United States", "POP": 585}, "geometry": {"type": "Point", "coordinates": [-91.2011, 42.6388]}}, {"type": "Feature", "properties": {"FID": 1840010137, "OBJECTID": 1840010137, "CITY_NAME": "Zearing", "ADMIN_NAME": "Iowa", "CNTRY_NAME": "United States", "POP": 584}, "geometry": {"type": "Point", "coordinates": [-93.2972, 42.1589]}}, {"type": "Feature", "properties": {"FID": 1840008319, "OBJECTID": 1840008319, "CITY_NAME": "Moulton", "ADMIN_NAME": "Iowa", "CNTRY_NAME": "United States", "POP": 577}, "geometry": {"type": "Point", "coordinates": [-92.6763, 40.6856]}}, {"type": "Feature", "properties": {"FID": 1840010057, "OBJECTID": 1840010057, "CITY_NAME": "Whittemore", "ADMIN_NAME": "Iowa", "CNTRY_NAME": "United States", "POP": 576}, "geometry": {"type": "Point", "coordinates": [-94.4253, 43.0635]}}, {"type": "Feature", "properties": {"FID": 1840009047, "OBJECTID": 1840009047, "CITY_NAME": "Sutherland", "ADMIN_NAME": "Iowa", "CNTRY_NAME": "United States", "POP": 570}, "geometry": {"type": "Point", "coordinates": [-95.4952, 42.9729]}}, {"type": "Feature", "properties": {"FID": 1840009118, "OBJECTID": 1840009118, "CITY_NAME": "Pomeroy", "ADMIN_NAME": "Iowa", "CNTRY_NAME": "United States", "POP": 568}, "geometry": {"type": "Point", "coordinates": [-94.6779, 42.5519]}}, {"type": "Feature", "properties": {"FID": 1840009062, "OBJECTID": 1840009062, "CITY_NAME": "Rudd", "ADMIN_NAME": "Iowa", "CNTRY_NAME": "United States", "POP": 568}, "geometry": {"type": "Point", "coordinates": [-92.9047, 43.1262]}}, {"type": "Feature", "properties": {"FID": 1840009287, "OBJECTID": 1840009287, "CITY_NAME": "Richland", "ADMIN_NAME": "Iowa", "CNTRY_NAME": "United States", "POP": 566}, "geometry": {"type": "Point", "coordinates": [-91.9936, 41.1855]}}, {"type": "Feature", "properties": {"FID": 1840009395, "OBJECTID": 1840009395, "CITY_NAME": "Seymour", "ADMIN_NAME": "Iowa", "CNTRY_NAME": "United States", "POP": 558}, "geometry": {"type": "Point", "coordinates": [-93.1211, 40.6821]}}, {"type": "Feature", "properties": {"FID": 1840007103, "OBJECTID": 1840007103, "CITY_NAME": "Cumming", "ADMIN_NAME": "Iowa", "CNTRY_NAME": "United States", "POP": 558}, "geometry": {"type": "Point", "coordinates": [-93.7595, 41.4876]}}, {"type": "Feature", "properties": {"FID": 1840009222, "OBJECTID": 1840009222, "CITY_NAME": "Lynnville", "ADMIN_NAME": "Iowa", "CNTRY_NAME": "United States", "POP": 557}, "geometry": {"type": "Point", "coordinates": [-92.7869, 41.5729]}}, {"type": "Feature", "properties": {"FID": 1840008103, "OBJECTID": 1840008103, "CITY_NAME": "Garwin", "ADMIN_NAME": "Iowa", "CNTRY_NAME": "United States", "POP": 554}, "geometry": {"type": "Point", "coordinates": [-92.6791, 42.0935]}}, {"type": "Feature", "properties": {"FID": 1840008138, "OBJECTID": 1840008138, "CITY_NAME": "Grand Mound", "ADMIN_NAME": "Iowa", "CNTRY_NAME": "United States", "POP": 554}, "geometry": {"type": "Point", "coordinates": [-90.6507, 41.8237]}}, {"type": "Feature", "properties": {"FID": 1840009341, "OBJECTID": 1840009341, "CITY_NAME": "Russell", "ADMIN_NAME": "Iowa", "CNTRY_NAME": "United States", "POP": 551}, "geometry": {"type": "Point", "coordinates": [-93.2006, 40.9802]}}, {"type": "Feature", "properties": {"FID": 1840008272, "OBJECTID": 1840008272, "CITY_NAME": "Emerson", "ADMIN_NAME": "Iowa", "CNTRY_NAME": "United States", "POP": 547}, "geometry": {"type": "Point", "coordinates": [-95.4026, 41.018]}}, {"type": "Feature", "properties": {"FID": 1840008031, "OBJECTID": 1840008031, "CITY_NAME": "Dows", "ADMIN_NAME": "Iowa", "CNTRY_NAME": "United States", "POP": 544}, "geometry": {"type": "Point", "coordinates": [-93.5012, 42.6592]}}, {"type": "Feature", "properties": {"FID": 1840009141, "OBJECTID": 1840009141, "CITY_NAME": "Sabula", "ADMIN_NAME": "Iowa", "CNTRY_NAME": "United States", "POP": 543}, "geometry": {"type": "Point", "coordinates": [-90.1765, 42.0666]}}, {"type": "Feature", "properties": {"FID": 1840007989, "OBJECTID": 1840007989, "CITY_NAME": "Klemme", "ADMIN_NAME": "Iowa", "CNTRY_NAME": "United States", "POP": 540}, "geometry": {"type": "Point", "coordinates": [-93.6013, 43.0097]}}, {"type": "Feature", "properties": {"FID": 1840029703, "OBJECTID": 1840029703, "CITY_NAME": "Twin Lakes", "ADMIN_NAME": "Iowa", "CNTRY_NAME": "United States", "POP": 535}, "geometry": {"type": "Point", "coordinates": [-94.6357, 42.477]}}, {"type": "Feature", "properties": {"FID": 1840010067, "OBJECTID": 1840010067, "CITY_NAME": "Thornton", "ADMIN_NAME": "Iowa", "CNTRY_NAME": "United States", "POP": 534}, "geometry": {"type": "Point", "coordinates": [-93.387, 42.9442]}}, {"type": "Feature", "properties": {"FID": 1840010261, "OBJECTID": 1840010261, "CITY_NAME": "Truro", "ADMIN_NAME": "Iowa", "CNTRY_NAME": "United States", "POP": 534}, "geometry": {"type": "Point", "coordinates": [-93.8467, 41.2098]}}, {"type": "Feature", "properties": {"FID": 1840008303, "OBJECTID": 1840008303, "CITY_NAME": "Farmington", "ADMIN_NAME": "Iowa", "CNTRY_NAME": "United States", "POP": 531}, "geometry": {"type": "Point", "coordinates": [-91.7392, 40.6389]}}, {"type": "Feature", "properties": {"FID": 1840010130, "OBJECTID": 1840010130, "CITY_NAME": "Wyoming", "ADMIN_NAME": "Iowa", "CNTRY_NAME": "United States", "POP": 529}, "geometry": {"type": "Point", "coordinates": [-91.0052, 42.0595]}}, {"type": "Feature", "properties": {"FID": 1840008075, "OBJECTID": 1840008075, "CITY_NAME": "Ellsworth", "ADMIN_NAME": "Iowa", "CNTRY_NAME": "United States", "POP": 525}, "geometry": {"type": "Point", "coordinates": [-93.5819, 42.3102]}}, {"type": "Feature", "properties": {"FID": 1840006889, "OBJECTID": 1840006889, "CITY_NAME": "Hawkeye", "ADMIN_NAME": "Iowa", "CNTRY_NAME": "United States", "POP": 521}, "geometry": {"type": "Point", "coordinates": [-91.9504, 42.9378]}}, {"type": "Feature", "properties": {"FID": 1840009199, "OBJECTID": 1840009199, "CITY_NAME": "Stanwood", "ADMIN_NAME": "Iowa", "CNTRY_NAME": "United States", "POP": 520}, "geometry": {"type": "Point", "coordinates": [-91.1486, 41.8927]}}, {"type": "Feature", "properties": {"FID": 1840009060, "OBJECTID": 1840009060, "CITY_NAME": "Royal", "ADMIN_NAME": "Iowa", "CNTRY_NAME": "United States", "POP": 518}, "geometry": {"type": "Point", "coordinates": [-95.2836, 43.0644]}}, {"type": "Feature", "properties": {"FID": 1840006854, "OBJECTID": 1840006854, "CITY_NAME": "Ashton", "ADMIN_NAME": "Iowa", "CNTRY_NAME": "United States", "POP": 518}, "geometry": {"type": "Point", "coordinates": [-95.7924, 43.3087]}}, {"type": "Feature", "properties": {"FID": 1840007149, "OBJECTID": 1840007149, "CITY_NAME": "Agency", "ADMIN_NAME": "Iowa", "CNTRY_NAME": "United States", "POP": 516}, "geometry": {"type": "Point", "coordinates": [-92.3073, 40.997]}}, {"type": "Feature", "properties": {"FID": 1840009121, "OBJECTID": 1840009121, "CITY_NAME": "Stanhope", "ADMIN_NAME": "Iowa", "CNTRY_NAME": "United States", "POP": 515}, "geometry": {"type": "Point", "coordinates": [-93.796, 42.2889]}}, {"type": "Feature", "properties": {"FID": 1840008212, "OBJECTID": 1840008212, "CITY_NAME": "New Virginia", "ADMIN_NAME": "Iowa", "CNTRY_NAME": "United States", "POP": 513}, "geometry": {"type": "Point", "coordinates": [-93.7311, 41.1818]}}, {"type": "Feature", "properties": {"FID": 1840006847, "OBJECTID": 1840006847, "CITY_NAME": "Burt", "ADMIN_NAME": "Iowa", "CNTRY_NAME": "United States", "POP": 506}, "geometry": {"type": "Point", "coordinates": [-94.2214, 43.1992]}}, {"type": "Feature", "properties": {"FID": 1840007202, "OBJECTID": 1840007202, "CITY_NAME": "Humeston", "ADMIN_NAME": "Iowa", "CNTRY_NAME": "United States", "POP": 505}, "geometry": {"type": "Point", "coordinates": [-93.4971, 40.8609]}}, {"type": "Feature", "properties": {"FID": 1840008060, "OBJECTID": 1840008060, "CITY_NAME": "Lamont", "ADMIN_NAME": "Iowa", "CNTRY_NAME": "United States", "POP": 503}, "geometry": {"type": "Point", "coordinates": [-91.6404, 42.5986]}}, {"type": "Feature", "properties": {"FID": 1840006936, "OBJECTID": 1840006936, "CITY_NAME": "Delhi", "ADMIN_NAME": "Iowa", "CNTRY_NAME": "United States", "POP": 499}, "geometry": {"type": "Point", "coordinates": [-91.3307, 42.4303]}}, {"type": "Feature", "properties": {"FID": 1840007113, "OBJECTID": 1840007113, "CITY_NAME": "Beacon", "ADMIN_NAME": "Iowa", "CNTRY_NAME": "United States", "POP": 497}, "geometry": {"type": "Point", "coordinates": [-92.6814, 41.2745]}}, {"type": "Feature", "properties": {"FID": 1840029698, "OBJECTID": 1840029698, "CITY_NAME": "Moscow", "ADMIN_NAME": "Iowa", "CNTRY_NAME": "United States", "POP": 494}, "geometry": {"type": "Point", "coordinates": [-91.0822, 41.5724]}}, {"type": "Feature", "properties": {"FID": 1840007017, "OBJECTID": 1840007017, "CITY_NAME": "Collins", "ADMIN_NAME": "Iowa", "CNTRY_NAME": "United States", "POP": 493}, "geometry": {"type": "Point", "coordinates": [-93.3082, 41.902]}}, {"type": "Feature", "properties": {"FID": 1840008095, "OBJECTID": 1840008095, "CITY_NAME": "Norway", "ADMIN_NAME": "Iowa", "CNTRY_NAME": "United States", "POP": 490}, "geometry": {"type": "Point", "coordinates": [-91.9227, 41.9022]}}, {"type": "Feature", "properties": {"FID": 1840007004, "OBJECTID": 1840007004, "CITY_NAME": "Charter Oak", "ADMIN_NAME": "Iowa", "CNTRY_NAME": "United States", "POP": 489}, "geometry": {"type": "Point", "coordinates": [-95.5897, 42.0682]}}, {"type": "Feature", "properties": {"FID": 1840006951, "OBJECTID": 1840006951, "CITY_NAME": "Anthon", "ADMIN_NAME": "Iowa", "CNTRY_NAME": "United States", "POP": 488}, "geometry": {"type": "Point", "coordinates": [-95.8656, 42.3881]}}, {"type": "Feature", "properties": {"FID": 1840007969, "OBJECTID": 1840007969, "CITY_NAME": "Ocheyedan", "ADMIN_NAME": "Iowa", "CNTRY_NAME": "United States", "POP": 486}, "geometry": {"type": "Point", "coordinates": [-95.5366, 43.4182]}}, {"type": "Feature", "properties": {"FID": 1840009334, "OBJECTID": 1840009334, "CITY_NAME": "Packwood", "ADMIN_NAME": "Iowa", "CNTRY_NAME": "United States", "POP": 484}, "geometry": {"type": "Point", "coordinates": [-92.0825, 41.1327]}}, {"type": "Feature", "properties": {"FID": 1840007196, "OBJECTID": 1840007196, "CITY_NAME": "Diagonal", "ADMIN_NAME": "Iowa", "CNTRY_NAME": "United States", "POP": 481}, "geometry": {"type": "Point", "coordinates": [-94.342, 40.8104]}}, {"type": "Feature", "properties": {"FID": 1840009030, "OBJECTID": 1840009030, "CITY_NAME": "Stacyville", "ADMIN_NAME": "Iowa", "CNTRY_NAME": "United States", "POP": 480}, "geometry": {"type": "Point", "coordinates": [-92.7841, 43.4392]}}, {"type": "Feature", "properties": {"FID": 1840007191, "OBJECTID": 1840007191, "CITY_NAME": "Birmingham", "ADMIN_NAME": "Iowa", "CNTRY_NAME": "United States", "POP": 479}, "geometry": {"type": "Point", "coordinates": [-91.9472, 40.878]}}, {"type": "Feature", "properties": {"FID": 1840009081, "OBJECTID": 1840009081, "CITY_NAME": "Livermore", "ADMIN_NAME": "Iowa", "CNTRY_NAME": "United States", "POP": 478}, "geometry": {"type": "Point", "coordinates": [-94.1841, 42.8681]}}, {"type": "Feature", "properties": {"FID": 1840006858, "OBJECTID": 1840006858, "CITY_NAME": "Doon", "ADMIN_NAME": "Iowa", "CNTRY_NAME": "United States", "POP": 477}, "geometry": {"type": "Point", "coordinates": [-96.2329, 43.279]}}, {"type": "Feature", "properties": {"FID": 1840009342, "OBJECTID": 1840009342, "CITY_NAME": "Lovilia", "ADMIN_NAME": "Iowa", "CNTRY_NAME": "United States", "POP": 477}, "geometry": {"type": "Point", "coordinates": [-92.908, 41.1349]}}, {"type": "Feature", "properties": {"FID": 1840006939, "OBJECTID": 1840006939, "CITY_NAME": "Badger", "ADMIN_NAME": "Iowa", "CNTRY_NAME": "United States", "POP": 475}, "geometry": {"type": "Point", "coordinates": [-94.1446, 42.6141]}}, {"type": "Feature", "properties": {"FID": 1840007014, "OBJECTID": 1840007014, "CITY_NAME": "Churdan", "ADMIN_NAME": "Iowa", "CNTRY_NAME": "United States", "POP": 473}, "geometry": {"type": "Point", "coordinates": [-94.4781, 42.1542]}}, {"type": "Feature", "properties": {"FID": 1840008160, "OBJECTID": 1840008160, "CITY_NAME": "Earling", "ADMIN_NAME": "Iowa", "CNTRY_NAME": "United States", "POP": 466}, "geometry": {"type": "Point", "coordinates": [-95.419, 41.7763]}}, {"type": "Feature", "properties": {"FID": 1840008236, "OBJECTID": 1840008236, "CITY_NAME": "Lewis", "ADMIN_NAME": "Iowa", "CNTRY_NAME": "United States", "POP": 465}, "geometry": {"type": "Point", "coordinates": [-95.0842, 41.3064]}}, {"type": "Feature", "properties": {"FID": 1840007114, "OBJECTID": 1840007114, "CITY_NAME": "Bussey", "ADMIN_NAME": "Iowa", "CNTRY_NAME": "United States", "POP": 453}, "geometry": {"type": "Point", "coordinates": [-92.8843, 41.2054]}}, {"type": "Feature", "properties": {"FID": 1840006887, "OBJECTID": 1840006887, "CITY_NAME": "Clermont", "ADMIN_NAME": "Iowa", "CNTRY_NAME": "United States", "POP": 452}, "geometry": {"type": "Point", "coordinates": [-91.6523, 42.9999]}}, {"type": "Feature", "properties": {"FID": 1840006888, "OBJECTID": 1840006888, "CITY_NAME": "Arlington", "ADMIN_NAME": "Iowa", "CNTRY_NAME": "United States", "POP": 452}, "geometry": {"type": "Point", "coordinates": [-91.671, 42.7488]}}, {"type": "Feature", "properties": {"FID": 1840008305, "OBJECTID": 1840008305, "CITY_NAME": "Milton", "ADMIN_NAME": "Iowa", "CNTRY_NAME": "United States", "POP": 451}, "geometry": {"type": "Point", "coordinates": [-92.1619, 40.6715]}}, {"type": "Feature", "properties": {"FID": 1840008006, "OBJECTID": 1840008006, "CITY_NAME": "Maynard", "ADMIN_NAME": "Iowa", "CNTRY_NAME": "United States", "POP": 448}, "geometry": {"type": "Point", "coordinates": [-91.8774, 42.7738]}}, {"type": "Feature", "properties": {"FID": 1840009017, "OBJECTID": 1840009017, "CITY_NAME": "Thompson", "ADMIN_NAME": "Iowa", "CNTRY_NAME": "United States", "POP": 448}, "geometry": {"type": "Point", "coordinates": [-93.7747, 43.37]}}, {"type": "Feature", "properties": {"FID": 1840009153, "OBJECTID": 1840009153, "CITY_NAME": "Oxford Junction", "ADMIN_NAME": "Iowa", "CNTRY_NAME": "United States", "POP": 447}, "geometry": {"type": "Point", "coordinates": [-90.9544, 41.9838]}}, {"type": "Feature", "properties": {"FID": 1840007186, "OBJECTID": 1840007186, "CITY_NAME": "Clearfield", "ADMIN_NAME": "Iowa", "CNTRY_NAME": "United States", "POP": 444}, "geometry": {"type": "Point", "coordinates": [-94.4836, 40.8028]}}, {"type": "Feature", "properties": {"FID": 1840007096, "OBJECTID": 1840007096, "CITY_NAME": "Conesville", "ADMIN_NAME": "Iowa", "CNTRY_NAME": "United States", "POP": 440}, "geometry": {"type": "Point", "coordinates": [-91.3486, 41.3795]}}, {"type": "Feature", "properties": {"FID": 1840008246, "OBJECTID": 1840008246, "CITY_NAME": "Grandview", "ADMIN_NAME": "Iowa", "CNTRY_NAME": "United States", "POP": 438}, "geometry": {"type": "Point", "coordinates": [-91.188, 41.2771]}}, {"type": "Feature", "properties": {"FID": 1840010058, "OBJECTID": 1840010058, "CITY_NAME": "Wahpeton", "ADMIN_NAME": "Iowa", "CNTRY_NAME": "United States", "POP": 436}, "geometry": {"type": "Point", "coordinates": [-95.1744, 43.3742]}}, {"type": "Feature", "properties": {"FID": 1840004701, "OBJECTID": 1840004701, "CITY_NAME": "Breda", "ADMIN_NAME": "Iowa", "CNTRY_NAME": "United States", "POP": 436}, "geometry": {"type": "Point", "coordinates": [-94.975, 42.184]}}, {"type": "Feature", "properties": {"FID": 1840009343, "OBJECTID": 1840009343, "CITY_NAME": "Silver City", "ADMIN_NAME": "Iowa", "CNTRY_NAME": "United States", "POP": 435}, "geometry": {"type": "Point", "coordinates": [-95.6381, 41.1116]}}, {"type": "Feature", "properties": {"FID": 1840008124, "OBJECTID": 1840008124, "CITY_NAME": "McCallsburg", "ADMIN_NAME": "Iowa", "CNTRY_NAME": "United States", "POP": 435}, "geometry": {"type": "Point", "coordinates": [-93.3906, 42.1648]}}, {"type": "Feature", "properties": {"FID": 1840009172, "OBJECTID": 1840009172, "CITY_NAME": "Scranton", "ADMIN_NAME": "Iowa", "CNTRY_NAME": "United States", "POP": 434}, "geometry": {"type": "Point", "coordinates": [-94.5492, 42.0192]}}, {"type": "Feature", "properties": {"FID": 1840008014, "OBJECTID": 1840008014, "CITY_NAME": "Marquette", "ADMIN_NAME": "Iowa", "CNTRY_NAME": "United States", "POP": 432}, "geometry": {"type": "Point", "coordinates": [-91.192, 43.0443]}}, {"type": "Feature", "properties": {"FID": 1840008106, "OBJECTID": 1840008106, "CITY_NAME": "Martelle", "ADMIN_NAME": "Iowa", "CNTRY_NAME": "United States", "POP": 432}, "geometry": {"type": "Point", "coordinates": [-91.3578, 42.0204]}}, {"type": "Feature", "properties": {"FID": 1840008071, "OBJECTID": 1840008071, "CITY_NAME": "Galva", "ADMIN_NAME": "Iowa", "CNTRY_NAME": "United States", "POP": 432}, "geometry": {"type": "Point", "coordinates": [-95.418, 42.5057]}}, {"type": "Feature", "properties": {"FID": 1840010135, "OBJECTID": 1840010135, "CITY_NAME": "Vail", "ADMIN_NAME": "Iowa", "CNTRY_NAME": "United States", "POP": 431}, "geometry": {"type": "Point", "coordinates": [-95.2005, 42.0597]}}, {"type": "Feature", "properties": {"FID": 1840007040, "OBJECTID": 1840007040, "CITY_NAME": "Charlotte", "ADMIN_NAME": "Iowa", "CNTRY_NAME": "United States", "POP": 431}, "geometry": {"type": "Point", "coordinates": [-90.4682, 41.9621]}}, {"type": "Feature", "properties": {"FID": 1840007977, "OBJECTID": 1840007977, "CITY_NAME": "New Albin", "ADMIN_NAME": "Iowa", "CNTRY_NAME": "United States", "POP": 424}, "geometry": {"type": "Point", "coordinates": [-91.2878, 43.497]}}, {"type": "Feature", "properties": {"FID": 1840010054, "OBJECTID": 1840010054, "CITY_NAME": "Titonka", "ADMIN_NAME": "Iowa", "CNTRY_NAME": "United States", "POP": 423}, "geometry": {"type": "Point", "coordinates": [-94.0413, 43.2372]}}, {"type": "Feature", "properties": {"FID": 1840008274, "OBJECTID": 1840008274, "CITY_NAME": "Elliott", "ADMIN_NAME": "Iowa", "CNTRY_NAME": "United States", "POP": 419}, "geometry": {"type": "Point", "coordinates": [-95.163, 41.1494]}}, {"type": "Feature", "properties": {"FID": 1840007048, "OBJECTID": 1840007048, "CITY_NAME": "Bennett", "ADMIN_NAME": "Iowa", "CNTRY_NAME": "United States", "POP": 418}, "geometry": {"type": "Point", "coordinates": [-90.9735, 41.74]}}, {"type": "Feature", "properties": {"FID": 1840008072, "OBJECTID": 1840008072, "CITY_NAME": "Farnhamville", "ADMIN_NAME": "Iowa", "CNTRY_NAME": "United States", "POP": 417}, "geometry": {"type": "Point", "coordinates": [-94.4078, 42.2767]}}, {"type": "Feature", "properties": {"FID": 1840007043, "OBJECTID": 1840007043, "CITY_NAME": "Delmar", "ADMIN_NAME": "Iowa", "CNTRY_NAME": "United States", "POP": 417}, "geometry": {"type": "Point", "coordinates": [-90.608, 41.9989]}}, {"type": "Feature", "properties": {"FID": 1840009034, "OBJECTID": 1840009034, "CITY_NAME": "Little Rock", "ADMIN_NAME": "Iowa", "CNTRY_NAME": "United States", "POP": 416}, "geometry": {"type": "Point", "coordinates": [-95.8804, 43.4471]}}, {"type": "Feature", "properties": {"FID": 1840009110, "OBJECTID": 1840009110, "CITY_NAME": "Salix", "ADMIN_NAME": "Iowa", "CNTRY_NAME": "United States", "POP": 413}, "geometry": {"type": "Point", "coordinates": [-96.3035, 42.3158]}}, {"type": "Feature", "properties": {"FID": 1840007201, "OBJECTID": 1840007201, "CITY_NAME": "Allerton", "ADMIN_NAME": "Iowa", "CNTRY_NAME": "United States", "POP": 413}, "geometry": {"type": "Point", "coordinates": [-93.3692, 40.7077]}}, {"type": "Feature", "properties": {"FID": 1840009297, "OBJECTID": 1840009297, "CITY_NAME": "Orient", "ADMIN_NAME": "Iowa", "CNTRY_NAME": "United States", "POP": 411}, "geometry": {"type": "Point", "coordinates": [-94.4174, 41.2033]}}, {"type": "Feature", "properties": {"FID": 1840009036, "OBJECTID": 1840009036, "CITY_NAME": "Lime Springs", "ADMIN_NAME": "Iowa", "CNTRY_NAME": "United States", "POP": 410}, "geometry": {"type": "Point", "coordinates": [-92.2841, 43.4499]}}, {"type": "Feature", "properties": {"FID": 1840008235, "OBJECTID": 1840008235, "CITY_NAME": "Massena", "ADMIN_NAME": "Iowa", "CNTRY_NAME": "United States", "POP": 410}, "geometry": {"type": "Point", "coordinates": [-94.7698, 41.2506]}}, {"type": "Feature", "properties": {"FID": 1840009040, "OBJECTID": 1840009040, "CITY_NAME": "Spillville", "ADMIN_NAME": "Iowa", "CNTRY_NAME": "United States", "POP": 409}, "geometry": {"type": "Point", "coordinates": [-91.9523, 43.2031]}}, {"type": "Feature", "properties": {"FID": 1840009237, "OBJECTID": 1840009237, "CITY_NAME": "Riverdale", "ADMIN_NAME": "Iowa", "CNTRY_NAME": "United States", "POP": 408}, "geometry": {"type": "Point", "coordinates": [-90.464, 41.537]}}, {"type": "Feature", "properties": {"FID": 1840008301, "OBJECTID": 1840008301, "CITY_NAME": "New Market", "ADMIN_NAME": "Iowa", "CNTRY_NAME": "United States", "POP": 407}, "geometry": {"type": "Point", "coordinates": [-94.9004, 40.7324]}}, {"type": "Feature", "properties": {"FID": 1840007038, "OBJECTID": 1840007038, "CITY_NAME": "Calamus", "ADMIN_NAME": "Iowa", "CNTRY_NAME": "United States", "POP": 405}, "geometry": {"type": "Point", "coordinates": [-90.7597, 41.8264]}}, {"type": "Feature", "properties": {"FID": 1840009052, "OBJECTID": 1840009052, "CITY_NAME": "Plymouth", "ADMIN_NAME": "Iowa", "CNTRY_NAME": "United States", "POP": 405}, "geometry": {"type": "Point", "coordinates": [-93.1233, 43.2464]}}, {"type": "Feature", "properties": {"FID": 1840010094, "OBJECTID": 1840010094, "CITY_NAME": "Worthington", "ADMIN_NAME": "Iowa", "CNTRY_NAME": "United States", "POP": 401}, "geometry": {"type": "Point", "coordinates": [-91.1207, 42.398]}}, {"type": "Feature", "properties": {"FID": 1840007064, "OBJECTID": 1840007064, "CITY_NAME": "Alleman", "ADMIN_NAME": "Iowa", "CNTRY_NAME": "United States", "POP": 400}, "geometry": {"type": "Point", "coordinates": [-93.6092, 41.8149]}}, {"type": "Feature", "properties": {"FID": 1840007074, "OBJECTID": 1840007074, "CITY_NAME": "Bayard", "ADMIN_NAME": "Iowa", "CNTRY_NAME": "United States", "POP": 399}, "geometry": {"type": "Point", "coordinates": [-94.5585, 41.8522]}}, {"type": "Feature", "properties": {"FID": 1840008297, "OBJECTID": 1840008297, "CITY_NAME": "Farragut", "ADMIN_NAME": "Iowa", "CNTRY_NAME": "United States", "POP": 397}, "geometry": {"type": "Point", "coordinates": [-95.4808, 40.7201]}}, {"type": "Feature", "properties": {"FID": 1840009101, "OBJECTID": 1840009101, "CITY_NAME": "Otho", "ADMIN_NAME": "Iowa", "CNTRY_NAME": "United States", "POP": 397}, "geometry": {"type": "Point", "coordinates": [-94.1494, 42.4222]}}, {"type": "Feature", "properties": {"FID": 1840009221, "OBJECTID": 1840009221, "CITY_NAME": "Runnells", "ADMIN_NAME": "Iowa", "CNTRY_NAME": "United States", "POP": 397}, "geometry": {"type": "Point", "coordinates": [-93.3601, 41.5141]}}, {"type": "Feature", "properties": {"FID": 1840008001, "OBJECTID": 1840008001, "CITY_NAME": "Lawler", "ADMIN_NAME": "Iowa", "CNTRY_NAME": "United States", "POP": 397}, "geometry": {"type": "Point", "coordinates": [-92.1533, 43.0721]}}, {"type": "Feature", "properties": {"FID": 1840008203, "OBJECTID": 1840008203, "CITY_NAME": "Nichols", "ADMIN_NAME": "Iowa", "CNTRY_NAME": "United States", "POP": 393}, "geometry": {"type": "Point", "coordinates": [-91.3079, 41.48]}}, {"type": "Feature", "properties": {"FID": 1840009194, "OBJECTID": 1840009194, "CITY_NAME": "Lost Nation", "ADMIN_NAME": "Iowa", "CNTRY_NAME": "United States", "POP": 393}, "geometry": {"type": "Point", "coordinates": [-90.8181, 41.9676]}}, {"type": "Feature", "properties": {"FID": 1840006979, "OBJECTID": 1840006979, "CITY_NAME": "Andrew", "ADMIN_NAME": "Iowa", "CNTRY_NAME": "United States", "POP": 393}, "geometry": {"type": "Point", "coordinates": [-90.5922, 42.1532]}}, {"type": "Feature", "properties": {"FID": 1840008089, "OBJECTID": 1840008089, "CITY_NAME": "Miles", "ADMIN_NAME": "Iowa", "CNTRY_NAME": "United States", "POP": 392}, "geometry": {"type": "Point", "coordinates": [-90.3133, 42.0481]}}, {"type": "Feature", "properties": {"FID": 1840010101, "OBJECTID": 1840010101, "CITY_NAME": "Union", "ADMIN_NAME": "Iowa", "CNTRY_NAME": "United States", "POP": 391}, "geometry": {"type": "Point", "coordinates": [-93.0625, 42.2435]}}, {"type": "Feature", "properties": {"FID": 1840006906, "OBJECTID": 1840006906, "CITY_NAME": "Bode", "ADMIN_NAME": "Iowa", "CNTRY_NAME": "United States", "POP": 388}, "geometry": {"type": "Point", "coordinates": [-94.2863, 42.868]}}, {"type": "Feature", "properties": {"FID": 1840007072, "OBJECTID": 1840007072, "CITY_NAME": "Casey", "ADMIN_NAME": "Iowa", "CNTRY_NAME": "United States", "POP": 387}, "geometry": {"type": "Point", "coordinates": [-94.5214, 41.5075]}}, {"type": "Feature", "properties": {"FID": 1840008126, "OBJECTID": 1840008126, "CITY_NAME": "Kelley", "ADMIN_NAME": "Iowa", "CNTRY_NAME": "United States", "POP": 386}, "geometry": {"type": "Point", "coordinates": [-93.6656, 41.951]}}, {"type": "Feature", "properties": {"FID": 1840010059, "OBJECTID": 1840010059, "CITY_NAME": "West Okoboji", "ADMIN_NAME": "Iowa", "CNTRY_NAME": "United States", "POP": 384}, "geometry": {"type": "Point", "coordinates": [-95.1635, 43.3489]}}, {"type": "Feature", "properties": {"FID": 1840007009, "OBJECTID": 1840007009, "CITY_NAME": "Dow City", "ADMIN_NAME": "Iowa", "CNTRY_NAME": "United States", "POP": 384}, "geometry": {"type": "Point", "coordinates": [-95.4944, 41.9275]}}, {"type": "Feature", "properties": {"FID": 1840009100, "OBJECTID": 1840009100, "CITY_NAME": "Ryan", "ADMIN_NAME": "Iowa", "CNTRY_NAME": "United States", "POP": 383}, "geometry": {"type": "Point", "coordinates": [-91.4849, 42.3524]}}, {"type": "Feature", "properties": {"FID": 1840009332, "OBJECTID": 1840009332, "CITY_NAME": "Lockridge", "ADMIN_NAME": "Iowa", "CNTRY_NAME": "United States", "POP": 383}, "geometry": {"type": "Point", "coordinates": [-91.7507, 40.9936]}}, {"type": "Feature", "properties": {"FID": 1840008053, "OBJECTID": 1840008053, "CITY_NAME": "Duncombe", "ADMIN_NAME": "Iowa", "CNTRY_NAME": "United States", "POP": 382}, "geometry": {"type": "Point", "coordinates": [-93.9968, 42.4698]}}, {"type": "Feature", "properties": {"FID": 1840008249, "OBJECTID": 1840008249, "CITY_NAME": "Letts", "ADMIN_NAME": "Iowa", "CNTRY_NAME": "United States", "POP": 382}, "geometry": {"type": "Point", "coordinates": [-91.2354, 41.3301]}}, {"type": "Feature", "properties": {"FID": 1840007192, "OBJECTID": 1840007192, "CITY_NAME": "Bonaparte", "ADMIN_NAME": "Iowa", "CNTRY_NAME": "United States", "POP": 382}, "geometry": {"type": "Point", "coordinates": [-91.8006, 40.7012]}}, {"type": "Feature", "properties": {"FID": 1840007083, "OBJECTID": 1840007083, "CITY_NAME": "Donahue", "ADMIN_NAME": "Iowa", "CNTRY_NAME": "United States", "POP": 382}, "geometry": {"type": "Point", "coordinates": [-90.6747, 41.6916]}}, {"type": "Feature", "properties": {"FID": 1840006937, "OBJECTID": 1840006937, "CITY_NAME": "Callender", "ADMIN_NAME": "Iowa", "CNTRY_NAME": "United States", "POP": 381}, "geometry": {"type": "Point", "coordinates": [-94.2955, 42.3616]}}, {"type": "Feature", "properties": {"FID": 1840009089, "OBJECTID": 1840009089, "CITY_NAME": "Plainfield", "ADMIN_NAME": "Iowa", "CNTRY_NAME": "United States", "POP": 379}, "geometry": {"type": "Point", "coordinates": [-92.5359, 42.8447]}}, {"type": "Feature", "properties": {"FID": 1840008153, "OBJECTID": 1840008153, "CITY_NAME": "Mondamin", "ADMIN_NAME": "Iowa", "CNTRY_NAME": "United States", "POP": 378}, "geometry": {"type": "Point", "coordinates": [-96.0215, 41.71]}}, {"type": "Feature", "properties": {"FID": 1840008048, "OBJECTID": 1840008048, "CITY_NAME": "New Vienna", "ADMIN_NAME": "Iowa", "CNTRY_NAME": "United States", "POP": 377}, "geometry": {"type": "Point", "coordinates": [-91.1138, 42.5478]}}, {"type": "Feature", "properties": {"FID": 1840009348, "OBJECTID": 1840009348, "CITY_NAME": "Lorimor", "ADMIN_NAME": "Iowa", "CNTRY_NAME": "United States", "POP": 375}, "geometry": {"type": "Point", "coordinates": [-94.0569, 41.1268]}}, {"type": "Feature", "properties": {"FID": 1840008264, "OBJECTID": 1840008264, "CITY_NAME": "Libertyville", "ADMIN_NAME": "Iowa", "CNTRY_NAME": "United States", "POP": 373}, "geometry": {"type": "Point", "coordinates": [-92.0496, 40.9582]}}, {"type": "Feature", "properties": {"FID": 1840008173, "OBJECTID": 1840008173, "CITY_NAME": "Mingo", "ADMIN_NAME": "Iowa", "CNTRY_NAME": "United States", "POP": 373}, "geometry": {"type": "Point", "coordinates": [-93.2825, 41.7662]}}, {"type": "Feature", "properties": {"FID": 1840009058, "OBJECTID": 1840009058, "CITY_NAME": "Peterson", "ADMIN_NAME": "Iowa", "CNTRY_NAME": "United States", "POP": 373}, "geometry": {"type": "Point", "coordinates": [-95.3434, 42.9176]}}, {"type": "Feature", "properties": {"FID": 1840009037, "OBJECTID": 1840009037, "CITY_NAME": "Protivin", "ADMIN_NAME": "Iowa", "CNTRY_NAME": "United States", "POP": 368}, "geometry": {"type": "Point", "coordinates": [-92.089, 43.2167]}}, {"type": "Feature", "properties": {"FID": 1840009390, "OBJECTID": 1840009390, "CITY_NAME": "Pulaski", "ADMIN_NAME": "Iowa", "CNTRY_NAME": "United States", "POP": 365}, "geometry": {"type": "Point", "coordinates": [-92.2739, 40.6942]}}, {"type": "Feature", "properties": {"FID": 1840008011, "OBJECTID": 1840008011, "CITY_NAME": "Farmersburg", "ADMIN_NAME": "Iowa", "CNTRY_NAME": "United States", "POP": 364}, "geometry": {"type": "Point", "coordinates": [-91.3667, 42.9593]}}, {"type": "Feature", "properties": {"FID": 1840009338, "OBJECTID": 1840009338, "CITY_NAME": "Salem", "ADMIN_NAME": "Iowa", "CNTRY_NAME": "United States", "POP": 363}, "geometry": {"type": "Point", "coordinates": [-91.6206, 40.852]}}, {"type": "Feature", "properties": {"FID": 1840009027, "OBJECTID": 1840009027, "CITY_NAME": "Ringsted", "ADMIN_NAME": "Iowa", "CNTRY_NAME": "United States", "POP": 361}, "geometry": {"type": "Point", "coordinates": [-94.5074, 43.2951]}}, {"type": "Feature", "properties": {"FID": 1840009025, "OBJECTID": 1840009025, "CITY_NAME": "Terril", "ADMIN_NAME": "Iowa", "CNTRY_NAME": "United States", "POP": 357}, "geometry": {"type": "Point", "coordinates": [-94.9689, 43.3058]}}, {"type": "Feature", "properties": {"FID": 1840010055, "OBJECTID": 1840010055, "CITY_NAME": "Wesley", "ADMIN_NAME": "Iowa", "CNTRY_NAME": "United States", "POP": 356}, "geometry": {"type": "Point", "coordinates": [-93.9929, 43.0891]}}, {"type": "Feature", "properties": {"FID": 1840008177, "OBJECTID": 1840008177, "CITY_NAME": "Menlo", "ADMIN_NAME": "Iowa", "CNTRY_NAME": "United States", "POP": 355}, "geometry": {"type": "Point", "coordinates": [-94.4045, 41.5222]}}, {"type": "Feature", "properties": {"FID": 1840057525, "OBJECTID": 1840057525, "CITY_NAME": "Sandusky", "ADMIN_NAME": "Iowa", "CNTRY_NAME": "United States", "POP": 355}, "geometry": {"type": "Point", "coordinates": [-91.3868, 40.4579]}}, {"type": "Feature", "properties": {"FID": 1840009104, "OBJECTID": 1840009104, "CITY_NAME": "Rowley", "ADMIN_NAME": "Iowa", "CNTRY_NAME": "United States", "POP": 354}, "geometry": {"type": "Point", "coordinates": [-91.8443, 42.3685]}}, {"type": "Feature", "properties": {"FID": 1840008056, "OBJECTID": 1840008056, "CITY_NAME": "Lehigh", "ADMIN_NAME": "Iowa", "CNTRY_NAME": "United States", "POP": 354}, "geometry": {"type": "Point", "coordinates": [-94.0535, 42.3575]}}, {"type": "Feature", "properties": {"FID": 1840010132, "OBJECTID": 1840010132, "CITY_NAME": "Ute", "ADMIN_NAME": "Iowa", "CNTRY_NAME": "United States", "POP": 351}, "geometry": {"type": "Point", "coordinates": [-95.7058, 42.0503]}}, {"type": "Feature", "properties": {"FID": 1840009173, "OBJECTID": 1840009173, "CITY_NAME": "Sheldahl", "ADMIN_NAME": "Iowa", "CNTRY_NAME": "United States", "POP": 348}, "geometry": {"type": "Point", "coordinates": [-93.6967, 41.8646]}}, {"type": "Feature", "properties": {"FID": 1840009115, "OBJECTID": 1840009115, "CITY_NAME": "Lohrville", "ADMIN_NAME": "Iowa", "CNTRY_NAME": "United States", "POP": 347}, "geometry": {"type": "Point", "coordinates": [-94.5515, 42.267]}}, {"type": "Feature", "properties": {"FID": 1840008184, "OBJECTID": 1840008184, "CITY_NAME": "McCausland", "ADMIN_NAME": "Iowa", "CNTRY_NAME": "United States", "POP": 346}, "geometry": {"type": "Point", "coordinates": [-90.4461, 41.7435]}}, {"type": "Feature", "properties": {"FID": 1840006966, "OBJECTID": 1840006966, "CITY_NAME": "Holland", "ADMIN_NAME": "Iowa", "CNTRY_NAME": "United States", "POP": 343}, "geometry": {"type": "Point", "coordinates": [-92.7988, 42.4001]}}, {"type": "Feature", "properties": {"FID": 1840006991, "OBJECTID": 1840006991, "CITY_NAME": "Chelsea", "ADMIN_NAME": "Iowa", "CNTRY_NAME": "United States", "POP": 342}, "geometry": {"type": "Point", "coordinates": [-92.3945, 41.9204]}}, {"type": "Feature", "properties": {"FID": 1840007979, "OBJECTID": 1840007979, "CITY_NAME": "Fort Atkinson", "ADMIN_NAME": "Iowa", "CNTRY_NAME": "United States", "POP": 340}, "geometry": {"type": "Point", "coordinates": [-91.9346, 43.1443]}}, {"type": "Feature", "properties": {"FID": 1840010188, "OBJECTID": 1840010188, "CITY_NAME": "Yale", "ADMIN_NAME": "Iowa", "CNTRY_NAME": "United States", "POP": 337}, "geometry": {"type": "Point", "coordinates": [-94.3578, 41.7751]}}, {"type": "Feature", "properties": {"FID": 1840007181, "OBJECTID": 1840007181, "CITY_NAME": "Coin", "ADMIN_NAME": "Iowa", "CNTRY_NAME": "United States", "POP": 335}, "geometry": {"type": "Point", "coordinates": [-95.2349, 40.6558]}}, {"type": "Feature", "properties": {"FID": 1840006952, "OBJECTID": 1840006952, "CITY_NAME": "Hornick", "ADMIN_NAME": "Iowa", "CNTRY_NAME": "United States", "POP": 335}, "geometry": {"type": "Point", "coordinates": [-96.0972, 42.2305]}}, {"type": "Feature", "properties": {"FID": 1840007110, "OBJECTID": 1840007110, "CITY_NAME": "Delta", "ADMIN_NAME": "Iowa", "CNTRY_NAME": "United States", "POP": 332}, "geometry": {"type": "Point", "coordinates": [-92.3305, 41.3228]}}, {"type": "Feature", "properties": {"FID": 1840010100, "OBJECTID": 1840010100, "CITY_NAME": "Williams", "ADMIN_NAME": "Iowa", "CNTRY_NAME": "United States", "POP": 330}, "geometry": {"type": "Point", "coordinates": [-93.5412, 42.4892]}}, {"type": "Feature", "properties": {"FID": 1840010074, "OBJECTID": 1840010074, "CITY_NAME": "Waucoma", "ADMIN_NAME": "Iowa", "CNTRY_NAME": "United States", "POP": 330}, "geometry": {"type": "Point", "coordinates": [-92.0344, 43.0555]}}, {"type": "Feature", "properties": {"FID": 1840006944, "OBJECTID": 1840006944, "CITY_NAME": "Brandon", "ADMIN_NAME": "Iowa", "CNTRY_NAME": "United States", "POP": 328}, "geometry": {"type": "Point", "coordinates": [-92.0034, 42.3151]}}, {"type": "Feature", "properties": {"FID": 1840009207, "OBJECTID": 1840009207, "CITY_NAME": "Persia", "ADMIN_NAME": "Iowa", "CNTRY_NAME": "United States", "POP": 327}, "geometry": {"type": "Point", "coordinates": [-95.5701, 41.5785]}}, {"type": "Feature", "properties": {"FID": 1840009112, "OBJECTID": 1840009112, "CITY_NAME": "Lytton", "ADMIN_NAME": "Iowa", "CNTRY_NAME": "United States", "POP": 325}, "geometry": {"type": "Point", "coordinates": [-94.8609, 42.4233]}}, {"type": "Feature", "properties": {"FID": 1840009157, "OBJECTID": 1840009157, "CITY_NAME": "Liscomb", "ADMIN_NAME": "Iowa", "CNTRY_NAME": "United States", "POP": 323}, "geometry": {"type": "Point", "coordinates": [-93.0063, 42.1912]}}, {"type": "Feature", "properties": {"FID": 1840007101, "OBJECTID": 1840007101, "CITY_NAME": "Crawfordsville", "ADMIN_NAME": "Iowa", "CNTRY_NAME": "United States", "POP": 322}, "geometry": {"type": "Point", "coordinates": [-91.5366, 41.2139]}}, {"type": "Feature", "properties": {"FID": 1840029701, "OBJECTID": 1840029701, "CITY_NAME": "Holiday Lake", "ADMIN_NAME": "Iowa", "CNTRY_NAME": "United States", "POP": 321}, "geometry": {"type": "Point", "coordinates": [-92.4529, 41.8175]}}, {"type": "Feature", "properties": {"FID": 1840008159, "OBJECTID": 1840008159, "CITY_NAME": "Minburn", "ADMIN_NAME": "Iowa", "CNTRY_NAME": "United States", "POP": 319}, "geometry": {"type": "Point", "coordinates": [-94.0285, 41.7576]}}, {"type": "Feature", "properties": {"FID": 1840008282, "OBJECTID": 1840008282, "CITY_NAME": "Middletown", "ADMIN_NAME": "Iowa", "CNTRY_NAME": "United States", "POP": 319}, "geometry": {"type": "Point", "coordinates": [-91.2622, 40.8279]}}, {"type": "Feature", "properties": {"FID": 1840008000, "OBJECTID": 1840008000, "CITY_NAME": "Ionia", "ADMIN_NAME": "Iowa", "CNTRY_NAME": "United States", "POP": 318}, "geometry": {"type": "Point", "coordinates": [-92.4584, 43.0359]}}, {"type": "Feature", "properties": {"FID": 1840006990, "OBJECTID": 1840006990, "CITY_NAME": "Clutier", "ADMIN_NAME": "Iowa", "CNTRY_NAME": "United States", "POP": 318}, "geometry": {"type": "Point", "coordinates": [-92.4036, 42.0793]}}, {"type": "Feature", "properties": {"FID": 1840007062, "OBJECTID": 1840007062, "CITY_NAME": "Deep River", "ADMIN_NAME": "Iowa", "CNTRY_NAME": "United States", "POP": 315}, "geometry": {"type": "Point", "coordinates": [-92.3729, 41.5816]}}, {"type": "Feature", "properties": {"FID": 1840009021, "OBJECTID": 1840009021, "CITY_NAME": "Lu Verne", "ADMIN_NAME": "Iowa", "CNTRY_NAME": "United States", "POP": 315}, "geometry": {"type": "Point", "coordinates": [-94.0836, 42.9095]}}, {"type": "Feature", "properties": {"FID": 1840009162, "OBJECTID": 1840009162, "CITY_NAME": "Templeton", "ADMIN_NAME": "Iowa", "CNTRY_NAME": "United States", "POP": 314}, "geometry": {"type": "Point", "coordinates": [-94.9413, 41.918]}}, {"type": "Feature", "properties": {"FID": 1840007968, "OBJECTID": 1840007968, "CITY_NAME": "Melvin", "ADMIN_NAME": "Iowa", "CNTRY_NAME": "United States", "POP": 311}, "geometry": {"type": "Point", "coordinates": [-95.609, 43.2866]}}, {"type": "Feature", "properties": {"FID": 1840008137, "OBJECTID": 1840008137, "CITY_NAME": "Goose Lake", "ADMIN_NAME": "Iowa", "CNTRY_NAME": "United States", "POP": 309}, "geometry": {"type": "Point", "coordinates": [-90.3817, 41.9676]}}, {"type": "Feature", "properties": {"FID": 1840007007, "OBJECTID": 1840007007, "CITY_NAME": "Deloit", "ADMIN_NAME": "Iowa", "CNTRY_NAME": "United States", "POP": 309}, "geometry": {"type": "Point", "coordinates": [-95.3174, 42.0972]}}, {"type": "Feature", "properties": {"FID": 1840007975, "OBJECTID": 1840007975, "CITY_NAME": "Lester", "ADMIN_NAME": "Iowa", "CNTRY_NAME": "United States", "POP": 308}, "geometry": {"type": "Point", "coordinates": [-96.3314, 43.4403]}}, {"type": "Feature", "properties": {"FID": 1840008002, "OBJECTID": 1840008002, "CITY_NAME": "Floyd", "ADMIN_NAME": "Iowa", "CNTRY_NAME": "United States", "POP": 308}, "geometry": {"type": "Point", "coordinates": [-92.7399, 43.1282]}}, {"type": "Feature", "properties": {"FID": 1840007001, "OBJECTID": 1840007001, "CITY_NAME": "Halbur", "ADMIN_NAME": "Iowa", "CNTRY_NAME": "United States", "POP": 307}, "geometry": {"type": "Point", "coordinates": [-94.9723, 42.0051]}}, {"type": "Feature", "properties": {"FID": 1840008215, "OBJECTID": 1840008215, "CITY_NAME": "Lacona", "ADMIN_NAME": "Iowa", "CNTRY_NAME": "United States", "POP": 307}, "geometry": {"type": "Point", "coordinates": [-93.385, 41.1901]}}, {"type": "Feature", "properties": {"FID": 1840007190, "OBJECTID": 1840007190, "CITY_NAME": "Cantril", "ADMIN_NAME": "Iowa", "CNTRY_NAME": "United States", "POP": 307}, "geometry": {"type": "Point", "coordinates": [-92.0684, 40.6429]}}, {"type": "Feature", "properties": {"FID": 1840010136, "OBJECTID": 1840010136, "CITY_NAME": "Westside", "ADMIN_NAME": "Iowa", "CNTRY_NAME": "United States", "POP": 307}, "geometry": {"type": "Point", "coordinates": [-95.1014, 42.0757]}}, {"type": "Feature", "properties": {"FID": 1840007134, "OBJECTID": 1840007134, "CITY_NAME": "Columbus City", "ADMIN_NAME": "Iowa", "CNTRY_NAME": "United States", "POP": 306}, "geometry": {"type": "Point", "coordinates": [-91.3748, 41.2592]}}, {"type": "Feature", "properties": {"FID": 1840009152, "OBJECTID": 1840009152, "CITY_NAME": "Onslow", "ADMIN_NAME": "Iowa", "CNTRY_NAME": "United States", "POP": 306}, "geometry": {"type": "Point", "coordinates": [-91.0151, 42.1068]}}, {"type": "Feature", "properties": {"FID": 1840009076, "OBJECTID": 1840009076, "CITY_NAME": "Quimby", "ADMIN_NAME": "Iowa", "CNTRY_NAME": "United States", "POP": 304}, "geometry": {"type": "Point", "coordinates": [-95.6442, 42.629]}}, {"type": "Feature", "properties": {"FID": 1840004579, "OBJECTID": 1840004579, "CITY_NAME": "Bronson", "ADMIN_NAME": "Iowa", "CNTRY_NAME": "United States", "POP": 302}, "geometry": {"type": "Point", "coordinates": [-96.2105, 42.409]}}, {"type": "Feature", "properties": {"FID": 1840007985, "OBJECTID": 1840007985, "CITY_NAME": "Meservey", "ADMIN_NAME": "Iowa", "CNTRY_NAME": "United States", "POP": 300}, "geometry": {"type": "Point", "coordinates": [-93.4733, 42.9157]}}, {"type": "Feature", "properties": {"FID": 1840007097, "OBJECTID": 1840007097, "CITY_NAME": "Atalissa", "ADMIN_NAME": "Iowa", "CNTRY_NAME": "United States", "POP": 297}, "geometry": {"type": "Point", "coordinates": [-91.1664, 41.5715]}}, {"type": "Feature", "properties": {"FID": 1840008162, "OBJECTID": 1840008162, "CITY_NAME": "Irwin", "ADMIN_NAME": "Iowa", "CNTRY_NAME": "United States", "POP": 297}, "geometry": {"type": "Point", "coordinates": [-95.2068, 41.7901]}}, {"type": "Feature", "properties": {"FID": 1840008176, "OBJECTID": 1840008176, "CITY_NAME": "Lambs Grove", "ADMIN_NAME": "Iowa", "CNTRY_NAME": "United States", "POP": 296}, "geometry": {"type": "Point", "coordinates": [-93.0793, 41.7007]}}, {"type": "Feature", "properties": {"FID": 1840006954, "OBJECTID": 1840006954, "CITY_NAME": "Arthur", "ADMIN_NAME": "Iowa", "CNTRY_NAME": "United States", "POP": 295}, "geometry": {"type": "Point", "coordinates": [-95.3468, 42.3354]}}, {"type": "Feature", "properties": {"FID": 1840008166, "OBJECTID": 1840008166, "CITY_NAME": "Kimballton", "ADMIN_NAME": "Iowa", "CNTRY_NAME": "United States", "POP": 294}, "geometry": {"type": "Point", "coordinates": [-95.0747, 41.6272]}}, {"type": "Feature", "properties": {"FID": 1840007956, "OBJECTID": 1840007956, "CITY_NAME": "Fenton", "ADMIN_NAME": "Iowa", "CNTRY_NAME": "United States", "POP": 293}, "geometry": {"type": "Point", "coordinates": [-94.4279, 43.2184]}}, {"type": "Feature", "properties": {"FID": 1840009289, "OBJECTID": 1840009289, "CITY_NAME": "Patterson", "ADMIN_NAME": "Iowa", "CNTRY_NAME": "United States", "POP": 293}, "geometry": {"type": "Point", "coordinates": [-93.8776, 41.3484]}}, {"type": "Feature", "properties": {"FID": 1840008092, "OBJECTID": 1840008092, "CITY_NAME": "Garrison", "ADMIN_NAME": "Iowa", "CNTRY_NAME": "United States", "POP": 292}, "geometry": {"type": "Point", "coordinates": [-92.1441, 42.1452]}}, {"type": "Feature", "properties": {"FID": 1840006950, "OBJECTID": 1840006950, "CITY_NAME": "Danbury", "ADMIN_NAME": "Iowa", "CNTRY_NAME": "United States", "POP": 291}, "geometry": {"type": "Point", "coordinates": [-95.7216, 42.2364]}}, {"type": "Feature", "properties": {"FID": 1840009065, "OBJECTID": 1840009065, "CITY_NAME": "Luana", "ADMIN_NAME": "Iowa", "CNTRY_NAME": "United States", "POP": 291}, "geometry": {"type": "Point", "coordinates": [-91.4557, 43.0594]}}, {"type": "Feature", "properties": {"FID": 1840009109, "OBJECTID": 1840009109, "CITY_NAME": "Pierson", "ADMIN_NAME": "Iowa", "CNTRY_NAME": "United States", "POP": 291}, "geometry": {"type": "Point", "coordinates": [-95.8667, 42.5437]}}, {"type": "Feature", "properties": {"FID": 1840009291, "OBJECTID": 1840009291, "CITY_NAME": "Rose Hill", "ADMIN_NAME": "Iowa", "CNTRY_NAME": "United States", "POP": 286}, "geometry": {"type": "Point", "coordinates": [-92.4637, 41.3203]}}, {"type": "Feature", "properties": {"FID": 1840009159, "OBJECTID": 1840009159, "CITY_NAME": "Rhodes", "ADMIN_NAME": "Iowa", "CNTRY_NAME": "United States", "POP": 285}, "geometry": {"type": "Point", "coordinates": [-93.1837, 41.9278]}}, {"type": "Feature", "properties": {"FID": 1840029700, "OBJECTID": 1840029700, "CITY_NAME": "Diamondhead Lake", "ADMIN_NAME": "Iowa", "CNTRY_NAME": "United States", "POP": 283}, "geometry": {"type": "Point", "coordinates": [-94.258, 41.5507]}}, {"type": "Feature", "properties": {"FID": 1840009215, "OBJECTID": 1840009215, "CITY_NAME": "Panama", "ADMIN_NAME": "Iowa", "CNTRY_NAME": "United States", "POP": 283}, "geometry": {"type": "Point", "coordinates": [-95.4754, 41.7261]}}, {"type": "Feature", "properties": {"FID": 1840006940, "OBJECTID": 1840006940, "CITY_NAME": "Barnum", "ADMIN_NAME": "Iowa", "CNTRY_NAME": "United States", "POP": 279}, "geometry": {"type": "Point", "coordinates": [-94.3657, 42.5062]}}, {"type": "Feature", "properties": {"FID": 1840010087, "OBJECTID": 1840010087, "CITY_NAME": "Thor", "ADMIN_NAME": "Iowa", "CNTRY_NAME": "United States", "POP": 276}, "geometry": {"type": "Point", "coordinates": [-94.0496, 42.6881]}}, {"type": "Feature", "properties": {"FID": 1840009127, "OBJECTID": 1840009127, "CITY_NAME": "Stout", "ADMIN_NAME": "Iowa", "CNTRY_NAME": "United States", "POP": 274}, "geometry": {"type": "Point", "coordinates": [-92.7115, 42.527]}}, {"type": "Feature", "properties": {"FID": 1840006900, "OBJECTID": 1840006900, "CITY_NAME": "Cleghorn", "ADMIN_NAME": "Iowa", "CNTRY_NAME": "United States", "POP": 274}, "geometry": {"type": "Point", "coordinates": [-95.7127, 42.8124]}}, {"type": "Feature", "properties": {"FID": 1840007963, "OBJECTID": 1840007963, "CITY_NAME": "Fertile", "ADMIN_NAME": "Iowa", "CNTRY_NAME": "United States", "POP": 272}, "geometry": {"type": "Point", "coordinates": [-93.4232, 43.2623]}}, {"type": "Feature", "properties": {"FID": 1840008310, "OBJECTID": 1840008310, "CITY_NAME": "Kellerton", "ADMIN_NAME": "Iowa", "CNTRY_NAME": "United States", "POP": 270}, "geometry": {"type": "Point", "coordinates": [-94.0501, 40.7103]}}, {"type": "Feature", "properties": {"FID": 1840006878, "OBJECTID": 1840006878, "CITY_NAME": "Corwith", "ADMIN_NAME": "Iowa", "CNTRY_NAME": "United States", "POP": 270}, "geometry": {"type": "Point", "coordinates": [-93.9582, 42.9889]}}, {"type": "Feature", "properties": {"FID": 1840008157, "OBJECTID": 1840008157, "CITY_NAME": "Ladora", "ADMIN_NAME": "Iowa", "CNTRY_NAME": "United States", "POP": 270}, "geometry": {"type": "Point", "coordinates": [-92.1859, 41.7557]}}, {"type": "Feature", "properties": {"FID": 1840009195, "OBJECTID": 1840009195, "CITY_NAME": "Low Moor", "ADMIN_NAME": "Iowa", "CNTRY_NAME": "United States", "POP": 269}, "geometry": {"type": "Point", "coordinates": [-90.355, 41.8029]}}, {"type": "Feature", "properties": {"FID": 1840009384, "OBJECTID": 1840009384, "CITY_NAME": "Randolph", "ADMIN_NAME": "Iowa", "CNTRY_NAME": "United States", "POP": 268}, "geometry": {"type": "Point", "coordinates": [-95.5647, 40.8731]}}, {"type": "Feature", "properties": {"FID": 1840009055, "OBJECTID": 1840009055, "CITY_NAME": "Mallard", "ADMIN_NAME": "Iowa", "CNTRY_NAME": "United States", "POP": 268}, "geometry": {"type": "Point", "coordinates": [-94.6834, 42.9394]}}, {"type": "Feature", "properties": {"FID": 1840009217, "OBJECTID": 1840009217, "CITY_NAME": "Malcom", "ADMIN_NAME": "Iowa", "CNTRY_NAME": "United States", "POP": 268}, "geometry": {"type": "Point", "coordinates": [-92.5553, 41.7061]}}, {"type": "Feature", "properties": {"FID": 1840009042, "OBJECTID": 1840009042, "CITY_NAME": "Ridgeway", "ADMIN_NAME": "Iowa", "CNTRY_NAME": "United States", "POP": 266}, "geometry": {"type": "Point", "coordinates": [-91.9924, 43.2971]}}, {"type": "Feature", "properties": {"FID": 1840009097, "OBJECTID": 1840009097, "CITY_NAME": "Rickardsville", "ADMIN_NAME": "Iowa", "CNTRY_NAME": "United States", "POP": 264}, "geometry": {"type": "Point", "coordinates": [-90.8762, 42.5815]}}, {"type": "Feature", "properties": {"FID": 1840008091, "OBJECTID": 1840008091, "CITY_NAME": "La Motte", "ADMIN_NAME": "Iowa", "CNTRY_NAME": "United States", "POP": 264}, "geometry": {"type": "Point", "coordinates": [-90.6233, 42.2956]}}, {"type": "Feature", "properties": {"FID": 1840006995, "OBJECTID": 1840006995, "CITY_NAME": "Blencoe", "ADMIN_NAME": "Iowa", "CNTRY_NAME": "United States", "POP": 264}, "geometry": {"type": "Point", "coordinates": [-96.082, 41.9303]}}, {"type": "Feature", "properties": {"FID": 1840008051, "OBJECTID": 1840008051, "CITY_NAME": "Greeley", "ADMIN_NAME": "Iowa", "CNTRY_NAME": "United States", "POP": 264}, "geometry": {"type": "Point", "coordinates": [-91.3417, 42.5849]}}, {"type": "Feature", "properties": {"FID": 1840006932, "OBJECTID": 1840006932, "CITY_NAME": "Holy Cross", "ADMIN_NAME": "Iowa", "CNTRY_NAME": "United States", "POP": 264}, "geometry": {"type": "Point", "coordinates": [-90.9962, 42.6011]}}, {"type": "Feature", "properties": {"FID": 1840008109, "OBJECTID": 1840008109, "CITY_NAME": "Moorhead", "ADMIN_NAME": "Iowa", "CNTRY_NAME": "United States", "POP": 263}, "geometry": {"type": "Point", "coordinates": [-95.8514, 41.9233]}}, {"type": "Feature", "properties": {"FID": 1840007002, "OBJECTID": 1840007002, "CITY_NAME": "Dedham", "ADMIN_NAME": "Iowa", "CNTRY_NAME": "United States", "POP": 262}, "geometry": {"type": "Point", "coordinates": [-94.8233, 41.9084]}}, {"type": "Feature", "properties": {"FID": 1840007123, "OBJECTID": 1840007123, "CITY_NAME": "Cumberland", "ADMIN_NAME": "Iowa", "CNTRY_NAME": "United States", "POP": 262}, "geometry": {"type": "Point", "coordinates": [-94.8705, 41.2732]}}, {"type": "Feature", "properties": {"FID": 1840008219, "OBJECTID": 1840008219, "CITY_NAME": "Keswick", "ADMIN_NAME": "Iowa", "CNTRY_NAME": "United States", "POP": 262}, "geometry": {"type": "Point", "coordinates": [-92.2383, 41.4545]}}, {"type": "Feature", "properties": {"FID": 1840009208, "OBJECTID": 1840009208, "CITY_NAME": "Pisgah", "ADMIN_NAME": "Iowa", "CNTRY_NAME": "United States", "POP": 261}, "geometry": {"type": "Point", "coordinates": [-95.9262, 41.8305]}}, {"type": "Feature", "properties": {"FID": 1840009394, "OBJECTID": 1840009394, "CITY_NAME": "Lineville", "ADMIN_NAME": "Iowa", "CNTRY_NAME": "United States", "POP": 261}, "geometry": {"type": "Point", "coordinates": [-93.5232, 40.587]}}, {"type": "Feature", "properties": {"FID": 1840057452, "OBJECTID": 1840057452, "CITY_NAME": "Mooar", "ADMIN_NAME": "Iowa", "CNTRY_NAME": "United States", "POP": 260}, "geometry": {"type": "Point", "coordinates": [-91.4447, 40.432]}}, {"type": "Feature", "properties": {"FID": 1840008316, "OBJECTID": 1840008316, "CITY_NAME": "Mystic", "ADMIN_NAME": "Iowa", "CNTRY_NAME": "United States", "POP": 257}, "geometry": {"type": "Point", "coordinates": [-92.9446, 40.7792]}}, {"type": "Feature", "properties": {"FID": 1840007981, "OBJECTID": 1840007981, "CITY_NAME": "Granville", "ADMIN_NAME": "Iowa", "CNTRY_NAME": "United States", "POP": 255}, "geometry": {"type": "Point", "coordinates": [-95.8749, 42.9853]}}, {"type": "Feature", "properties": {"FID": 1840010076, "OBJECTID": 1840010076, "CITY_NAME": "Volga", "ADMIN_NAME": "Iowa", "CNTRY_NAME": "United States", "POP": 255}, "geometry": {"type": "Point", "coordinates": [-91.5423, 42.8029]}}, {"type": "Feature", "properties": {"FID": 1840008269, "OBJECTID": 1840008269, "CITY_NAME": "Kirkville", "ADMIN_NAME": "Iowa", "CNTRY_NAME": "United States", "POP": 254}, "geometry": {"type": "Point", "coordinates": [-92.5036, 41.1423]}}, {"type": "Feature", "properties": {"FID": 1840009084, "OBJECTID": 1840009084, "CITY_NAME": "Renwick", "ADMIN_NAME": "Iowa", "CNTRY_NAME": "United States", "POP": 253}, "geometry": {"type": "Point", "coordinates": [-93.9813, 42.8269]}}, {"type": "Feature", "properties": {"FID": 1840007150, "OBJECTID": 1840007150, "CITY_NAME": "Blakesburg", "ADMIN_NAME": "Iowa", "CNTRY_NAME": "United States", "POP": 252}, "geometry": {"type": "Point", "coordinates": [-92.6347, 40.962]}}, {"type": "Feature", "properties": {"FID": 1840006909, "OBJECTID": 1840006909, "CITY_NAME": "Coulter", "ADMIN_NAME": "Iowa", "CNTRY_NAME": "United States", "POP": 251}, "geometry": {"type": "Point", "coordinates": [-93.3701, 42.733]}}, {"type": "Feature", "properties": {"FID": 1840007957, "OBJECTID": 1840007957, "CITY_NAME": "Lakota", "ADMIN_NAME": "Iowa", "CNTRY_NAME": "United States", "POP": 249}, "geometry": {"type": "Point", "coordinates": [-94.0963, 43.3786]}}, {"type": "Feature", "properties": {"FID": 1840009347, "OBJECTID": 1840009347, "CITY_NAME": "Prescott", "ADMIN_NAME": "Iowa", "CNTRY_NAME": "United States", "POP": 248}, "geometry": {"type": "Point", "coordinates": [-94.613, 41.0235]}}, {"type": "Feature", "properties": {"FID": 1840008118, "OBJECTID": 1840008118, "CITY_NAME": "Kiron", "ADMIN_NAME": "Iowa", "CNTRY_NAME": "United States", "POP": 247}, "geometry": {"type": "Point", "coordinates": [-95.3271, 42.1941]}}, {"type": "Feature", "properties": {"FID": 1840006853, "OBJECTID": 1840006853, "CITY_NAME": "Hanlontown", "ADMIN_NAME": "Iowa", "CNTRY_NAME": "United States", "POP": 243}, "geometry": {"type": "Point", "coordinates": [-93.3789, 43.2809]}}, {"type": "Feature", "properties": {"FID": 1840007967, "OBJECTID": 1840007967, "CITY_NAME": "Kensett", "ADMIN_NAME": "Iowa", "CNTRY_NAME": "United States", "POP": 241}, "geometry": {"type": "Point", "coordinates": [-93.2108, 43.3534]}}, {"type": "Feature", "properties": {"FID": 1840006941, "OBJECTID": 1840006941, "CITY_NAME": "Harcourt", "ADMIN_NAME": "Iowa", "CNTRY_NAME": "United States", "POP": 240}, "geometry": {"type": "Point", "coordinates": [-94.1745, 42.2606]}}, {"type": "Feature", "properties": {"FID": 1840007987, "OBJECTID": 1840007987, "CITY_NAME": "Goodell", "ADMIN_NAME": "Iowa", "CNTRY_NAME": "United States", "POP": 240}, "geometry": {"type": "Point", "coordinates": [-93.6141, 42.9238]}}, {"type": "Feature", "properties": {"FID": 1840009124, "OBJECTID": 1840009124, "CITY_NAME": "Steamboat Rock", "ADMIN_NAME": "Iowa", "CNTRY_NAME": "United States", "POP": 235}, "geometry": {"type": "Point", "coordinates": [-93.0662, 42.4081]}}, {"type": "Feature", "properties": {"FID": 1840026160, "OBJECTID": 1840026160, "CITY_NAME": "Burr Oak", "ADMIN_NAME": "Iowa", "CNTRY_NAME": "United States", "POP": 234}, "geometry": {"type": "Point", "coordinates": [-91.8619, 43.458]}}, {"type": "Feature", "properties": {"FID": 1840007964, "OBJECTID": 1840007964, "CITY_NAME": "Grafton", "ADMIN_NAME": "Iowa", "CNTRY_NAME": "United States", "POP": 233}, "geometry": {"type": "Point", "coordinates": [-93.0687, 43.3307]}}, {"type": "Feature", "properties": {"FID": 1840009333, "OBJECTID": 1840009333, "CITY_NAME": "Maharishi Vedic City", "ADMIN_NAME": "Iowa", "CNTRY_NAME": "United States", "POP": 233}, "geometry": {"type": "Point", "coordinates": [-92.0146, 41.0545]}}, {"type": "Feature", "properties": {"FID": 1840008245, "OBJECTID": 1840008245, "CITY_NAME": "Fredonia", "ADMIN_NAME": "Iowa", "CNTRY_NAME": "United States", "POP": 232}, "geometry": {"type": "Point", "coordinates": [-91.3392, 41.2844]}}, {"type": "Feature", "properties": {"FID": 1840007122, "OBJECTID": 1840007122, "CITY_NAME": "Hancock", "ADMIN_NAME": "Iowa", "CNTRY_NAME": "United States", "POP": 232}, "geometry": {"type": "Point", "coordinates": [-95.3636, 41.3924]}}, {"type": "Feature", "properties": {"FID": 1840006910, "OBJECTID": 1840006910, "CITY_NAME": "Alexander", "ADMIN_NAME": "Iowa", "CNTRY_NAME": "United States", "POP": 230}, "geometry": {"type": "Point", "coordinates": [-93.4786, 42.8044]}}, {"type": "Feature", "properties": {"FID": 1840009094, "OBJECTID": 1840009094, "CITY_NAME": "Luxemburg", "ADMIN_NAME": "Iowa", "CNTRY_NAME": "United States", "POP": 230}, "geometry": {"type": "Point", "coordinates": [-91.0726, 42.604]}}, {"type": "Feature", "properties": {"FID": 1840006879, "OBJECTID": 1840006879, "CITY_NAME": "Crystal Lake", "ADMIN_NAME": "Iowa", "CNTRY_NAME": "United States", "POP": 229}, "geometry": {"type": "Point", "coordinates": [-93.7927, 43.223]}}, {"type": "Feature", "properties": {"FID": 1840009209, "OBJECTID": 1840009209, "CITY_NAME": "Parnell", "ADMIN_NAME": "Iowa", "CNTRY_NAME": "United States", "POP": 229}, "geometry": {"type": "Point", "coordinates": [-92.0046, 41.5837]}}, {"type": "Feature", "properties": {"FID": 1840057451, "OBJECTID": 1840057451, "CITY_NAME": "Montpelier", "ADMIN_NAME": "Iowa", "CNTRY_NAME": "United States", "POP": 228}, "geometry": {"type": "Point", "coordinates": [-90.8114, 41.4614]}}, {"type": "Feature", "properties": {"FID": 1840010317, "OBJECTID": 1840010317, "CITY_NAME": "Williamson", "ADMIN_NAME": "Iowa", "CNTRY_NAME": "United States", "POP": 228}, "geometry": {"type": "Point", "coordinates": [-93.2569, 41.0882]}}, {"type": "Feature", "properties": {"FID": 1840009389, "OBJECTID": 1840009389, "CITY_NAME": "Stockport", "ADMIN_NAME": "Iowa", "CNTRY_NAME": "United States", "POP": 224}, "geometry": {"type": "Point", "coordinates": [-91.8334, 40.8573]}}, {"type": "Feature", "properties": {"FID": 1840009286, "OBJECTID": 1840009286, "CITY_NAME": "Ollie", "ADMIN_NAME": "Iowa", "CNTRY_NAME": "United States", "POP": 224}, "geometry": {"type": "Point", "coordinates": [-92.0924, 41.1992]}}, {"type": "Feature", "properties": {"FID": 1840006988, "OBJECTID": 1840006988, "CITY_NAME": "Bertram", "ADMIN_NAME": "Iowa", "CNTRY_NAME": "United States", "POP": 222}, "geometry": {"type": "Point", "coordinates": [-91.5378, 41.9518]}}, {"type": "Feature", "properties": {"FID": 1840007983, "OBJECTID": 1840007983, "CITY_NAME": "Maurice", "ADMIN_NAME": "Iowa", "CNTRY_NAME": "United States", "POP": 222}, "geometry": {"type": "Point", "coordinates": [-96.1824, 42.9664]}}, {"type": "Feature", "properties": {"FID": 1840008114, "OBJECTID": 1840008114, "CITY_NAME": "Laurel", "ADMIN_NAME": "Iowa", "CNTRY_NAME": "United States", "POP": 221}, "geometry": {"type": "Point", "coordinates": [-92.9223, 41.884]}}, {"type": "Feature", "properties": {"FID": 1840007073, "OBJECTID": 1840007073, "CITY_NAME": "Bagley", "ADMIN_NAME": "Iowa", "CNTRY_NAME": "United States", "POP": 218}, "geometry": {"type": "Point", "coordinates": [-94.4303, 41.8464]}}, {"type": "Feature", "properties": {"FID": 1840007966, "OBJECTID": 1840007966, "CITY_NAME": "Joice", "ADMIN_NAME": "Iowa", "CNTRY_NAME": "United States", "POP": 218}, "geometry": {"type": "Point", "coordinates": [-93.4573, 43.3642]}}, {"type": "Feature", "properties": {"FID": 1840007182, "OBJECTID": 1840007182, "CITY_NAME": "College Springs", "ADMIN_NAME": "Iowa", "CNTRY_NAME": "United States", "POP": 217}, "geometry": {"type": "Point", "coordinates": [-95.121, 40.6214]}}, {"type": "Feature", "properties": {"FID": 1840008049, "OBJECTID": 1840008049, "CITY_NAME": "Dundee", "ADMIN_NAME": "Iowa", "CNTRY_NAME": "United States", "POP": 214}, "geometry": {"type": "Point", "coordinates": [-91.5464, 42.5793]}}, {"type": "Feature", "properties": {"FID": 1840007955, "OBJECTID": 1840007955, "CITY_NAME": "Leland", "ADMIN_NAME": "Iowa", "CNTRY_NAME": "United States", "POP": 214}, "geometry": {"type": "Point", "coordinates": [-93.6351, 43.3319]}}, {"type": "Feature", "properties": {"FID": 1840006949, "OBJECTID": 1840006949, "CITY_NAME": "Cushing", "ADMIN_NAME": "Iowa", "CNTRY_NAME": "United States", "POP": 213}, "geometry": {"type": "Point", "coordinates": [-95.6757, 42.4651]}}, {"type": "Feature", "properties": {"FID": 1840009285, "OBJECTID": 1840009285, "CITY_NAME": "South English", "ADMIN_NAME": "Iowa", "CNTRY_NAME": "United States", "POP": 212}, "geometry": {"type": "Point", "coordinates": [-92.0903, 41.4522]}}, {"type": "Feature", "properties": {"FID": 1840010075, "OBJECTID": 1840010075, "CITY_NAME": "Westgate", "ADMIN_NAME": "Iowa", "CNTRY_NAME": "United States", "POP": 211}, "geometry": {"type": "Point", "coordinates": [-91.9957, 42.7683]}}, {"type": "Feature", "properties": {"FID": 1840006861, "OBJECTID": 1840006861, "CITY_NAME": "Harpers Ferry", "ADMIN_NAME": "Iowa", "CNTRY_NAME": "United States", "POP": 210}, "geometry": {"type": "Point", "coordinates": [-91.1522, 43.2006]}}, {"type": "Feature", "properties": {"FID": 1840009170, "OBJECTID": 1840009170, "CITY_NAME": "Paton", "ADMIN_NAME": "Iowa", "CNTRY_NAME": "United States", "POP": 210}, "geometry": {"type": "Point", "coordinates": [-94.255, 42.1644]}}, {"type": "Feature", "properties": {"FID": 1840009080, "OBJECTID": 1840009080, "CITY_NAME": "Rowan", "ADMIN_NAME": "Iowa", "CNTRY_NAME": "United States", "POP": 209}, "geometry": {"type": "Point", "coordinates": [-93.5503, 42.7399]}}, {"type": "Feature", "properties": {"FID": 1840007058, "OBJECTID": 1840007058, "CITY_NAME": "Defiance", "ADMIN_NAME": "Iowa", "CNTRY_NAME": "United States", "POP": 207}, "geometry": {"type": "Point", "coordinates": [-95.3403, 41.8253]}}, {"type": "Feature", "properties": {"FID": 1840008040, "OBJECTID": 1840008040, "CITY_NAME": "Frederika", "ADMIN_NAME": "Iowa", "CNTRY_NAME": "United States", "POP": 207}, "geometry": {"type": "Point", "coordinates": [-92.306, 42.8837]}}, {"type": "Feature", "properties": {"FID": 1840009171, "OBJECTID": 1840009171, "CITY_NAME": "Rippey", "ADMIN_NAME": "Iowa", "CNTRY_NAME": "United States", "POP": 207}, "geometry": {"type": "Point", "coordinates": [-94.2007, 41.9339]}}, {"type": "Feature", "properties": {"FID": 1840008152, "OBJECTID": 1840008152, "CITY_NAME": "Modale", "ADMIN_NAME": "Iowa", "CNTRY_NAME": "United States", "POP": 207}, "geometry": {"type": "Point", "coordinates": [-96.0121, 41.6182]}}, {"type": "Feature", "properties": {"FID": 1840010073, "OBJECTID": 1840010073, "CITY_NAME": "Wadena", "ADMIN_NAME": "Iowa", "CNTRY_NAME": "United States", "POP": 206}, "geometry": {"type": "Point", "coordinates": [-91.6594, 42.8397]}}, {"type": "Feature", "properties": {"FID": 1840007154, "OBJECTID": 1840007154, "CITY_NAME": "Henderson", "ADMIN_NAME": "Iowa", "CNTRY_NAME": "United States", "POP": 205}, "geometry": {"type": "Point", "coordinates": [-95.4302, 41.1399]}}, {"type": "Feature", "properties": {"FID": 1840007116, "OBJECTID": 1840007116, "CITY_NAME": "Harvey", "ADMIN_NAME": "Iowa", "CNTRY_NAME": "United States", "POP": 204}, "geometry": {"type": "Point", "coordinates": [-92.9227, 41.3179]}}, {"type": "Feature", "properties": {"FID": 1840006857, "OBJECTID": 1840006857, "CITY_NAME": "Alvord", "ADMIN_NAME": "Iowa", "CNTRY_NAME": "United States", "POP": 203}, "geometry": {"type": "Point", "coordinates": [-96.3037, 43.3417]}}, {"type": "Feature", "properties": {"FID": 1840008183, "OBJECTID": 1840008183, "CITY_NAME": "Maysville", "ADMIN_NAME": "Iowa", "CNTRY_NAME": "United States", "POP": 202}, "geometry": {"type": "Point", "coordinates": [-90.7184, 41.6497]}}, {"type": "Feature", "properties": {"FID": 1840008178, "OBJECTID": 1840008178, "CITY_NAME": "Jamaica", "ADMIN_NAME": "Iowa", "CNTRY_NAME": "United States", "POP": 202}, "geometry": {"type": "Point", "coordinates": [-94.307, 41.8454]}}, {"type": "Feature", "properties": {"FID": 1840007203, "OBJECTID": 1840007203, "CITY_NAME": "Cincinnati", "ADMIN_NAME": "Iowa", "CNTRY_NAME": "United States", "POP": 201}, "geometry": {"type": "Point", "coordinates": [-92.9222, 40.6309]}}, {"type": "Feature", "properties": {"FID": 1840029617, "OBJECTID": 1840029617, "CITY_NAME": "Fairport", "ADMIN_NAME": "Iowa", "CNTRY_NAME": "United States", "POP": 200}, "geometry": {"type": "Point", "coordinates": [-90.9171, 41.4394]}}, {"type": "Feature", "properties": {"FID": 1840009216, "OBJECTID": 1840009216, "CITY_NAME": "Portsmouth", "ADMIN_NAME": "Iowa", "CNTRY_NAME": "United States", "POP": 200}, "geometry": {"type": "Point", "coordinates": [-95.5192, 41.6501]}}, {"type": "Feature", "properties": {"FID": 1840009018, "OBJECTID": 1840009018, "CITY_NAME": "Rake", "ADMIN_NAME": "Iowa", "CNTRY_NAME": "United States", "POP": 199}, "geometry": {"type": "Point", "coordinates": [-93.9196, 43.4806]}}, {"type": "Feature", "properties": {"FID": 1840008003, "OBJECTID": 1840008003, "CITY_NAME": "Marble Rock", "ADMIN_NAME": "Iowa", "CNTRY_NAME": "United States", "POP": 199}, "geometry": {"type": "Point", "coordinates": [-92.8681, 42.9647]}}, {"type": "Feature", "properties": {"FID": 1840009074, "OBJECTID": 1840009074, "CITY_NAME": "Marathon", "ADMIN_NAME": "Iowa", "CNTRY_NAME": "United States", "POP": 199}, "geometry": {"type": "Point", "coordinates": [-94.9829, 42.8602]}}, {"type": "Feature", "properties": {"FID": 1840010364, "OBJECTID": 1840010364, "CITY_NAME": "Thurman", "ADMIN_NAME": "Iowa", "CNTRY_NAME": "United States", "POP": 197}, "geometry": {"type": "Point", "coordinates": [-95.7488, 40.8201]}}, {"type": "Feature", "properties": {"FID": 1840008078, "OBJECTID": 1840008078, "CITY_NAME": "New Providence", "ADMIN_NAME": "Iowa", "CNTRY_NAME": "United States", "POP": 196}, "geometry": {"type": "Point", "coordinates": [-93.1716, 42.2813]}}, {"type": "Feature", "properties": {"FID": 1840024087, "OBJECTID": 1840024087, "CITY_NAME": "Bradford", "ADMIN_NAME": "Iowa", "CNTRY_NAME": "United States", "POP": 196}, "geometry": {"type": "Point", "coordinates": [-93.2524, 42.6367]}}, {"type": "Feature", "properties": {"FID": 1840009161, "OBJECTID": 1840009161, "CITY_NAME": "Lidderdale", "ADMIN_NAME": "Iowa", "CNTRY_NAME": "United States", "POP": 191}, "geometry": {"type": "Point", "coordinates": [-94.7837, 42.1224]}}, {"type": "Feature", "properties": {"FID": 1840009295, "OBJECTID": 1840009295, "CITY_NAME": "Macedonia", "ADMIN_NAME": "Iowa", "CNTRY_NAME": "United States", "POP": 191}, "geometry": {"type": "Point", "coordinates": [-95.4266, 41.1922]}}, {"type": "Feature", "properties": {"FID": 1840006855, "OBJECTID": 1840006855, "CITY_NAME": "Harris", "ADMIN_NAME": "Iowa", "CNTRY_NAME": "United States", "POP": 191}, "geometry": {"type": "Point", "coordinates": [-95.4372, 43.4451]}}, {"type": "Feature", "properties": {"FID": 1840029681, "OBJECTID": 1840029681, "CITY_NAME": "Wever", "ADMIN_NAME": "Iowa", "CNTRY_NAME": "United States", "POP": 190}, "geometry": {"type": "Point", "coordinates": [-91.228, 40.7058]}}, {"type": "Feature", "properties": {"FID": 1840007082, "OBJECTID": 1840007082, "CITY_NAME": "Dixon", "ADMIN_NAME": "Iowa", "CNTRY_NAME": "United States", "POP": 190}, "geometry": {"type": "Point", "coordinates": [-90.7825, 41.7421]}}, {"type": "Feature", "properties": {"FID": 1840008312, "OBJECTID": 1840008312, "CITY_NAME": "Grand River", "ADMIN_NAME": "Iowa", "CNTRY_NAME": "United States", "POP": 189}, "geometry": {"type": "Point", "coordinates": [-93.963, 40.819]}}, {"type": "Feature", "properties": {"FID": 1840008172, "OBJECTID": 1840008172, "CITY_NAME": "Oakland Acres", "ADMIN_NAME": "Iowa", "CNTRY_NAME": "United States", "POP": 187}, "geometry": {"type": "Point", "coordinates": [-92.8211, 41.7205]}}, {"type": "Feature", "properties": {"FID": 1840009064, "OBJECTID": 1840009064, "CITY_NAME": "St. Lucas", "ADMIN_NAME": "Iowa", "CNTRY_NAME": "United States", "POP": 186}, "geometry": {"type": "Point", "coordinates": [-91.9341, 43.0665]}}, {"type": "Feature", "properties": {"FID": 1840009095, "OBJECTID": 1840009095, "CITY_NAME": "Sherrill", "ADMIN_NAME": "Iowa", "CNTRY_NAME": "United States", "POP": 185}, "geometry": {"type": "Point", "coordinates": [-90.7841, 42.6045]}}, {"type": "Feature", "properties": {"FID": 1840024146, "OBJECTID": 1840024146, "CITY_NAME": "Bentley", "ADMIN_NAME": "Iowa", "CNTRY_NAME": "United States", "POP": 185}, "geometry": {"type": "Point", "coordinates": [-95.6225, 41.3755]}}, {"type": "Feature", "properties": {"FID": 1840007993, "OBJECTID": 1840007993, "CITY_NAME": "Fostoria", "ADMIN_NAME": "Iowa", "CNTRY_NAME": "United States", "POP": 184}, "geometry": {"type": "Point", "coordinates": [-95.1549, 43.243]}}, {"type": "Feature", "properties": {"FID": 1840009225, "OBJECTID": 1840009225, "CITY_NAME": "Reasnor", "ADMIN_NAME": "Iowa", "CNTRY_NAME": "United States", "POP": 184}, "geometry": {"type": "Point", "coordinates": [-93.0229, 41.5789]}}, {"type": "Feature", "properties": {"FID": 1840010069, "OBJECTID": 1840010069, "CITY_NAME": "Woden", "ADMIN_NAME": "Iowa", "CNTRY_NAME": "United States", "POP": 184}, "geometry": {"type": "Point", "coordinates": [-93.9114, 43.2308]}}, {"type": "Feature", "properties": {"FID": 1840008093, "OBJECTID": 1840008093, "CITY_NAME": "Mount Auburn", "ADMIN_NAME": "Iowa", "CNTRY_NAME": "United States", "POP": 183}, "geometry": {"type": "Point", "coordinates": [-92.0939, 42.2573]}}, {"type": "Feature", "properties": {"FID": 1840010086, "OBJECTID": 1840010086, "CITY_NAME": "Woolstock", "ADMIN_NAME": "Iowa", "CNTRY_NAME": "United States", "POP": 183}, "geometry": {"type": "Point", "coordinates": [-93.8431, 42.5648]}}, {"type": "Feature", "properties": {"FID": 1840006894, "OBJECTID": 1840006894, "CITY_NAME": "Brunsville", "ADMIN_NAME": "Iowa", "CNTRY_NAME": "United States", "POP": 180}, "geometry": {"type": "Point", "coordinates": [-96.2664, 42.811]}}, {"type": "Feature", "properties": {"FID": 1840006938, "OBJECTID": 1840006938, "CITY_NAME": "Clare", "ADMIN_NAME": "Iowa", "CNTRY_NAME": "United States", "POP": 179}, "geometry": {"type": "Point", "coordinates": [-94.3444, 42.5874]}}, {"type": "Feature", "properties": {"FID": 1840006943, "OBJECTID": 1840006943, "CITY_NAME": "Aurora", "ADMIN_NAME": "Iowa", "CNTRY_NAME": "United States", "POP": 178}, "geometry": {"type": "Point", "coordinates": [-91.7295, 42.6194]}}, {"type": "Feature", "properties": {"FID": 1840008311, "OBJECTID": 1840008311, "CITY_NAME": "Garden Grove", "ADMIN_NAME": "Iowa", "CNTRY_NAME": "United States", "POP": 178}, "geometry": {"type": "Point", "coordinates": [-93.6068, 40.8266]}}, {"type": "Feature", "properties": {"FID": 1840007184, "OBJECTID": 1840007184, "CITY_NAME": "Braddyville", "ADMIN_NAME": "Iowa", "CNTRY_NAME": "United States", "POP": 176}, "geometry": {"type": "Point", "coordinates": [-95.0312, 40.5806]}}, {"type": "Feature", "properties": {"FID": 1840006903, "OBJECTID": 1840006903, "CITY_NAME": "Havelock", "ADMIN_NAME": "Iowa", "CNTRY_NAME": "United States", "POP": 175}, "geometry": {"type": "Point", "coordinates": [-94.701, 42.833]}}, {"type": "Feature", "properties": {"FID": 1840010060, "OBJECTID": 1840010060, "CITY_NAME": "Wallingford", "ADMIN_NAME": "Iowa", "CNTRY_NAME": "United States", "POP": 174}, "geometry": {"type": "Point", "coordinates": [-94.7922, 43.3203]}}, {"type": "Feature", "properties": {"FID": 1840009385, "OBJECTID": 1840009385, "CITY_NAME": "Riverton", "ADMIN_NAME": "Iowa", "CNTRY_NAME": "United States", "POP": 174}, "geometry": {"type": "Point", "coordinates": [-95.5686, 40.6871]}}, {"type": "Feature", "properties": {"FID": 1840007054, "OBJECTID": 1840007054, "CITY_NAME": "Bouton", "ADMIN_NAME": "Iowa", "CNTRY_NAME": "United States", "POP": 173}, "geometry": {"type": "Point", "coordinates": [-94.0107, 41.8512]}}, {"type": "Feature", "properties": {"FID": 1840004450, "OBJECTID": 1840004450, "CITY_NAME": "Bristow", "ADMIN_NAME": "Iowa", "CNTRY_NAME": "United States", "POP": 173}, "geometry": {"type": "Point", "coordinates": [-92.9079, 42.7738]}}, {"type": "Feature", "properties": {"FID": 1840007013, "OBJECTID": 1840007013, "CITY_NAME": "Boxholm", "ADMIN_NAME": "Iowa", "CNTRY_NAME": "United States", "POP": 172}, "geometry": {"type": "Point", "coordinates": [-94.1061, 42.1736]}}, {"type": "Feature", "properties": {"FID": 1840006953, "OBJECTID": 1840006953, "CITY_NAME": "Auburn", "ADMIN_NAME": "Iowa", "CNTRY_NAME": "United States", "POP": 172}, "geometry": {"type": "Point", "coordinates": [-94.8777, 42.2496]}}, {"type": "Feature", "properties": {"FID": 1840010084, "OBJECTID": 1840010084, "CITY_NAME": "Washta", "ADMIN_NAME": "Iowa", "CNTRY_NAME": "United States", "POP": 171}, "geometry": {"type": "Point", "coordinates": [-95.7201, 42.5756]}}, {"type": "Feature", "properties": {"FID": 1840006884, "OBJECTID": 1840006884, "CITY_NAME": "Alta Vista", "ADMIN_NAME": "Iowa", "CNTRY_NAME": "United States", "POP": 171}, "geometry": {"type": "Point", "coordinates": [-92.417, 43.1967]}}, {"type": "Feature", "properties": {"FID": 1840008055, "OBJECTID": 1840008055, "CITY_NAME": "Moorland", "ADMIN_NAME": "Iowa", "CNTRY_NAME": "United States", "POP": 171}, "geometry": {"type": "Point", "coordinates": [-94.2954, 42.4415]}}, {"type": "Feature", "properties": {"FID": 1840008300, "OBJECTID": 1840008300, "CITY_NAME": "Gravity", "ADMIN_NAME": "Iowa", "CNTRY_NAME": "United States", "POP": 171}, "geometry": {"type": "Point", "coordinates": [-94.7435, 40.7608]}}, {"type": "Feature", "properties": {"FID": 1840007197, "OBJECTID": 1840007197, "CITY_NAME": "Davis City", "ADMIN_NAME": "Iowa", "CNTRY_NAME": "United States", "POP": 170}, "geometry": {"type": "Point", "coordinates": [-93.8126, 40.64]}}, {"type": "Feature", "properties": {"FID": 1840010257, "OBJECTID": 1840010257, "CITY_NAME": "West Chester", "ADMIN_NAME": "Iowa", "CNTRY_NAME": "United States", "POP": 168}, "geometry": {"type": "Point", "coordinates": [-91.8169, 41.34]}}, {"type": "Feature", "properties": {"FID": 1840008035, "OBJECTID": 1840008035, "CITY_NAME": "Geneva", "ADMIN_NAME": "Iowa", "CNTRY_NAME": "United States", "POP": 168}, "geometry": {"type": "Point", "coordinates": [-93.1298, 42.6748]}}, {"type": "Feature", "properties": {"FID": 1840008247, "OBJECTID": 1840008247, "CITY_NAME": "Oakville", "ADMIN_NAME": "Iowa", "CNTRY_NAME": "United States", "POP": 168}, "geometry": {"type": "Point", "coordinates": [-91.0436, 41.0977]}}, {"type": "Feature", "properties": {"FID": 1840009075, "OBJECTID": 1840009075, "CITY_NAME": "Rembrandt", "ADMIN_NAME": "Iowa", "CNTRY_NAME": "United States", "POP": 167}, "geometry": {"type": "Point", "coordinates": [-95.1656, 42.8257]}}, {"type": "Feature", "properties": {"FID": 1840024148, "OBJECTID": 1840024148, "CITY_NAME": "Weston", "ADMIN_NAME": "Iowa", "CNTRY_NAME": "United States", "POP": 167}, "geometry": {"type": "Point", "coordinates": [-95.7448, 41.3423]}}, {"type": "Feature", "properties": {"FID": 1840009073, "OBJECTID": 1840009073, "CITY_NAME": "Linn Grove", "ADMIN_NAME": "Iowa", "CNTRY_NAME": "United States", "POP": 165}, "geometry": {"type": "Point", "coordinates": [-95.2424, 42.8928]}}, {"type": "Feature", "properties": {"FID": 1840009210, "OBJECTID": 1840009210, "CITY_NAME": "Linden", "ADMIN_NAME": "Iowa", "CNTRY_NAME": "United States", "POP": 163}, "geometry": {"type": "Point", "coordinates": [-94.27, 41.6427]}}, {"type": "Feature", "properties": {"FID": 1840006958, "OBJECTID": 1840006958, "CITY_NAME": "Blairsburg", "ADMIN_NAME": "Iowa", "CNTRY_NAME": "United States", "POP": 163}, "geometry": {"type": "Point", "coordinates": [-93.6428, 42.4784]}}, {"type": "Feature", "properties": {"FID": 1840008105, "OBJECTID": 1840008105, "CITY_NAME": "Montour", "ADMIN_NAME": "Iowa", "CNTRY_NAME": "United States", "POP": 163}, "geometry": {"type": "Point", "coordinates": [-92.7151, 41.9803]}}, {"type": "Feature", "properties": {"FID": 1840008102, "OBJECTID": 1840008102, "CITY_NAME": "Elberon", "ADMIN_NAME": "Iowa", "CNTRY_NAME": "United States", "POP": 162}, "geometry": {"type": "Point", "coordinates": [-92.3161, 42.0055]}}, {"type": "Feature", "properties": {"FID": 1840042316, "OBJECTID": 1840042316, "CITY_NAME": "Sun Valley Lake", "ADMIN_NAME": "Iowa", "CNTRY_NAME": "United States", "POP": 162}, "geometry": {"type": "Point", "coordinates": [-94.0684, 40.8499]}}, {"type": "Feature", "properties": {"FID": 1840006980, "OBJECTID": 1840006980, "CITY_NAME": "Baldwin", "ADMIN_NAME": "Iowa", "CNTRY_NAME": "United States", "POP": 161}, "geometry": {"type": "Point", "coordinates": [-90.8386, 42.0731]}}, {"type": "Feature", "properties": {"FID": 1840009123, "OBJECTID": 1840009123, "CITY_NAME": "Randall", "ADMIN_NAME": "Iowa", "CNTRY_NAME": "United States", "POP": 160}, "geometry": {"type": "Point", "coordinates": [-93.6026, 42.237]}}, {"type": "Feature", "properties": {"FID": 1840010096, "OBJECTID": 1840010096, "CITY_NAME": "Vincent", "ADMIN_NAME": "Iowa", "CNTRY_NAME": "United States", "POP": 160}, "geometry": {"type": "Point", "coordinates": [-94.0198, 42.5917]}}, {"type": "Feature", "properties": {"FID": 1840008226, "OBJECTID": 1840008226, "CITY_NAME": "Leighton", "ADMIN_NAME": "Iowa", "CNTRY_NAME": "United States", "POP": 159}, "geometry": {"type": "Point", "coordinates": [-92.7863, 41.3392]}}, {"type": "Feature", "properties": {"FID": 1840007147, "OBJECTID": 1840007147, "CITY_NAME": "Hillsboro", "ADMIN_NAME": "Iowa", "CNTRY_NAME": "United States", "POP": 159}, "geometry": {"type": "Point", "coordinates": [-91.7113, 40.8372]}}, {"type": "Feature", "properties": {"FID": 1840006994, "OBJECTID": 1840006994, "CITY_NAME": "Castana", "ADMIN_NAME": "Iowa", "CNTRY_NAME": "United States", "POP": 157}, "geometry": {"type": "Point", "coordinates": [-95.9104, 42.0734]}}, {"type": "Feature", "properties": {"FID": 1840009117, "OBJECTID": 1840009117, "CITY_NAME": "Somers", "ADMIN_NAME": "Iowa", "CNTRY_NAME": "United States", "POP": 154}, "geometry": {"type": "Point", "coordinates": [-94.431, 42.3788]}}, {"type": "Feature", "properties": {"FID": 1840008185, "OBJECTID": 1840008185, "CITY_NAME": "New Liberty", "ADMIN_NAME": "Iowa", "CNTRY_NAME": "United States", "POP": 154}, "geometry": {"type": "Point", "coordinates": [-90.878, 41.7161]}}, {"type": "Feature", "properties": {"FID": 1840006882, "OBJECTID": 1840006882, "CITY_NAME": "Ayrshire", "ADMIN_NAME": "Iowa", "CNTRY_NAME": "United States", "POP": 154}, "geometry": {"type": "Point", "coordinates": [-94.8338, 43.0396]}}, {"type": "Feature", "properties": {"FID": 1840008307, "OBJECTID": 1840008307, "CITY_NAME": "Drakesville", "ADMIN_NAME": "Iowa", "CNTRY_NAME": "United States", "POP": 152}, "geometry": {"type": "Point", "coordinates": [-92.4813, 40.7986]}}, {"type": "Feature", "properties": {"FID": 1840010183, "OBJECTID": 1840010183, "CITY_NAME": "Westphalia", "ADMIN_NAME": "Iowa", "CNTRY_NAME": "United States", "POP": 151}, "geometry": {"type": "Point", "coordinates": [-95.3937, 41.7192]}}, {"type": "Feature", "properties": {"FID": 1840026254, "OBJECTID": 1840026254, "CITY_NAME": "Homestead", "ADMIN_NAME": "Iowa", "CNTRY_NAME": "United States", "POP": 149}, "geometry": {"type": "Point", "coordinates": [-91.8711, 41.7612]}}, {"type": "Feature", "properties": {"FID": 1840009107, "OBJECTID": 1840009107, "CITY_NAME": "Smithland", "ADMIN_NAME": "Iowa", "CNTRY_NAME": "United States", "POP": 148}, "geometry": {"type": "Point", "coordinates": [-95.9315, 42.2288]}}, {"type": "Feature", "properties": {"FID": 1840010316, "OBJECTID": 1840010316, "CITY_NAME": "Woodburn", "ADMIN_NAME": "Iowa", "CNTRY_NAME": "United States", "POP": 148}, "geometry": {"type": "Point", "coordinates": [-93.5963, 41.0108]}}, {"type": "Feature", "properties": {"FID": 1840009235, "OBJECTID": 1840009235, "CITY_NAME": "Panorama Park", "ADMIN_NAME": "Iowa", "CNTRY_NAME": "United States", "POP": 148}, "geometry": {"type": "Point", "coordinates": [-90.4538, 41.5557]}}, {"type": "Feature", "properties": {"FID": 1840009206, "OBJECTID": 1840009206, "CITY_NAME": "Magnolia", "ADMIN_NAME": "Iowa", "CNTRY_NAME": "United States", "POP": 148}, "geometry": {"type": "Point", "coordinates": [-95.874, 41.6921]}}, {"type": "Feature", "properties": {"FID": 1840010070, "OBJECTID": 1840010070, "CITY_NAME": "Webb", "ADMIN_NAME": "Iowa", "CNTRY_NAME": "United States", "POP": 147}, "geometry": {"type": "Point", "coordinates": [-95.013, 42.9497]}}, {"type": "Feature", "properties": {"FID": 1840024088, "OBJECTID": 1840024088, "CITY_NAME": "Chapin", "ADMIN_NAME": "Iowa", "CNTRY_NAME": "United States", "POP": 146}, "geometry": {"type": "Point", "coordinates": [-93.222, 42.8353]}}, {"type": "Feature", "properties": {"FID": 1840010083, "OBJECTID": 1840010083, "CITY_NAME": "Truesdale", "ADMIN_NAME": "Iowa", "CNTRY_NAME": "United States", "POP": 146}, "geometry": {"type": "Point", "coordinates": [-95.1835, 42.7293]}}, {"type": "Feature", "properties": {"FID": 1840008077, "OBJECTID": 1840008077, "CITY_NAME": "Kamrar", "ADMIN_NAME": "Iowa", "CNTRY_NAME": "United States", "POP": 145}, "geometry": {"type": "Point", "coordinates": [-93.7278, 42.3896]}}, {"type": "Feature", "properties": {"FID": 1840008230, "OBJECTID": 1840008230, "CITY_NAME": "McClelland", "ADMIN_NAME": "Iowa", "CNTRY_NAME": "United States", "POP": 145}, "geometry": {"type": "Point", "coordinates": [-95.6814, 41.3316]}}, {"type": "Feature", "properties": {"FID": 1840006998, "OBJECTID": 1840006998, "CITY_NAME": "Haverhill", "ADMIN_NAME": "Iowa", "CNTRY_NAME": "United States", "POP": 144}, "geometry": {"type": "Point", "coordinates": [-92.9607, 41.9441]}}, {"type": "Feature", "properties": {"FID": 1840006875, "OBJECTID": 1840006875, "CITY_NAME": "Archer", "ADMIN_NAME": "Iowa", "CNTRY_NAME": "United States", "POP": 144}, "geometry": {"type": "Point", "coordinates": [-95.7442, 43.115]}}, {"type": "Feature", "properties": {"FID": 1840009067, "OBJECTID": 1840009067, "CITY_NAME": "Osterdock", "ADMIN_NAME": "Iowa", "CNTRY_NAME": "United States", "POP": 144}, "geometry": {"type": "Point", "coordinates": [-91.1586, 42.7313]}}, {"type": "Feature", "properties": {"FID": 1840010061, "OBJECTID": 1840010061, "CITY_NAME": "Waterville", "ADMIN_NAME": "Iowa", "CNTRY_NAME": "United States", "POP": 143}, "geometry": {"type": "Point", "coordinates": [-91.2966, 43.2077]}}, {"type": "Feature", "properties": {"FID": 1840006863, "OBJECTID": 1840006863, "CITY_NAME": "Castalia", "ADMIN_NAME": "Iowa", "CNTRY_NAME": "United States", "POP": 142}, "geometry": {"type": "Point", "coordinates": [-91.677, 43.1126]}}, {"type": "Feature", "properties": {"FID": 1840006860, "OBJECTID": 1840006860, "CITY_NAME": "Chester", "ADMIN_NAME": "Iowa", "CNTRY_NAME": "United States", "POP": 141}, "geometry": {"type": "Point", "coordinates": [-92.364, 43.4916]}}, {"type": "Feature", "properties": {"FID": 1840007112, "OBJECTID": 1840007112, "CITY_NAME": "Barnes City", "ADMIN_NAME": "Iowa", "CNTRY_NAME": "United States", "POP": 140}, "geometry": {"type": "Point", "coordinates": [-92.4695, 41.507]}}, {"type": "Feature", "properties": {"FID": 1840009147, "OBJECTID": 1840009147, "CITY_NAME": "Prairieburg", "ADMIN_NAME": "Iowa", "CNTRY_NAME": "United States", "POP": 140}, "geometry": {"type": "Point", "coordinates": [-91.4258, 42.2376]}}, {"type": "Feature", "properties": {"FID": 1840009143, "OBJECTID": 1840009143, "CITY_NAME": "Luzerne", "ADMIN_NAME": "Iowa", "CNTRY_NAME": "United States", "POP": 140}, "geometry": {"type": "Point", "coordinates": [-92.1804, 41.9054]}}, {"type": "Feature", "properties": {"FID": 1840008220, "OBJECTID": 1840008220, "CITY_NAME": "Kinross", "ADMIN_NAME": "Iowa", "CNTRY_NAME": "United States", "POP": 140}, "geometry": {"type": "Point", "coordinates": [-91.9873, 41.4591]}}, {"type": "Feature", "properties": {"FID": 1840007982, "OBJECTID": 1840007982, "CITY_NAME": "Matlock", "ADMIN_NAME": "Iowa", "CNTRY_NAME": "United States", "POP": 140}, "geometry": {"type": "Point", "coordinates": [-95.9344, 43.2443]}}, {"type": "Feature", "properties": {"FID": 1840010161, "OBJECTID": 1840010161, "CITY_NAME": "Welton", "ADMIN_NAME": "Iowa", "CNTRY_NAME": "United States", "POP": 139}, "geometry": {"type": "Point", "coordinates": [-90.5971, 41.9081]}}, {"type": "Feature", "properties": {"FID": 1840008271, "OBJECTID": 1840008271, "CITY_NAME": "Melrose", "ADMIN_NAME": "Iowa", "CNTRY_NAME": "United States", "POP": 139}, "geometry": {"type": "Point", "coordinates": [-93.0508, 40.9791]}}, {"type": "Feature", "properties": {"FID": 1840009340, "OBJECTID": 1840009340, "CITY_NAME": "Lucas", "ADMIN_NAME": "Iowa", "CNTRY_NAME": "United States", "POP": 137}, "geometry": {"type": "Point", "coordinates": [-93.461, 41.0322]}}, {"type": "Feature", "properties": {"FID": 1840007189, "OBJECTID": 1840007189, "CITY_NAME": "Blockton", "ADMIN_NAME": "Iowa", "CNTRY_NAME": "United States", "POP": 137}, "geometry": {"type": "Point", "coordinates": [-94.4779, 40.6168]}}, {"type": "Feature", "properties": {"FID": 1840008156, "OBJECTID": 1840008156, "CITY_NAME": "Millersburg", "ADMIN_NAME": "Iowa", "CNTRY_NAME": "United States", "POP": 136}, "geometry": {"type": "Point", "coordinates": [-92.1592, 41.5733]}}, {"type": "Feature", "properties": {"FID": 1840009139, "OBJECTID": 1840009139, "CITY_NAME": "Springbrook", "ADMIN_NAME": "Iowa", "CNTRY_NAME": "United States", "POP": 136}, "geometry": {"type": "Point", "coordinates": [-90.4792, 42.1658]}}, {"type": "Feature", "properties": {"FID": 1840010259, "OBJECTID": 1840010259, "CITY_NAME": "Webster", "ADMIN_NAME": "Iowa", "CNTRY_NAME": "United States", "POP": 136}, "geometry": {"type": "Point", "coordinates": [-92.1717, 41.4385]}}, {"type": "Feature", "properties": {"FID": 1840008322, "OBJECTID": 1840008322, "CITY_NAME": "Franklin", "ADMIN_NAME": "Iowa", "CNTRY_NAME": "United States", "POP": 135}, "geometry": {"type": "Point", "coordinates": [-91.5118, 40.6668]}}, {"type": "Feature", "properties": {"FID": 1840006883, "OBJECTID": 1840006883, "CITY_NAME": "Dickens", "ADMIN_NAME": "Iowa", "CNTRY_NAME": "United States", "POP": 134}, "geometry": {"type": "Point", "coordinates": [-95.0222, 43.1338]}}, {"type": "Feature", "properties": {"FID": 1840008119, "OBJECTID": 1840008119, "CITY_NAME": "Fraser", "ADMIN_NAME": "Iowa", "CNTRY_NAME": "United States", "POP": 134}, "geometry": {"type": "Point", "coordinates": [-93.9699, 42.1242]}}, {"type": "Feature", "properties": {"FID": 1840007971, "OBJECTID": 1840007971, "CITY_NAME": "Mitchell", "ADMIN_NAME": "Iowa", "CNTRY_NAME": "United States", "POP": 134}, "geometry": {"type": "Point", "coordinates": [-92.871, 43.3202]}}, {"type": "Feature", "properties": {"FID": 1840010082, "OBJECTID": 1840010082, "CITY_NAME": "Westfield", "ADMIN_NAME": "Iowa", "CNTRY_NAME": "United States", "POP": 133}, "geometry": {"type": "Point", "coordinates": [-96.6054, 42.7562]}}, {"type": "Feature", "properties": {"FID": 1840007999, "OBJECTID": 1840007999, "CITY_NAME": "North Washington", "ADMIN_NAME": "Iowa", "CNTRY_NAME": "United States", "POP": 133}, "geometry": {"type": "Point", "coordinates": [-92.4151, 43.1171]}}, {"type": "Feature", "properties": {"FID": 1840006996, "OBJECTID": 1840006996, "CITY_NAME": "Clemons", "ADMIN_NAME": "Iowa", "CNTRY_NAME": "United States", "POP": 132}, "geometry": {"type": "Point", "coordinates": [-93.1587, 42.1139]}}, {"type": "Feature", "properties": {"FID": 1840008234, "OBJECTID": 1840008234, "CITY_NAME": "Marne", "ADMIN_NAME": "Iowa", "CNTRY_NAME": "United States", "POP": 132}, "geometry": {"type": "Point", "coordinates": [-95.1109, 41.4489]}}, {"type": "Feature", "properties": {"FID": 1840009024, "OBJECTID": 1840009024, "CITY_NAME": "Superior", "ADMIN_NAME": "Iowa", "CNTRY_NAME": "United States", "POP": 132}, "geometry": {"type": "Point", "coordinates": [-94.9467, 43.4336]}}, {"type": "Feature", "properties": {"FID": 1840010367, "OBJECTID": 1840010367, "CITY_NAME": "Van Wert", "ADMIN_NAME": "Iowa", "CNTRY_NAME": "United States", "POP": 131}, "geometry": {"type": "Point", "coordinates": [-93.792, 40.8709]}}, {"type": "Feature", "properties": {"FID": 1840006874, "OBJECTID": 1840006874, "CITY_NAME": "Calumet", "ADMIN_NAME": "Iowa", "CNTRY_NAME": "United States", "POP": 131}, "geometry": {"type": "Point", "coordinates": [-95.5514, 42.945]}}, {"type": "Feature", "properties": {"FID": 1840009142, "OBJECTID": 1840009142, "CITY_NAME": "St. Donatus", "ADMIN_NAME": "Iowa", "CNTRY_NAME": "United States", "POP": 131}, "geometry": {"type": "Point", "coordinates": [-90.5422, 42.3624]}}, {"type": "Feature", "properties": {"FID": 1840004898, "OBJECTID": 1840004898, "CITY_NAME": "Bridgewater", "ADMIN_NAME": "Iowa", "CNTRY_NAME": "United States", "POP": 131}, "geometry": {"type": "Point", "coordinates": [-94.6689, 41.2471]}}, {"type": "Feature", "properties": {"FID": 1840007107, "OBJECTID": 1840007107, "CITY_NAME": "Harper", "ADMIN_NAME": "Iowa", "CNTRY_NAME": "United States", "POP": 130}, "geometry": {"type": "Point", "coordinates": [-92.0509, 41.3637]}}, {"type": "Feature", "properties": {"FID": 1840008026, "OBJECTID": 1840008026, "CITY_NAME": "Meriden", "ADMIN_NAME": "Iowa", "CNTRY_NAME": "United States", "POP": 130}, "geometry": {"type": "Point", "coordinates": [-95.6341, 42.7946]}}, {"type": "Feature", "properties": {"FID": 1840009167, "OBJECTID": 1840009167, "CITY_NAME": "Luther", "ADMIN_NAME": "Iowa", "CNTRY_NAME": "United States", "POP": 130}, "geometry": {"type": "Point", "coordinates": [-93.8176, 41.9669]}}, {"type": "Feature", "properties": {"FID": 1840009085, "OBJECTID": 1840009085, "CITY_NAME": "Rutland", "ADMIN_NAME": "Iowa", "CNTRY_NAME": "United States", "POP": 130}, "geometry": {"type": "Point", "coordinates": [-94.2952, 42.7614]}}, {"type": "Feature", "properties": {"FID": 1840008012, "OBJECTID": 1840008012, "CITY_NAME": "Garber", "ADMIN_NAME": "Iowa", "CNTRY_NAME": "United States", "POP": 129}, "geometry": {"type": "Point", "coordinates": [-91.2621, 42.7444]}}, {"type": "Feature", "properties": {"FID": 1840009086, "OBJECTID": 1840009086, "CITY_NAME": "Popejoy", "ADMIN_NAME": "Iowa", "CNTRY_NAME": "United States", "POP": 129}, "geometry": {"type": "Point", "coordinates": [-93.4278, 42.5938]}}, {"type": "Feature", "properties": {"FID": 1840026248, "OBJECTID": 1840026248, "CITY_NAME": "Conroy", "ADMIN_NAME": "Iowa", "CNTRY_NAME": "United States", "POP": 128}, "geometry": {"type": "Point", "coordinates": [-91.9985, 41.7266]}}, {"type": "Feature", "properties": {"FID": 1840009020, "OBJECTID": 1840009020, "CITY_NAME": "Lone Rock", "ADMIN_NAME": "Iowa", "CNTRY_NAME": "United States", "POP": 127}, "geometry": {"type": "Point", "coordinates": [-94.3253, 43.2209]}}, {"type": "Feature", "properties": {"FID": 1840009274, "OBJECTID": 1840009274, "CITY_NAME": "Stockton", "ADMIN_NAME": "Iowa", "CNTRY_NAME": "United States", "POP": 127}, "geometry": {"type": "Point", "coordinates": [-90.8565, 41.5908]}}, {"type": "Feature", "properties": {"FID": 1840004798, "OBJECTID": 1840004798, "CITY_NAME": "Brayton", "ADMIN_NAME": "Iowa", "CNTRY_NAME": "United States", "POP": 127}, "geometry": {"type": "Point", "coordinates": [-94.9302, 41.5447]}}, {"type": "Feature", "properties": {"FID": 1840006935, "OBJECTID": 1840006935, "CITY_NAME": "Delaware", "ADMIN_NAME": "Iowa", "CNTRY_NAME": "United States", "POP": 126}, "geometry": {"type": "Point", "coordinates": [-91.3391, 42.4718]}}, {"type": "Feature", "properties": {"FID": 1840008222, "OBJECTID": 1840008222, "CITY_NAME": "East Peru", "ADMIN_NAME": "Iowa", "CNTRY_NAME": "United States", "POP": 126}, "geometry": {"type": "Point", "coordinates": [-93.9295, 41.227]}}, {"type": "Feature", "properties": {"FID": 1840026251, "OBJECTID": 1840026251, "CITY_NAME": "South Amana", "ADMIN_NAME": "Iowa", "CNTRY_NAME": "United States", "POP": 126}, "geometry": {"type": "Point", "coordinates": [-91.96, 41.7703]}}, {"type": "Feature", "properties": {"FID": 1840010102, "OBJECTID": 1840010102, "CITY_NAME": "Whitten", "ADMIN_NAME": "Iowa", "CNTRY_NAME": "United States", "POP": 125}, "geometry": {"type": "Point", "coordinates": [-93.0092, 42.2626]}}, {"type": "Feature", "properties": {"FID": 1840009053, "OBJECTID": 1840009053, "CITY_NAME": "Rock Falls", "ADMIN_NAME": "Iowa", "CNTRY_NAME": "United States", "POP": 125}, "geometry": {"type": "Point", "coordinates": [-93.087, 43.2071]}}, {"type": "Feature", "properties": {"FID": 1840006927, "OBJECTID": 1840006927, "CITY_NAME": "Centralia", "ADMIN_NAME": "Iowa", "CNTRY_NAME": "United States", "POP": 125}, "geometry": {"type": "Point", "coordinates": [-90.8362, 42.4723]}}, {"type": "Feature", "properties": {"FID": 1840008080, "OBJECTID": 1840008080, "CITY_NAME": "Morrison", "ADMIN_NAME": "Iowa", "CNTRY_NAME": "United States", "POP": 125}, "geometry": {"type": "Point", "coordinates": [-92.6733, 42.343]}}, {"type": "Feature", "properties": {"FID": 1840009051, "OBJECTID": 1840009051, "CITY_NAME": "Swaledale", "ADMIN_NAME": "Iowa", "CNTRY_NAME": "United States", "POP": 125}, "geometry": {"type": "Point", "coordinates": [-93.3155, 42.9765]}}, {"type": "Feature", "properties": {"FID": 1840006992, "OBJECTID": 1840006992, "CITY_NAME": "Center Junction", "ADMIN_NAME": "Iowa", "CNTRY_NAME": "United States", "POP": 125}, "geometry": {"type": "Point", "coordinates": [-91.0904, 42.1142]}}, {"type": "Feature", "properties": {"FID": 1840009155, "OBJECTID": 1840009155, "CITY_NAME": "Soldier", "ADMIN_NAME": "Iowa", "CNTRY_NAME": "United States", "POP": 123}, "geometry": {"type": "Point", "coordinates": [-95.7805, 41.9844]}}, {"type": "Feature", "properties": {"FID": 1840010131, "OBJECTID": 1840010131, "CITY_NAME": "Turin", "ADMIN_NAME": "Iowa", "CNTRY_NAME": "United States", "POP": 123}, "geometry": {"type": "Point", "coordinates": [-95.9662, 42.0208]}}, {"type": "Feature", "properties": {"FID": 1840009204, "OBJECTID": 1840009204, "CITY_NAME": "Little Sioux", "ADMIN_NAME": "Iowa", "CNTRY_NAME": "United States", "POP": 122}, "geometry": {"type": "Point", "coordinates": [-96.0272, 41.8082]}}, {"type": "Feature", "properties": {"FID": 1840026213, "OBJECTID": 1840026213, "CITY_NAME": "Stone City", "ADMIN_NAME": "Iowa", "CNTRY_NAME": "United States", "POP": 122}, "geometry": {"type": "Point", "coordinates": [-91.3543, 42.11]}}, {"type": "Feature", "properties": {"FID": 1840006907, "OBJECTID": 1840006907, "CITY_NAME": "Bradgate", "ADMIN_NAME": "Iowa", "CNTRY_NAME": "United States", "POP": 121}, "geometry": {"type": "Point", "coordinates": [-94.4201, 42.803]}}, {"type": "Feature", "properties": {"FID": 1840008308, "OBJECTID": 1840008308, "CITY_NAME": "Floris", "ADMIN_NAME": "Iowa", "CNTRY_NAME": "United States", "POP": 121}, "geometry": {"type": "Point", "coordinates": [-92.3326, 40.8645]}}, {"type": "Feature", "properties": {"FID": 1840007153, "OBJECTID": 1840007153, "CITY_NAME": "Hastings", "ADMIN_NAME": "Iowa", "CNTRY_NAME": "United States", "POP": 121}, "geometry": {"type": "Point", "coordinates": [-95.4947, 41.0252]}}, {"type": "Feature", "properties": {"FID": 1840009218, "OBJECTID": 1840009218, "CITY_NAME": "Searsboro", "ADMIN_NAME": "Iowa", "CNTRY_NAME": "United States", "POP": 120}, "geometry": {"type": "Point", "coordinates": [-92.7041, 41.5791]}}, {"type": "Feature", "properties": {"FID": 1840007041, "OBJECTID": 1840007041, "CITY_NAME": "Andover", "ADMIN_NAME": "Iowa", "CNTRY_NAME": "United States", "POP": 120}, "geometry": {"type": "Point", "coordinates": [-90.2528, 41.9801]}}, {"type": "Feature", "properties": {"FID": 1840009169, "OBJECTID": 1840009169, "CITY_NAME": "Pilot Mound", "ADMIN_NAME": "Iowa", "CNTRY_NAME": "United States", "POP": 117}, "geometry": {"type": "Point", "coordinates": [-94.0183, 42.1593]}}, {"type": "Feature", "properties": {"FID": 1840006964, "OBJECTID": 1840006964, "CITY_NAME": "Beaman", "ADMIN_NAME": "Iowa", "CNTRY_NAME": "United States", "POP": 117}, "geometry": {"type": "Point", "coordinates": [-92.8221, 42.2203]}}, {"type": "Feature", "properties": {"FID": 1840008027, "OBJECTID": 1840008027, "CITY_NAME": "Larrabee", "ADMIN_NAME": "Iowa", "CNTRY_NAME": "United States", "POP": 116}, "geometry": {"type": "Point", "coordinates": [-95.5446, 42.8616]}}, {"type": "Feature", "properties": {"FID": 1840010366, "OBJECTID": 1840010366, "CITY_NAME": "Tingley", "ADMIN_NAME": "Iowa", "CNTRY_NAME": "United States", "POP": 115}, "geometry": {"type": "Point", "coordinates": [-94.1958, 40.8527]}}, {"type": "Feature", "properties": {"FID": 1840024207, "OBJECTID": 1840024207, "CITY_NAME": "Mineola", "ADMIN_NAME": "Iowa", "CNTRY_NAME": "United States", "POP": 115}, "geometry": {"type": "Point", "coordinates": [-95.6947, 41.1414]}}, {"type": "Feature", "properties": {"FID": 1840024258, "OBJECTID": 1840024258, "CITY_NAME": "Percival", "ADMIN_NAME": "Iowa", "CNTRY_NAME": "United States", "POP": 115}, "geometry": {"type": "Point", "coordinates": [-95.8133, 40.7513]}}, {"type": "Feature", "properties": {"FID": 1840009386, "OBJECTID": 1840009386, "CITY_NAME": "Shambaugh", "ADMIN_NAME": "Iowa", "CNTRY_NAME": "United States", "POP": 114}, "geometry": {"type": "Point", "coordinates": [-95.0352, 40.6575]}}, {"type": "Feature", "properties": {"FID": 1840007958, "OBJECTID": 1840007958, "CITY_NAME": "Ledyard", "ADMIN_NAME": "Iowa", "CNTRY_NAME": "United States", "POP": 114}, "geometry": {"type": "Point", "coordinates": [-94.1593, 43.4192]}}, {"type": "Feature", "properties": {"FID": 1840009077, "OBJECTID": 1840009077, "CITY_NAME": "Palmer", "ADMIN_NAME": "Iowa", "CNTRY_NAME": "United States", "POP": 114}, "geometry": {"type": "Point", "coordinates": [-94.5985, 42.6301]}}, {"type": "Feature", "properties": {"FID": 1840010134, "OBJECTID": 1840010134, "CITY_NAME": "Willey", "ADMIN_NAME": "Iowa", "CNTRY_NAME": "United States", "POP": 113}, "geometry": {"type": "Point", "coordinates": [-94.8224, 41.9788]}}, {"type": "Feature", "properties": {"FID": 1840009349, "OBJECTID": 1840009349, "CITY_NAME": "Shannon City", "ADMIN_NAME": "Iowa", "CNTRY_NAME": "United States", "POP": 113}, "geometry": {"type": "Point", "coordinates": [-94.2639, 40.899]}}, {"type": "Feature", "properties": {"FID": 1840008090, "OBJECTID": 1840008090, "CITY_NAME": "Monmouth", "ADMIN_NAME": "Iowa", "CNTRY_NAME": "United States", "POP": 112}, "geometry": {"type": "Point", "coordinates": [-90.8822, 42.0751]}}, {"type": "Feature", "properties": {"FID": 1840009282, "OBJECTID": 1840009282, "CITY_NAME": "St. Marys", "ADMIN_NAME": "Iowa", "CNTRY_NAME": "United States", "POP": 112}, "geometry": {"type": "Point", "coordinates": [-93.7337, 41.3077]}}, {"type": "Feature", "properties": {"FID": 1840008265, "OBJECTID": 1840008265, "CITY_NAME": "Mount Union", "ADMIN_NAME": "Iowa", "CNTRY_NAME": "United States", "POP": 111}, "geometry": {"type": "Point", "coordinates": [-91.3914, 41.0576]}}, {"type": "Feature", "properties": {"FID": 1840146251, "OBJECTID": 1840146251, "CITY_NAME": "Oak Hills", "ADMIN_NAME": "Iowa", "CNTRY_NAME": "United States", "POP": 111}, "geometry": {"type": "Point", "coordinates": [-91.1463, 40.7586]}}, {"type": "Feature", "properties": {"FID": 1840008016, "OBJECTID": 1840008016, "CITY_NAME": "North Buena Vista", "ADMIN_NAME": "Iowa", "CNTRY_NAME": "United States", "POP": 110}, "geometry": {"type": "Point", "coordinates": [-90.958, 42.6778]}}, {"type": "Feature", "properties": {"FID": 1840007055, "OBJECTID": 1840007055, "CITY_NAME": "Dawson", "ADMIN_NAME": "Iowa", "CNTRY_NAME": "United States", "POP": 108}, "geometry": {"type": "Point", "coordinates": [-94.2203, 41.8431]}}, {"type": "Feature", "properties": {"FID": 1840007151, "OBJECTID": 1840007151, "CITY_NAME": "Derby", "ADMIN_NAME": "Iowa", "CNTRY_NAME": "United States", "POP": 106}, "geometry": {"type": "Point", "coordinates": [-93.4565, 40.9303]}}, {"type": "Feature", "properties": {"FID": 1840008225, "OBJECTID": 1840008225, "CITY_NAME": "Keomah Village", "ADMIN_NAME": "Iowa", "CNTRY_NAME": "United States", "POP": 106}, "geometry": {"type": "Point", "coordinates": [-92.5368, 41.2885]}}, {"type": "Feature", "properties": {"FID": 1840009031, "OBJECTID": 1840009031, "CITY_NAME": "Orchard", "ADMIN_NAME": "Iowa", "CNTRY_NAME": "United States", "POP": 106}, "geometry": {"type": "Point", "coordinates": [-92.776, 43.2276]}}, {"type": "Feature", "properties": {"FID": 1840026217, "OBJECTID": 1840026217, "CITY_NAME": "Green Mountain", "ADMIN_NAME": "Iowa", "CNTRY_NAME": "United States", "POP": 105}, "geometry": {"type": "Point", "coordinates": [-92.8196, 42.1019]}}, {"type": "Feature", "properties": {"FID": 1840010314, "OBJECTID": 1840010314, "CITY_NAME": "Westwood", "ADMIN_NAME": "Iowa", "CNTRY_NAME": "United States", "POP": 104}, "geometry": {"type": "Point", "coordinates": [-91.6266, 40.965]}}, {"type": "Feature", "properties": {"FID": 1840007061, "OBJECTID": 1840007061, "CITY_NAME": "Hartwick", "ADMIN_NAME": "Iowa", "CNTRY_NAME": "United States", "POP": 104}, "geometry": {"type": "Point", "coordinates": [-92.3452, 41.7856]}}, {"type": "Feature", "properties": {"FID": 1840009138, "OBJECTID": 1840009138, "CITY_NAME": "Spragueville", "ADMIN_NAME": "Iowa", "CNTRY_NAME": "United States", "POP": 102}, "geometry": {"type": "Point", "coordinates": [-90.4327, 42.0716]}}, {"type": "Feature", "properties": {"FID": 1840006931, "OBJECTID": 1840006931, "CITY_NAME": "Bernard", "ADMIN_NAME": "Iowa", "CNTRY_NAME": "United States", "POP": 101}, "geometry": {"type": "Point", "coordinates": [-90.8319, 42.3133]}}, {"type": "Feature", "properties": {"FID": 1840006852, "OBJECTID": 1840006852, "CITY_NAME": "Dolliver", "ADMIN_NAME": "Iowa", "CNTRY_NAME": "United States", "POP": 100}, "geometry": {"type": "Point", "coordinates": [-94.6142, 43.4636]}}, {"type": "Feature", "properties": {"FID": 1840005358, "OBJECTID": 1840005358, "CITY_NAME": "Douds", "ADMIN_NAME": "Iowa", "CNTRY_NAME": "United States", "POP": 100}, "geometry": {"type": "Point", "coordinates": [-92.0764, 40.8438]}}, {"type": "Feature", "properties": {"FID": 1840007005, "OBJECTID": 1840007005, "CITY_NAME": "Arion", "ADMIN_NAME": "Iowa", "CNTRY_NAME": "United States", "POP": 99}, "geometry": {"type": "Point", "coordinates": [-95.4624, 41.9478]}}, {"type": "Feature", "properties": {"FID": 1840006911, "OBJECTID": 1840006911, "CITY_NAME": "Hansell", "ADMIN_NAME": "Iowa", "CNTRY_NAME": "United States", "POP": 99}, "geometry": {"type": "Point", "coordinates": [-93.1041, 42.7578]}}, {"type": "Feature", "properties": {"FID": 1840008110, "OBJECTID": 1840008110, "CITY_NAME": "Ferguson", "ADMIN_NAME": "Iowa", "CNTRY_NAME": "United States", "POP": 97}, "geometry": {"type": "Point", "coordinates": [-92.8629, 41.9386]}}, {"type": "Feature", "properties": {"FID": 1840008315, "OBJECTID": 1840008315, "CITY_NAME": "Exline", "ADMIN_NAME": "Iowa", "CNTRY_NAME": "United States", "POP": 96}, "geometry": {"type": "Point", "coordinates": [-92.8432, 40.6491]}}, {"type": "Feature", "properties": {"FID": 1840008217, "OBJECTID": 1840008217, "CITY_NAME": "Martinsburg", "ADMIN_NAME": "Iowa", "CNTRY_NAME": "United States", "POP": 96}, "geometry": {"type": "Point", "coordinates": [-92.2519, 41.1788]}}, {"type": "Feature", "properties": {"FID": 1840007970, "OBJECTID": 1840007970, "CITY_NAME": "McIntire", "ADMIN_NAME": "Iowa", "CNTRY_NAME": "United States", "POP": 95}, "geometry": {"type": "Point", "coordinates": [-92.5936, 43.436]}}, {"type": "Feature", "properties": {"FID": 1840006877, "OBJECTID": 1840006877, "CITY_NAME": "Dougherty", "ADMIN_NAME": "Iowa", "CNTRY_NAME": "United States", "POP": 94}, "geometry": {"type": "Point", "coordinates": [-93.0361, 42.922]}}, {"type": "Feature", "properties": {"FID": 1840029684, "OBJECTID": 1840029684, "CITY_NAME": "Yarmouth", "ADMIN_NAME": "Iowa", "CNTRY_NAME": "United States", "POP": 94}, "geometry": {"type": "Point", "coordinates": [-91.322, 41.0245]}}, {"type": "Feature", "properties": {"FID": 1840029596, "OBJECTID": 1840029596, "CITY_NAME": "Argyle", "ADMIN_NAME": "Iowa", "CNTRY_NAME": "United States", "POP": 93}, "geometry": {"type": "Point", "coordinates": [-91.5678, 40.5359]}}, {"type": "Feature", "properties": {"FID": 1840057540, "OBJECTID": 1840057540, "CITY_NAME": "Sperry", "ADMIN_NAME": "Iowa", "CNTRY_NAME": "United States", "POP": 93}, "geometry": {"type": "Point", "coordinates": [-91.1557, 40.9572]}}, {"type": "Feature", "properties": {"FID": 1840009160, "OBJECTID": 1840009160, "CITY_NAME": "St. Anthony", "ADMIN_NAME": "Iowa", "CNTRY_NAME": "United States", "POP": 93}, "geometry": {"type": "Point", "coordinates": [-93.1975, 42.1235]}}, {"type": "Feature", "properties": {"FID": 1840007105, "OBJECTID": 1840007105, "CITY_NAME": "Ackworth", "ADMIN_NAME": "Iowa", "CNTRY_NAME": "United States", "POP": 92}, "geometry": {"type": "Point", "coordinates": [-93.4723, 41.3642]}}, {"type": "Feature", "properties": {"FID": 1840009059, "OBJECTID": 1840009059, "CITY_NAME": "Rossie", "ADMIN_NAME": "Iowa", "CNTRY_NAME": "United States", "POP": 91}, "geometry": {"type": "Point", "coordinates": [-95.1886, 43.0137]}}, {"type": "Feature", "properties": {"FID": 1840010368, "OBJECTID": 1840010368, "CITY_NAME": "Weldon", "ADMIN_NAME": "Iowa", "CNTRY_NAME": "United States", "POP": 90}, "geometry": {"type": "Point", "coordinates": [-93.735, 40.8973]}}, {"type": "Feature", "properties": {"FID": 1840009071, "OBJECTID": 1840009071, "CITY_NAME": "Oyens", "ADMIN_NAME": "Iowa", "CNTRY_NAME": "United States", "POP": 89}, "geometry": {"type": "Point", "coordinates": [-96.058, 42.8198]}}, {"type": "Feature", "properties": {"FID": 1840009149, "OBJECTID": 1840009149, "CITY_NAME": "Lincoln", "ADMIN_NAME": "Iowa", "CNTRY_NAME": "United States", "POP": 88}, "geometry": {"type": "Point", "coordinates": [-92.6923, 42.2627]}}, {"type": "Feature", "properties": {"FID": 1840006929, "OBJECTID": 1840006929, "CITY_NAME": "Balltown", "ADMIN_NAME": "Iowa", "CNTRY_NAME": "United States", "POP": 88}, "geometry": {"type": "Point", "coordinates": [-90.87, 42.6371]}}, {"type": "Feature", "properties": {"FID": 1840029672, "OBJECTID": 1840029672, "CITY_NAME": "Swedesburg", "ADMIN_NAME": "Iowa", "CNTRY_NAME": "United States", "POP": 87}, "geometry": {"type": "Point", "coordinates": [-91.5533, 41.106]}}, {"type": "Feature", "properties": {"FID": 1840007204, "OBJECTID": 1840007204, "CITY_NAME": "Houghton", "ADMIN_NAME": "Iowa", "CNTRY_NAME": "United States", "POP": 87}, "geometry": {"type": "Point", "coordinates": [-91.61, 40.7836]}}, {"type": "Feature", "properties": {"FID": 1840007115, "OBJECTID": 1840007115, "CITY_NAME": "Hamilton", "ADMIN_NAME": "Iowa", "CNTRY_NAME": "United States", "POP": 87}, "geometry": {"type": "Point", "coordinates": [-92.9041, 41.1705]}}, {"type": "Feature", "properties": {"FID": 1840007158, "OBJECTID": 1840007158, "CITY_NAME": "Cromwell", "ADMIN_NAME": "Iowa", "CNTRY_NAME": "United States", "POP": 87}, "geometry": {"type": "Point", "coordinates": [-94.4618, 41.0405]}}, {"type": "Feature", "properties": {"FID": 1840010370, "OBJECTID": 1840010370, "CITY_NAME": "Unionville", "ADMIN_NAME": "Iowa", "CNTRY_NAME": "United States", "POP": 86}, "geometry": {"type": "Point", "coordinates": [-92.6959, 40.8182]}}, {"type": "Feature", "properties": {"FID": 1840009396, "OBJECTID": 1840009396, "CITY_NAME": "Promise City", "ADMIN_NAME": "Iowa", "CNTRY_NAME": "United States", "POP": 86}, "geometry": {"type": "Point", "coordinates": [-93.1498, 40.7474]}}, {"type": "Feature", "properties": {"FID": 1840008074, "OBJECTID": 1840008074, "CITY_NAME": "Knierim", "ADMIN_NAME": "Iowa", "CNTRY_NAME": "United States", "POP": 83}, "geometry": {"type": "Point", "coordinates": [-94.4559, 42.4563]}}, {"type": "Feature", "properties": {"FID": 1840006959, "OBJECTID": 1840006959, "CITY_NAME": "Buckeye", "ADMIN_NAME": "Iowa", "CNTRY_NAME": "United States", "POP": 82}, "geometry": {"type": "Point", "coordinates": [-93.3758, 42.4195]}}, {"type": "Feature", "properties": {"FID": 1840010266, "OBJECTID": 1840010266, "CITY_NAME": "Wiota", "ADMIN_NAME": "Iowa", "CNTRY_NAME": "United States", "POP": 82}, "geometry": {"type": "Point", "coordinates": [-94.8872, 41.4007]}}, {"type": "Feature", "properties": {"FID": 1840010095, "OBJECTID": 1840010095, "CITY_NAME": "Zwingle", "ADMIN_NAME": "Iowa", "CNTRY_NAME": "United States", "POP": 81}, "geometry": {"type": "Point", "coordinates": [-90.6874, 42.2972]}}, {"type": "Feature", "properties": {"FID": 1840024032, "OBJECTID": 1840024032, "CITY_NAME": "Irvington", "ADMIN_NAME": "Iowa", "CNTRY_NAME": "United States", "POP": 81}, "geometry": {"type": "Point", "coordinates": [-94.1957, 43.0129]}}, {"type": "Feature", "properties": {"FID": 1840026249, "OBJECTID": 1840026249, "CITY_NAME": "High Amana", "ADMIN_NAME": "Iowa", "CNTRY_NAME": "United States", "POP": 80}, "geometry": {"type": "Point", "coordinates": [-91.9418, 41.8011]}}, {"type": "Feature", "properties": {"FID": 1840006868, "OBJECTID": 1840006868, "CITY_NAME": "Chatsworth", "ADMIN_NAME": "Iowa", "CNTRY_NAME": "United States", "POP": 80}, "geometry": {"type": "Point", "coordinates": [-96.5145, 42.9163]}}, {"type": "Feature", "properties": {"FID": 1840007160, "OBJECTID": 1840007160, "CITY_NAME": "Arispe", "ADMIN_NAME": "Iowa", "CNTRY_NAME": "United States", "POP": 79}, "geometry": {"type": "Point", "coordinates": [-94.2192, 40.9484]}}, {"type": "Feature", "properties": {"FID": 1840009388, "OBJECTID": 1840009388, "CITY_NAME": "Sharpsburg", "ADMIN_NAME": "Iowa", "CNTRY_NAME": "United States", "POP": 79}, "geometry": {"type": "Point", "coordinates": [-94.6405, 40.8029]}}, {"type": "Feature", "properties": {"FID": 1840009335, "OBJECTID": 1840009335, "CITY_NAME": "Pleasant Plain", "ADMIN_NAME": "Iowa", "CNTRY_NAME": "United States", "POP": 79}, "geometry": {"type": "Point", "coordinates": [-91.8596, 41.1472]}}, {"type": "Feature", "properties": {"FID": 1840008068, "OBJECTID": 1840008068, "CITY_NAME": "Nemaha", "ADMIN_NAME": "Iowa", "CNTRY_NAME": "United States", "POP": 78}, "geometry": {"type": "Point", "coordinates": [-95.0886, 42.5148]}}, {"type": "Feature", "properties": {"FID": 1840024034, "OBJECTID": 1840024034, "CITY_NAME": "St. Joseph", "ADMIN_NAME": "Iowa", "CNTRY_NAME": "United States", "POP": 78}, "geometry": {"type": "Point", "coordinates": [-94.2308, 42.9123]}}, {"type": "Feature", "properties": {"FID": 1840009337, "OBJECTID": 1840009337, "CITY_NAME": "Rome", "ADMIN_NAME": "Iowa", "CNTRY_NAME": "United States", "POP": 77}, "geometry": {"type": "Point", "coordinates": [-91.6817, 40.982]}}, {"type": "Feature", "properties": {"FID": 1840009098, "OBJECTID": 1840009098, "CITY_NAME": "Sageville", "ADMIN_NAME": "Iowa", "CNTRY_NAME": "United States", "POP": 76}, "geometry": {"type": "Point", "coordinates": [-90.7062, 42.5493]}}, {"type": "Feature", "properties": {"FID": 1840009344, "OBJECTID": 1840009344, "CITY_NAME": "Pacific Junction", "ADMIN_NAME": "Iowa", "CNTRY_NAME": "United States", "POP": 75}, "geometry": {"type": "Point", "coordinates": [-95.7994, 41.018]}}, {"type": "Feature", "properties": {"FID": 1840009336, "OBJECTID": 1840009336, "CITY_NAME": "Olds", "ADMIN_NAME": "Iowa", "CNTRY_NAME": "United States", "POP": 75}, "geometry": {"type": "Point", "coordinates": [-91.5441, 41.1343]}}, {"type": "Feature", "properties": {"FID": 1840009068, "OBJECTID": 1840009068, "CITY_NAME": "St. Olaf", "ADMIN_NAME": "Iowa", "CNTRY_NAME": "United States", "POP": 75}, "geometry": {"type": "Point", "coordinates": [-91.3877, 42.9268]}}, {"type": "Feature", "properties": {"FID": 1840009102, "OBJECTID": 1840009102, "CITY_NAME": "Stanley", "ADMIN_NAME": "Iowa", "CNTRY_NAME": "United States", "POP": 73}, "geometry": {"type": "Point", "coordinates": [-91.8122, 42.6419]}}, {"type": "Feature", "properties": {"FID": 1840008052, "OBJECTID": 1840008052, "CITY_NAME": "Masonville", "ADMIN_NAME": "Iowa", "CNTRY_NAME": "United States", "POP": 72}, "geometry": {"type": "Point", "coordinates": [-91.5915, 42.4798]}}, {"type": "Feature", "properties": {"FID": 1840009070, "OBJECTID": 1840009070, "CITY_NAME": "Struble", "ADMIN_NAME": "Iowa", "CNTRY_NAME": "United States", "POP": 71}, "geometry": {"type": "Point", "coordinates": [-96.1946, 42.8944]}}, {"type": "Feature", "properties": {"FID": 1840026201, "OBJECTID": 1840026201, "CITY_NAME": "Climbing Hill", "ADMIN_NAME": "Iowa", "CNTRY_NAME": "United States", "POP": 70}, "geometry": {"type": "Point", "coordinates": [-96.0811, 42.3394]}}, {"type": "Feature", "properties": {"FID": 1840006856, "OBJECTID": 1840006856, "CITY_NAME": "Carpenter", "ADMIN_NAME": "Iowa", "CNTRY_NAME": "United States", "POP": 70}, "geometry": {"type": "Point", "coordinates": [-93.0172, 43.4151]}}, {"type": "Feature", "properties": {"FID": 1840007995, "OBJECTID": 1840007995, "CITY_NAME": "Greenville", "ADMIN_NAME": "Iowa", "CNTRY_NAME": "United States", "POP": 70}, "geometry": {"type": "Point", "coordinates": [-95.1461, 43.017]}}, {"type": "Feature", "properties": {"FID": 1840057409, "OBJECTID": 1840057409, "CITY_NAME": "Kingston", "ADMIN_NAME": "Iowa", "CNTRY_NAME": "United States", "POP": 70}, "geometry": {"type": "Point", "coordinates": [-91.0458, 40.9792]}}, {"type": "Feature", "properties": {"FID": 1840008165, "OBJECTID": 1840008165, "CITY_NAME": "Gray", "ADMIN_NAME": "Iowa", "CNTRY_NAME": "United States", "POP": 70}, "geometry": {"type": "Point", "coordinates": [-94.9859, 41.8417]}}, {"type": "Feature", "properties": {"FID": 1840008117, "OBJECTID": 1840008117, "CITY_NAME": "Lanesboro", "ADMIN_NAME": "Iowa", "CNTRY_NAME": "United States", "POP": 69}, "geometry": {"type": "Point", "coordinates": [-94.6923, 42.1828]}}, {"type": "Feature", "properties": {"FID": 1840010160, "OBJECTID": 1840010160, "CITY_NAME": "Toronto", "ADMIN_NAME": "Iowa", "CNTRY_NAME": "United States", "POP": 69}, "geometry": {"type": "Point", "coordinates": [-90.8629, 41.903]}}, {"type": "Feature", "properties": {"FID": 1840009399, "OBJECTID": 1840009399, "CITY_NAME": "St. Paul", "ADMIN_NAME": "Iowa", "CNTRY_NAME": "United States", "POP": 68}, "geometry": {"type": "Point", "coordinates": [-91.5164, 40.7678]}}, {"type": "Feature", "properties": {"FID": 1840026202, "OBJECTID": 1840026202, "CITY_NAME": "Garden City", "ADMIN_NAME": "Iowa", "CNTRY_NAME": "United States", "POP": 67}, "geometry": {"type": "Point", "coordinates": [-93.3954, 42.2455]}}, {"type": "Feature", "properties": {"FID": 1840009163, "OBJECTID": 1840009163, "CITY_NAME": "Ralston", "ADMIN_NAME": "Iowa", "CNTRY_NAME": "United States", "POP": 66}, "geometry": {"type": "Point", "coordinates": [-94.6293, 42.0418]}}, {"type": "Feature", "properties": {"FID": 1840006890, "OBJECTID": 1840006890, "CITY_NAME": "Clayton", "ADMIN_NAME": "Iowa", "CNTRY_NAME": "United States", "POP": 66}, "geometry": {"type": "Point", "coordinates": [-91.1493, 42.9022]}}, {"type": "Feature", "properties": {"FID": 1840009108, "OBJECTID": 1840009108, "CITY_NAME": "Oto", "ADMIN_NAME": "Iowa", "CNTRY_NAME": "United States", "POP": 66}, "geometry": {"type": "Point", "coordinates": [-95.8944, 42.2821]}}, {"type": "Feature", "properties": {"FID": 1840010129, "OBJECTID": 1840010129, "CITY_NAME": "Vining", "ADMIN_NAME": "Iowa", "CNTRY_NAME": "United States", "POP": 66}, "geometry": {"type": "Point", "coordinates": [-92.3873, 41.991]}}, {"type": "Feature", "properties": {"FID": 1840009119, "OBJECTID": 1840009119, "CITY_NAME": "Rinard", "ADMIN_NAME": "Iowa", "CNTRY_NAME": "United States", "POP": 65}, "geometry": {"type": "Point", "coordinates": [-94.4849, 42.3396]}}, {"type": "Feature", "properties": {"FID": 1840008276, "OBJECTID": 1840008276, "CITY_NAME": "Nodaway", "ADMIN_NAME": "Iowa", "CNTRY_NAME": "United States", "POP": 65}, "geometry": {"type": "Point", "coordinates": [-94.8973, 40.9361]}}, {"type": "Feature", "properties": {"FID": 1840009397, "OBJECTID": 1840009397, "CITY_NAME": "Plano", "ADMIN_NAME": "Iowa", "CNTRY_NAME": "United States", "POP": 62}, "geometry": {"type": "Point", "coordinates": [-93.0469, 40.7555]}}, {"type": "Feature", "properties": {"FID": 1840007108, "OBJECTID": 1840007108, "CITY_NAME": "Hayesville", "ADMIN_NAME": "Iowa", "CNTRY_NAME": "United States", "POP": 62}, "geometry": {"type": "Point", "coordinates": [-92.2478, 41.2648]}}, {"type": "Feature", "properties": {"FID": 1840009019, "OBJECTID": 1840009019, "CITY_NAME": "Scarville", "ADMIN_NAME": "Iowa", "CNTRY_NAME": "United States", "POP": 61}, "geometry": {"type": "Point", "coordinates": [-93.6152, 43.4707]}}, {"type": "Feature", "properties": {"FID": 1840007010, "OBJECTID": 1840007010, "CITY_NAME": "Beaver", "ADMIN_NAME": "Iowa", "CNTRY_NAME": "United States", "POP": 61}, "geometry": {"type": "Point", "coordinates": [-94.14, 42.0383]}}, {"type": "Feature", "properties": {"FID": 1840006881, "OBJECTID": 1840006881, "CITY_NAME": "Cylinder", "ADMIN_NAME": "Iowa", "CNTRY_NAME": "United States", "POP": 60}, "geometry": {"type": "Point", "coordinates": [-94.5513, 43.0902]}}, {"type": "Feature", "properties": {"FID": 1840008216, "OBJECTID": 1840008216, "CITY_NAME": "Gibson", "ADMIN_NAME": "Iowa", "CNTRY_NAME": "United States", "POP": 59}, "geometry": {"type": "Point", "coordinates": [-92.3921, 41.4803]}}, {"type": "Feature", "properties": {"FID": 1840006885, "OBJECTID": 1840006885, "CITY_NAME": "Bassett", "ADMIN_NAME": "Iowa", "CNTRY_NAME": "United States", "POP": 58}, "geometry": {"type": "Point", "coordinates": [-92.5153, 43.0617]}}, {"type": "Feature", "properties": {"FID": 1840024040, "OBJECTID": 1840024040, "CITY_NAME": "New Haven", "ADMIN_NAME": "Iowa", "CNTRY_NAME": "United States", "POP": 58}, "geometry": {"type": "Point", "coordinates": [-92.6422, 43.2839]}}, {"type": "Feature", "properties": {"FID": 1840009165, "OBJECTID": 1840009165, "CITY_NAME": "Ricketts", "ADMIN_NAME": "Iowa", "CNTRY_NAME": "United States", "POP": 58}, "geometry": {"type": "Point", "coordinates": [-95.5749, 42.128]}}, {"type": "Feature", "properties": {"FID": 1840003340, "OBJECTID": 1840003340, "CITY_NAME": "Downey", "ADMIN_NAME": "Iowa", "CNTRY_NAME": "United States", "POP": 58}, "geometry": {"type": "Point", "coordinates": [-91.3472, 41.612]}}, {"type": "Feature", "properties": {"FID": 1840009292, "OBJECTID": 1840009292, "CITY_NAME": "Swan", "ADMIN_NAME": "Iowa", "CNTRY_NAME": "United States", "POP": 58}, "geometry": {"type": "Point", "coordinates": [-93.3096, 41.4676]}}, {"type": "Feature", "properties": {"FID": 1840009214, "OBJECTID": 1840009214, "CITY_NAME": "Tennant", "ADMIN_NAME": "Iowa", "CNTRY_NAME": "United States", "POP": 57}, "geometry": {"type": "Point", "coordinates": [-95.445, 41.5941]}}, {"type": "Feature", "properties": {"FID": 1840006886, "OBJECTID": 1840006886, "CITY_NAME": "Colwell", "ADMIN_NAME": "Iowa", "CNTRY_NAME": "United States", "POP": 56}, "geometry": {"type": "Point", "coordinates": [-92.5916, 43.1572]}}, {"type": "Feature", "properties": {"FID": 1840009288, "OBJECTID": 1840009288, "CITY_NAME": "Macksburg", "ADMIN_NAME": "Iowa", "CNTRY_NAME": "United States", "POP": 54}, "geometry": {"type": "Point", "coordinates": [-94.1851, 41.2147]}}, {"type": "Feature", "properties": {"FID": 1840007060, "OBJECTID": 1840007060, "CITY_NAME": "Guernsey", "ADMIN_NAME": "Iowa", "CNTRY_NAME": "United States", "POP": 54}, "geometry": {"type": "Point", "coordinates": [-92.346, 41.6506]}}, {"type": "Feature", "properties": {"FID": 1840026253, "OBJECTID": 1840026253, "CITY_NAME": "East Amana", "ADMIN_NAME": "Iowa", "CNTRY_NAME": "United States", "POP": 53}, "geometry": {"type": "Point", "coordinates": [-91.8524, 41.8089]}}, {"type": "Feature", "properties": {"FID": 1840008227, "OBJECTID": 1840008227, "CITY_NAME": "Marysville", "ADMIN_NAME": "Iowa", "CNTRY_NAME": "United States", "POP": 52}, "geometry": {"type": "Point", "coordinates": [-92.9538, 41.1808]}}, {"type": "Feature", "properties": {"FID": 1840009281, "OBJECTID": 1840009281, "CITY_NAME": "Spring Hill", "ADMIN_NAME": "Iowa", "CNTRY_NAME": "United States", "POP": 52}, "geometry": {"type": "Point", "coordinates": [-93.6501, 41.4122]}}, {"type": "Feature", "properties": {"FID": 1840007155, "OBJECTID": 1840007155, "CITY_NAME": "Coburg", "ADMIN_NAME": "Iowa", "CNTRY_NAME": "United States", "POP": 51}, "geometry": {"type": "Point", "coordinates": [-95.2655, 40.9187]}}, {"type": "Feature", "properties": {"FID": 1840009350, "OBJECTID": 1840009350, "CITY_NAME": "Thayer", "ADMIN_NAME": "Iowa", "CNTRY_NAME": "United States", "POP": 50}, "geometry": {"type": "Point", "coordinates": [-94.0499, 41.0287]}}, {"type": "Feature", "properties": {"FID": 1840007148, "OBJECTID": 1840007148, "CITY_NAME": "Chillicothe", "ADMIN_NAME": "Iowa", "CNTRY_NAME": "United States", "POP": 50}, "geometry": {"type": "Point", "coordinates": [-92.53, 41.0861]}}, {"type": "Feature", "properties": {"FID": 1840007179, "OBJECTID": 1840007179, "CITY_NAME": "Imogene", "ADMIN_NAME": "Iowa", "CNTRY_NAME": "United States", "POP": 50}, "geometry": {"type": "Point", "coordinates": [-95.4292, 40.8777]}}, {"type": "Feature", "properties": {"FID": 1840057430, "OBJECTID": 1840057430, "CITY_NAME": "Lowell", "ADMIN_NAME": "Iowa", "CNTRY_NAME": "United States", "POP": 49}, "geometry": {"type": "Point", "coordinates": [-91.4387, 40.8343]}}, {"type": "Feature", "properties": {"FID": 1840009156, "OBJECTID": 1840009156, "CITY_NAME": "Rodney", "ADMIN_NAME": "Iowa", "CNTRY_NAME": "United States", "POP": 48}, "geometry": {"type": "Point", "coordinates": [-95.9507, 42.2045]}}, {"type": "Feature", "properties": {"FID": 1840057254, "OBJECTID": 1840057254, "CITY_NAME": "Augusta", "ADMIN_NAME": "Iowa", "CNTRY_NAME": "United States", "POP": 47}, "geometry": {"type": "Point", "coordinates": [-91.2768, 40.7598]}}, {"type": "Feature", "properties": {"FID": 1840026212, "OBJECTID": 1840026212, "CITY_NAME": "Watkins", "ADMIN_NAME": "Iowa", "CNTRY_NAME": "United States", "POP": 47}, "geometry": {"type": "Point", "coordinates": [-91.985, 41.8931]}}, {"type": "Feature", "properties": {"FID": 1840007157, "OBJECTID": 1840007157, "CITY_NAME": "Carbon", "ADMIN_NAME": "Iowa", "CNTRY_NAME": "United States", "POP": 46}, "geometry": {"type": "Point", "coordinates": [-94.8246, 41.0498]}}, {"type": "Feature", "properties": {"FID": 1840006915, "OBJECTID": 1840006915, "CITY_NAME": "Aredale", "ADMIN_NAME": "Iowa", "CNTRY_NAME": "United States", "POP": 46}, "geometry": {"type": "Point", "coordinates": [-93.0054, 42.8332]}}, {"type": "Feature", "properties": {"FID": 1840006895, "OBJECTID": 1840006895, "CITY_NAME": "Craig", "ADMIN_NAME": "Iowa", "CNTRY_NAME": "United States", "POP": 46}, "geometry": {"type": "Point", "coordinates": [-96.3096, 42.8955]}}, {"type": "Feature", "properties": {"FID": 1840024147, "OBJECTID": 1840024147, "CITY_NAME": "Loveland", "ADMIN_NAME": "Iowa", "CNTRY_NAME": "United States", "POP": 46}, "geometry": {"type": "Point", "coordinates": [-95.8902, 41.4971]}}, {"type": "Feature", "properties": {"FID": 1840009393, "OBJECTID": 1840009393, "CITY_NAME": "Pleasanton", "ADMIN_NAME": "Iowa", "CNTRY_NAME": "United States", "POP": 46}, "geometry": {"type": "Point", "coordinates": [-93.7429, 40.5824]}}, {"type": "Feature", "properties": {"FID": 1840009078, "OBJECTID": 1840009078, "CITY_NAME": "Plover", "ADMIN_NAME": "Iowa", "CNTRY_NAME": "United States", "POP": 46}, "geometry": {"type": "Point", "coordinates": [-94.6223, 42.8766]}}, {"type": "Feature", "properties": {"FID": 1840008317, "OBJECTID": 1840008317, "CITY_NAME": "Numa", "ADMIN_NAME": "Iowa", "CNTRY_NAME": "United States", "POP": 45}, "geometry": {"type": "Point", "coordinates": [-92.9803, 40.6853]}}, {"type": "Feature", "properties": {"FID": 1840026252, "OBJECTID": 1840026252, "CITY_NAME": "West Amana", "ADMIN_NAME": "Iowa", "CNTRY_NAME": "United States", "POP": 45}, "geometry": {"type": "Point", "coordinates": [-91.9654, 41.8083]}}, {"type": "Feature", "properties": {"FID": 1840026245, "OBJECTID": 1840026245, "CITY_NAME": "Rochester", "ADMIN_NAME": "Iowa", "CNTRY_NAME": "United States", "POP": 45}, "geometry": {"type": "Point", "coordinates": [-91.1509, 41.6747]}}, {"type": "Feature", "properties": {"FID": 1840008299, "OBJECTID": 1840008299, "CITY_NAME": "Northboro", "ADMIN_NAME": "Iowa", "CNTRY_NAME": "United States", "POP": 44}, "geometry": {"type": "Point", "coordinates": [-95.2925, 40.6073]}}, {"type": "Feature", "properties": {"FID": 1840008163, "OBJECTID": 1840008163, "CITY_NAME": "Kirkman", "ADMIN_NAME": "Iowa", "CNTRY_NAME": "United States", "POP": 44}, "geometry": {"type": "Point", "coordinates": [-95.2671, 41.7287]}}, {"type": "Feature", "properties": {"FID": 1840010187, "OBJECTID": 1840010187, "CITY_NAME": "Valeria", "ADMIN_NAME": "Iowa", "CNTRY_NAME": "United States", "POP": 43}, "geometry": {"type": "Point", "coordinates": [-93.3257, 41.7297]}}, {"type": "Feature", "properties": {"FID": 1840006880, "OBJECTID": 1840006880, "CITY_NAME": "Curlew", "ADMIN_NAME": "Iowa", "CNTRY_NAME": "United States", "POP": 43}, "geometry": {"type": "Point", "coordinates": [-94.7378, 42.9797]}}, {"type": "Feature", "properties": {"FID": 1840010258, "OBJECTID": 1840010258, "CITY_NAME": "Thornburg", "ADMIN_NAME": "Iowa", "CNTRY_NAME": "United States", "POP": 43}, "geometry": {"type": "Point", "coordinates": [-92.3323, 41.4557]}}, {"type": "Feature", "properties": {"FID": 1840009283, "OBJECTID": 1840009283, "CITY_NAME": "Sandyville", "ADMIN_NAME": "Iowa", "CNTRY_NAME": "United States", "POP": 43}, "geometry": {"type": "Point", "coordinates": [-93.3862, 41.3709]}}, {"type": "Feature", "properties": {"FID": 1840008108, "OBJECTID": 1840008108, "CITY_NAME": "Morley", "ADMIN_NAME": "Iowa", "CNTRY_NAME": "United States", "POP": 43}, "geometry": {"type": "Point", "coordinates": [-91.2459, 42.0061]}}, {"type": "Feature", "properties": {"FID": 1840007146, "OBJECTID": 1840007146, "CITY_NAME": "Coppock", "ADMIN_NAME": "Iowa", "CNTRY_NAME": "United States", "POP": 43}, "geometry": {"type": "Point", "coordinates": [-91.7151, 41.1636]}}, {"type": "Feature", "properties": {"FID": 1840009392, "OBJECTID": 1840009392, "CITY_NAME": "Redding", "ADMIN_NAME": "Iowa", "CNTRY_NAME": "United States", "POP": 42}, "geometry": {"type": "Point", "coordinates": [-94.3863, 40.6067]}}, {"type": "Feature", "properties": {"FID": 1840008033, "OBJECTID": 1840008033, "CITY_NAME": "Galt", "ADMIN_NAME": "Iowa", "CNTRY_NAME": "United States", "POP": 42}, "geometry": {"type": "Point", "coordinates": [-93.6047, 42.6936]}}, {"type": "Feature", "properties": {"FID": 1840024053, "OBJECTID": 1840024053, "CITY_NAME": "Duncan", "ADMIN_NAME": "Iowa", "CNTRY_NAME": "United States", "POP": 41}, "geometry": {"type": "Point", "coordinates": [-93.7059, 43.1052]}}, {"type": "Feature", "properties": {"FID": 1840008047, "OBJECTID": 1840008047, "CITY_NAME": "Graf", "ADMIN_NAME": "Iowa", "CNTRY_NAME": "United States", "POP": 40}, "geometry": {"type": "Point", "coordinates": [-90.8733, 42.4939]}}, {"type": "Feature", "properties": {"FID": 1840009391, "OBJECTID": 1840009391, "CITY_NAME": "Maloy", "ADMIN_NAME": "Iowa", "CNTRY_NAME": "United States", "POP": 40}, "geometry": {"type": "Point", "coordinates": [-94.412, 40.673]}}, {"type": "Feature", "properties": {"FID": 1840008314, "OBJECTID": 1840008314, "CITY_NAME": "Millerton", "ADMIN_NAME": "Iowa", "CNTRY_NAME": "United States", "POP": 40}, "geometry": {"type": "Point", "coordinates": [-93.3069, 40.8497]}}, {"type": "Feature", "properties": {"FID": 1840008275, "OBJECTID": 1840008275, "CITY_NAME": "Grant", "ADMIN_NAME": "Iowa", "CNTRY_NAME": "United States", "POP": 40}, "geometry": {"type": "Point", "coordinates": [-94.9848, 41.1429]}}, {"type": "Feature", "properties": {"FID": 1840009063, "OBJECTID": 1840009063, "CITY_NAME": "Randalia", "ADMIN_NAME": "Iowa", "CNTRY_NAME": "United States", "POP": 37}, "geometry": {"type": "Point", "coordinates": [-91.8867, 42.8634]}}, {"type": "Feature", "properties": {"FID": 1840029675, "OBJECTID": 1840029675, "CITY_NAME": "Trenton", "ADMIN_NAME": "Iowa", "CNTRY_NAME": "United States", "POP": 37}, "geometry": {"type": "Point", "coordinates": [-91.6395, 41.066]}}, {"type": "Feature", "properties": {"FID": 1840009398, "OBJECTID": 1840009398, "CITY_NAME": "Rathbun", "ADMIN_NAME": "Iowa", "CNTRY_NAME": "United States", "POP": 36}, "geometry": {"type": "Point", "coordinates": [-92.8879, 40.8018]}}, {"type": "Feature", "properties": {"FID": 1840007994, "OBJECTID": 1840007994, "CITY_NAME": "Gillett Grove", "ADMIN_NAME": "Iowa", "CNTRY_NAME": "United States", "POP": 35}, "geometry": {"type": "Point", "coordinates": [-95.0367, 43.0167]}}, {"type": "Feature", "properties": {"FID": 1840007006, "OBJECTID": 1840007006, "CITY_NAME": "Aspinwall", "ADMIN_NAME": "Iowa", "CNTRY_NAME": "United States", "POP": 35}, "geometry": {"type": "Point", "coordinates": [-95.135, 41.9105]}}, {"type": "Feature", "properties": {"FID": 1840024037, "OBJECTID": 1840024037, "CITY_NAME": "Little Cedar", "ADMIN_NAME": "Iowa", "CNTRY_NAME": "United States", "POP": 35}, "geometry": {"type": "Point", "coordinates": [-92.7258, 43.3801]}}, {"type": "Feature", "properties": {"FID": 1840024041, "OBJECTID": 1840024041, "CITY_NAME": "Otranto", "ADMIN_NAME": "Iowa", "CNTRY_NAME": "United States", "POP": 34}, "geometry": {"type": "Point", "coordinates": [-92.9863, 43.4608]}}, {"type": "Feature", "properties": {"FID": 1840006851, "OBJECTID": 1840006851, "CITY_NAME": "Gruver", "ADMIN_NAME": "Iowa", "CNTRY_NAME": "United States", "POP": 34}, "geometry": {"type": "Point", "coordinates": [-94.7036, 43.3931]}}, {"type": "Feature", "properties": {"FID": 1840008309, "OBJECTID": 1840008309, "CITY_NAME": "Ellston", "ADMIN_NAME": "Iowa", "CNTRY_NAME": "United States", "POP": 33}, "geometry": {"type": "Point", "coordinates": [-94.1084, 40.8401]}}, {"type": "Feature", "properties": {"FID": 1840026255, "OBJECTID": 1840026255, "CITY_NAME": "Frytown", "ADMIN_NAME": "Iowa", "CNTRY_NAME": "United States", "POP": 32}, "geometry": {"type": "Point", "coordinates": [-91.7321, 41.572]}}, {"type": "Feature", "properties": {"FID": 1840008304, "OBJECTID": 1840008304, "CITY_NAME": "Mount Sterling", "ADMIN_NAME": "Iowa", "CNTRY_NAME": "United States", "POP": 32}, "geometry": {"type": "Point", "coordinates": [-91.9353, 40.6185]}}, {"type": "Feature", "properties": {"FID": 1840024132, "OBJECTID": 1840024132, "CITY_NAME": "California Junction", "ADMIN_NAME": "Iowa", "CNTRY_NAME": "United States", "POP": 32}, "geometry": {"type": "Point", "coordinates": [-95.9947, 41.5601]}}, {"type": "Feature", "properties": {"FID": 1840009082, "OBJECTID": 1840009082, "CITY_NAME": "Ottosen", "ADMIN_NAME": "Iowa", "CNTRY_NAME": "United States", "POP": 31}, "geometry": {"type": "Point", "coordinates": [-94.376, 42.8977]}}, {"type": "Feature", "properties": {"FID": 1840007183, "OBJECTID": 1840007183, "CITY_NAME": "Blanchard", "ADMIN_NAME": "Iowa", "CNTRY_NAME": "United States", "POP": 31}, "geometry": {"type": "Point", "coordinates": [-95.2213, 40.5803]}}, {"type": "Feature", "properties": {"FID": 1840010085, "OBJECTID": 1840010085, "CITY_NAME": "Varina", "ADMIN_NAME": "Iowa", "CNTRY_NAME": "United States", "POP": 31}, "geometry": {"type": "Point", "coordinates": [-94.8982, 42.6585]}}, {"type": "Feature", "properties": {"FID": 1840007187, "OBJECTID": 1840007187, "CITY_NAME": "Conway", "ADMIN_NAME": "Iowa", "CNTRY_NAME": "United States", "POP": 30}, "geometry": {"type": "Point", "coordinates": [-94.62, 40.7492]}}, {"type": "Feature", "properties": {"FID": 1840007980, "OBJECTID": 1840007980, "CITY_NAME": "Jackson Junction", "ADMIN_NAME": "Iowa", "CNTRY_NAME": "United States", "POP": 30}, "geometry": {"type": "Point", "coordinates": [-92.0462, 43.1014]}}, {"type": "Feature", "properties": {"FID": 1840024256, "OBJECTID": 1840024256, "CITY_NAME": "Anderson", "ADMIN_NAME": "Iowa", "CNTRY_NAME": "United States", "POP": 28}, "geometry": {"type": "Point", "coordinates": [-95.6086, 40.7982]}}, {"type": "Feature", "properties": {"FID": 1840010365, "OBJECTID": 1840010365, "CITY_NAME": "Yorktown", "ADMIN_NAME": "Iowa", "CNTRY_NAME": "United States", "POP": 26}, "geometry": {"type": "Point", "coordinates": [-95.1544, 40.7353]}}, {"type": "Feature", "properties": {"FID": 1840024039, "OBJECTID": 1840024039, "CITY_NAME": "Mona", "ADMIN_NAME": "Iowa", "CNTRY_NAME": "United States", "POP": 25}, "geometry": {"type": "Point", "coordinates": [-92.9534, 43.486]}}, {"type": "Feature", "properties": {"FID": 1840007015, "OBJECTID": 1840007015, "CITY_NAME": "Dana", "ADMIN_NAME": "Iowa", "CNTRY_NAME": "United States", "POP": 24}, "geometry": {"type": "Point", "coordinates": [-94.2383, 42.1072]}}, {"type": "Feature", "properties": {"FID": 1840024056, "OBJECTID": 1840024056, "CITY_NAME": "Miller", "ADMIN_NAME": "Iowa", "CNTRY_NAME": "United States", "POP": 24}, "geometry": {"type": "Point", "coordinates": [-93.6076, 43.1864]}}, {"type": "Feature", "properties": {"FID": 1840007136, "OBJECTID": 1840007136, "CITY_NAME": "Cotter", "ADMIN_NAME": "Iowa", "CNTRY_NAME": "United States", "POP": 23}, "geometry": {"type": "Point", "coordinates": [-91.4617, 41.2925]}}, {"type": "Feature", "properties": {"FID": 1840007003, "OBJECTID": 1840007003, "CITY_NAME": "Buck Grove", "ADMIN_NAME": "Iowa", "CNTRY_NAME": "United States", "POP": 23}, "geometry": {"type": "Point", "coordinates": [-95.3951, 41.9175]}}, {"type": "Feature", "properties": {"FID": 1840007194, "OBJECTID": 1840007194, "CITY_NAME": "Benton", "ADMIN_NAME": "Iowa", "CNTRY_NAME": "United States", "POP": 23}, "geometry": {"type": "Point", "coordinates": [-94.3608, 40.7047]}}, {"type": "Feature", "properties": {"FID": 1840005357, "OBJECTID": 1840005357, "CITY_NAME": "Leando", "ADMIN_NAME": "Iowa", "CNTRY_NAME": "United States", "POP": 23}, "geometry": {"type": "Point", "coordinates": [-92.0823, 40.8237]}}, {"type": "Feature", "properties": {"FID": 1840007199, "OBJECTID": 1840007199, "CITY_NAME": "Clio", "ADMIN_NAME": "Iowa", "CNTRY_NAME": "United States", "POP": 23}, "geometry": {"type": "Point", "coordinates": [-93.4514, 40.636]}}, {"type": "Feature", "properties": {"FID": 1840009056, "OBJECTID": 1840009056, "CITY_NAME": "Rodman", "ADMIN_NAME": "Iowa", "CNTRY_NAME": "United States", "POP": 22}, "geometry": {"type": "Point", "coordinates": [-94.5274, 43.0266]}}, {"type": "Feature", "properties": {"FID": 1840007195, "OBJECTID": 1840007195, "CITY_NAME": "Delphos", "ADMIN_NAME": "Iowa", "CNTRY_NAME": "United States", "POP": 22}, "geometry": {"type": "Point", "coordinates": [-94.3403, 40.6632]}}, {"type": "Feature", "properties": {"FID": 1840008073, "OBJECTID": 1840008073, "CITY_NAME": "Jolley", "ADMIN_NAME": "Iowa", "CNTRY_NAME": "United States", "POP": 20}, "geometry": {"type": "Point", "coordinates": [-94.7191, 42.4794]}}, {"type": "Feature", "properties": {"FID": 1840010369, "OBJECTID": 1840010369, "CITY_NAME": "Udell", "ADMIN_NAME": "Iowa", "CNTRY_NAME": "United States", "POP": 20}, "geometry": {"type": "Point", "coordinates": [-92.7432, 40.7801]}}, {"type": "Feature", "properties": {"FID": 1840024033, "OBJECTID": 1840024033, "CITY_NAME": "St. Benedict", "ADMIN_NAME": "Iowa", "CNTRY_NAME": "United States", "POP": 20}, "geometry": {"type": "Point", "coordinates": [-94.0609, 43.044]}}, {"type": "Feature", "properties": {"FID": 1840024051, "OBJECTID": 1840024051, "CITY_NAME": "Burchinal", "ADMIN_NAME": "Iowa", "CNTRY_NAME": "United States", "POP": 19}, "geometry": {"type": "Point", "coordinates": [-93.2786, 43.0648]}}, {"type": "Feature", "properties": {"FID": 1840007111, "OBJECTID": 1840007111, "CITY_NAME": "Bevington", "ADMIN_NAME": "Iowa", "CNTRY_NAME": "United States", "POP": 17}, "geometry": {"type": "Point", "coordinates": [-93.7902, 41.3596]}}, {"type": "Feature", "properties": {"FID": 1840009125, "OBJECTID": 1840009125, "CITY_NAME": "Owasa", "ADMIN_NAME": "Iowa", "CNTRY_NAME": "United States", "POP": 17}, "geometry": {"type": "Point", "coordinates": [-93.2047, 42.4319]}}, {"type": "Feature", "properties": {"FID": 1840010099, "OBJECTID": 1840010099, "CITY_NAME": "Yetter", "ADMIN_NAME": "Iowa", "CNTRY_NAME": "United States", "POP": 17}, "geometry": {"type": "Point", "coordinates": [-94.843, 42.3161]}}, {"type": "Feature", "properties": {"FID": 1840008010, "OBJECTID": 1840008010, "CITY_NAME": "Elkport", "ADMIN_NAME": "Iowa", "CNTRY_NAME": "United States", "POP": 17}, "geometry": {"type": "Point", "coordinates": [-91.275, 42.7417]}}, {"type": "Feature", "properties": {"FID": 1840024042, "OBJECTID": 1840024042, "CITY_NAME": "Toeterville", "ADMIN_NAME": "Iowa", "CNTRY_NAME": "United States", "POP": 14}, "geometry": {"type": "Point", "coordinates": [-92.8879, 43.4401]}}, {"type": "Feature", "properties": {"FID": 1840008043, "OBJECTID": 1840008043, "CITY_NAME": "Durango", "ADMIN_NAME": "Iowa", "CNTRY_NAME": "United States", "POP": 14}, "geometry": {"type": "Point", "coordinates": [-90.7762, 42.5618]}}, {"type": "Feature", "properties": {"FID": 1840024052, "OBJECTID": 1840024052, "CITY_NAME": "Portland", "ADMIN_NAME": "Iowa", "CNTRY_NAME": "United States", "POP": 14}, "geometry": {"type": "Point", "coordinates": [-93.1351, 43.1254]}}, {"type": "Feature", "properties": {"FID": 1840024035, "OBJECTID": 1840024035, "CITY_NAME": "Sexton", "ADMIN_NAME": "Iowa", "CNTRY_NAME": "United States", "POP": 14}, "geometry": {"type": "Point", "coordinates": [-94.0892, 43.0749]}}, {"type": "Feature", "properties": {"FID": 1840006908, "OBJECTID": 1840006908, "CITY_NAME": "Hardy", "ADMIN_NAME": "Iowa", "CNTRY_NAME": "United States", "POP": 13}, "geometry": {"type": "Point", "coordinates": [-94.0512, 42.8102]}}, {"type": "Feature", "properties": {"FID": 1840024057, "OBJECTID": 1840024057, "CITY_NAME": "Roseville", "ADMIN_NAME": "Iowa", "CNTRY_NAME": "United States", "POP": 12}, "geometry": {"type": "Point", "coordinates": [-92.8082, 43.0253]}}, {"type": "Feature", "properties": {"FID": 1840057270, "OBJECTID": 1840057270, "CITY_NAME": "Big Rock", "ADMIN_NAME": "Iowa", "CNTRY_NAME": "United States", "POP": 12}, "geometry": {"type": "Point", "coordinates": [-90.8265, 41.7691]}}, {"type": "Feature", "properties": {"FID": 1840057252, "OBJECTID": 1840057252, "CITY_NAME": "Argo", "ADMIN_NAME": "Iowa", "CNTRY_NAME": "United States", "POP": 11}, "geometry": {"type": "Point", "coordinates": [-90.4341, 41.6258]}}, {"type": "Feature", "properties": {"FID": 1840057503, "OBJECTID": 1840057503, "CITY_NAME": "Plainview", "ADMIN_NAME": "Iowa", "CNTRY_NAME": "United States", "POP": 10}, "geometry": {"type": "Point", "coordinates": [-90.7801, 41.6672]}}, {"type": "Feature", "properties": {"FID": 1840024134, "OBJECTID": 1840024134, "CITY_NAME": "Corley", "ADMIN_NAME": "Iowa", "CNTRY_NAME": "United States", "POP": 7}, "geometry": {"type": "Point", "coordinates": [-95.3308, 41.5776]}}, {"type": "Feature", "properties": {"FID": 1840008313, "OBJECTID": 1840008313, "CITY_NAME": "Le Roy", "ADMIN_NAME": "Iowa", "CNTRY_NAME": "United States", "POP": 7}, "geometry": {"type": "Point", "coordinates": [-93.5926, 40.8779]}}, {"type": "Feature", "properties": {"FID": 1840024135, "OBJECTID": 1840024135, "CITY_NAME": "Jacksonville", "ADMIN_NAME": "Iowa", "CNTRY_NAME": "United States", "POP": 6}, "geometry": {"type": "Point", "coordinates": [-95.1515, 41.6452]}}, {"type": "Feature", "properties": {"FID": 1840007193, "OBJECTID": 1840007193, "CITY_NAME": "Beaconsfield", "ADMIN_NAME": "Iowa", "CNTRY_NAME": "United States", "POP": 6}, "geometry": {"type": "Point", "coordinates": [-94.0507, 40.8075]}}, {"type": "Feature", "properties": {"FID": 1840007011, "OBJECTID": 1840007011, "CITY_NAME": "Berkley", "ADMIN_NAME": "Iowa", "CNTRY_NAME": "United States", "POP": 4}, "geometry": {"type": "Point", "coordinates": [-94.1136, 41.9465]}}, {"type": "Feature", "properties": {"FID": 1840006930, "OBJECTID": 1840006930, "CITY_NAME": "Bankston", "ADMIN_NAME": "Iowa", "CNTRY_NAME": "United States", "POP": 2}, "geometry": {"type": "Point", "coordinates": [-90.9613, 42.5074]}}, {"type": "Feature", "properties": {"FID": 1840024054, "OBJECTID": 1840024054, "CITY_NAME": "Hayfield", "ADMIN_NAME": "Iowa", "CNTRY_NAME": "United States", "POP": 0}, "geometry": {"type": "Point", "coordinates": [-93.6949, 43.1786]}}, {"type": "Feature", "properties": {"FID": 1840024036, "OBJECTID": 1840024036, "CITY_NAME": "Bolan", "ADMIN_NAME": "Iowa", "CNTRY_NAME": "United States", "POP": 0}, "geometry": {"type": "Point", "coordinates": [-93.1085, 43.3735]}}, {"type": "Feature", "properties": {"FID": 1840024038, "OBJECTID": 1840024038, "CITY_NAME": "Meyer", "ADMIN_NAME": "Iowa", "CNTRY_NAME": "United States", "POP": 0}, "geometry": {"type": "Point", "coordinates": [-92.7011, 43.4618]}}, {"type": "Feature", "properties": {"FID": 1840024259, "OBJECTID": 1840024259, "CITY_NAME": "Athelstan", "ADMIN_NAME": "Iowa", "CNTRY_NAME": "United States", "POP": 0}, "geometry": {"type": "Point", "coordinates": [-94.5426, 40.5727]}}, {"type": "Feature", "properties": {"FID": 1840024133, "OBJECTID": 1840024133, "CITY_NAME": "River Sioux", "ADMIN_NAME": "Iowa", "CNTRY_NAME": "United States", "POP": 0}, "geometry": {"type": "Point", "coordinates": [-96.0479, 41.8024]}}, {"type": "Feature", "properties": {"FID": 1840024208, "OBJECTID": 1840024208, "CITY_NAME": "Kent", "ADMIN_NAME": "Iowa", "CNTRY_NAME": "United States", "POP": 0}, "geometry": {"type": "Point", "coordinates": [-94.4611, 40.9536]}}, {"type": "Feature", "properties": {"FID": 1840024055, "OBJECTID": 1840024055, "CITY_NAME": "Hutchins", "ADMIN_NAME": "Iowa", "CNTRY_NAME": "United States", "POP": 0}, "geometry": {"type": "Point", "coordinates": [-93.8865, 43.0877]}}, {"type": "Feature", "properties": {"FID": 1840024257, "OBJECTID": 1840024257, "CITY_NAME": "Bartlett", "ADMIN_NAME": "Iowa", "CNTRY_NAME": "United States", "POP": 0}, "geometry": {"type": "Point", "coordinates": [-95.7947, 40.8853]}}]}