{"type": "FeatureCollection", "name": "uscities", "features": [{"type": "Feature", "properties": {"FID": 1840034016, "OBJECTID": 1840034016, "CITY_NAME": "New York", "ADMIN_NAME": "New York", "CNTRY_NAME": "United States", "POP": 18832416}, "geometry": {"type": "Point", "coordinates": [-73.9249, 40.6943]}}, {"type": "Feature", "properties": {"FID": 1840020491, "OBJECTID": 1840020491, "CITY_NAME": "Los Angeles", "ADMIN_NAME": "California", "CNTRY_NAME": "United States", "POP": 11885717}, "geometry": {"type": "Point", "coordinates": [-118.4068, 34.1141]}}, {"type": "Feature", "properties": {"FID": 1840000494, "OBJECTID": 1840000494, "CITY_NAME": "Chicago", "ADMIN_NAME": "Illinois", "CNTRY_NAME": "United States", "POP": 8489066}, "geometry": {"type": "Point", "coordinates": [-87.6866, 41.8375]}}, {"type": "Feature", "properties": {"FID": 1840015149, "OBJECTID": 1840015149, "CITY_NAME": "Miami", "ADMIN_NAME": "Florida", "CNTRY_NAME": "United States", "POP": 6113982}, "geometry": {"type": "Point", "coordinates": [-80.2101, 25.784]}}, {"type": "Feature", "properties": {"FID": 1840020925, "OBJECTID": 1840020925, "CITY_NAME": "Houston", "ADMIN_NAME": "Texas", "CNTRY_NAME": "United States", "POP": 6046392}, "geometry": {"type": "Point", "coordinates": [-95.3885, 29.786]}}, {"type": "Feature", "properties": {"FID": 1840019440, "OBJECTID": 1840019440, "CITY_NAME": "Dallas", "ADMIN_NAME": "Texas", "CNTRY_NAME": "United States", "POP": 5843632}, "geometry": {"type": "Point", "coordinates": [-96.7667, 32.7935]}}, {"type": "Feature", "properties": {"FID": 1840000673, "OBJECTID": 1840000673, "CITY_NAME": "Philadelphia", "ADMIN_NAME": "Pennsylvania", "CNTRY_NAME": "United States", "POP": 5696588}, "geometry": {"type": "Point", "coordinates": [-75.1339, 40.0077]}}, {"type": "Feature", "properties": {"FID": 1840013660, "OBJECTID": 1840013660, "CITY_NAME": "Atlanta", "ADMIN_NAME": "Georgia", "CNTRY_NAME": "United States", "POP": 5211164}, "geometry": {"type": "Point", "coordinates": [-84.422, 33.7628]}}, {"type": "Feature", "properties": {"FID": 1840006060, "OBJECTID": 1840006060, "CITY_NAME": "Washington", "ADMIN_NAME": "District of Columbia", "CNTRY_NAME": "United States", "POP": 5146120}, "geometry": {"type": "Point", "coordinates": [-77.0163, 38.9047]}}, {"type": "Feature", "properties": {"FID": 1840000455, "OBJECTID": 1840000455, "CITY_NAME": "Boston", "ADMIN_NAME": "Massachusetts", "CNTRY_NAME": "United States", "POP": 4355184}, "geometry": {"type": "Point", "coordinates": [-71.0852, 42.3188]}}, {"type": "Feature", "properties": {"FID": 1840020568, "OBJECTID": 1840020568, "CITY_NAME": "Phoenix", "ADMIN_NAME": "Arizona", "CNTRY_NAME": "United States", "POP": 4065338}, "geometry": {"type": "Point", "coordinates": [-112.0892, 33.5722]}}, {"type": "Feature", "properties": {"FID": 1840003971, "OBJECTID": 1840003971, "CITY_NAME": "Detroit", "ADMIN_NAME": "Michigan", "CNTRY_NAME": "United States", "POP": 3716929}, "geometry": {"type": "Point", "coordinates": [-83.1024, 42.3834]}}, {"type": "Feature", "properties": {"FID": 1840021117, "OBJECTID": 1840021117, "CITY_NAME": "Seattle", "ADMIN_NAME": "Washington", "CNTRY_NAME": "United States", "POP": 3555253}, "geometry": {"type": "Point", "coordinates": [-122.3244, 47.6211]}}, {"type": "Feature", "properties": {"FID": 1840021543, "OBJECTID": 1840021543, "CITY_NAME": "San Francisco", "ADMIN_NAME": "California", "CNTRY_NAME": "United States", "POP": 3364862}, "geometry": {"type": "Point", "coordinates": [-122.4449, 37.7558]}}, {"type": "Feature", "properties": {"FID": 1840021990, "OBJECTID": 1840021990, "CITY_NAME": "San Diego", "ADMIN_NAME": "California", "CNTRY_NAME": "United States", "POP": 3057778}, "geometry": {"type": "Point", "coordinates": [-117.1222, 32.8313]}}, {"type": "Feature", "properties": {"FID": 1840007830, "OBJECTID": 1840007830, "CITY_NAME": "Minneapolis", "ADMIN_NAME": "Minnesota", "CNTRY_NAME": "United States", "POP": 2906807}, "geometry": {"type": "Point", "coordinates": [-93.2678, 44.9635]}}, {"type": "Feature", "properties": {"FID": 1840015982, "OBJECTID": 1840015982, "CITY_NAME": "Tampa", "ADMIN_NAME": "Florida", "CNTRY_NAME": "United States", "POP": 2906035}, "geometry": {"type": "Point", "coordinates": [-82.4447, 27.9945]}}, {"type": "Feature", "properties": {"FID": 1840034030, "OBJECTID": 1840034030, "CITY_NAME": "Brooklyn", "ADMIN_NAME": "New York", "CNTRY_NAME": "United States", "POP": 2736074}, "geometry": {"type": "Point", "coordinates": [-73.9496, 40.6501]}}, {"type": "Feature", "properties": {"FID": 1840018789, "OBJECTID": 1840018789, "CITY_NAME": "Denver", "ADMIN_NAME": "Colorado", "CNTRY_NAME": "United States", "POP": 2691349}, "geometry": {"type": "Point", "coordinates": [-104.8758, 39.762]}}, {"type": "Feature", "properties": {"FID": 1840034002, "OBJECTID": 1840034002, "CITY_NAME": "Queens", "ADMIN_NAME": "New York", "CNTRY_NAME": "United States", "POP": 2405464}, "geometry": {"type": "Point", "coordinates": [-73.7976, 40.7498]}}, {"type": "Feature", "properties": {"FID": 1840020551, "OBJECTID": 1840020551, "CITY_NAME": "Riverside", "ADMIN_NAME": "California", "CNTRY_NAME": "United States", "POP": 2288508}, "geometry": {"type": "Point", "coordinates": [-117.3949, 33.9381]}}, {"type": "Feature", "properties": {"FID": 1840020364, "OBJECTID": 1840020364, "CITY_NAME": "Las Vegas", "ADMIN_NAME": "Nevada", "CNTRY_NAME": "United States", "POP": 2256509}, "geometry": {"type": "Point", "coordinates": [-115.2654, 36.2333]}}, {"type": "Feature", "properties": {"FID": 1840001592, "OBJECTID": 1840001592, "CITY_NAME": "Baltimore", "ADMIN_NAME": "Maryland", "CNTRY_NAME": "United States", "POP": 2189589}, "geometry": {"type": "Point", "coordinates": [-76.6144, 39.3051]}}, {"type": "Feature", "properties": {"FID": 1840001651, "OBJECTID": 1840001651, "CITY_NAME": "St. Louis", "ADMIN_NAME": "Missouri", "CNTRY_NAME": "United States", "POP": 2127843}, "geometry": {"type": "Point", "coordinates": [-90.2451, 38.6359]}}, {"type": "Feature", "properties": {"FID": 1840019941, "OBJECTID": 1840019941, "CITY_NAME": "Portland", "ADMIN_NAME": "Oregon", "CNTRY_NAME": "United States", "POP": 2084045}, "geometry": {"type": "Point", "coordinates": [-122.65, 45.5371]}}, {"type": "Feature", "properties": {"FID": 1840022220, "OBJECTID": 1840022220, "CITY_NAME": "San Antonio", "ADMIN_NAME": "Texas", "CNTRY_NAME": "United States", "POP": 2069843}, "geometry": {"type": "Point", "coordinates": [-98.5238, 29.4632]}}, {"type": "Feature", "properties": {"FID": 1840021491, "OBJECTID": 1840021491, "CITY_NAME": "Sacramento", "ADMIN_NAME": "California", "CNTRY_NAME": "United States", "POP": 1962998}, "geometry": {"type": "Point", "coordinates": [-121.4685, 38.5677]}}, {"type": "Feature", "properties": {"FID": 1840019590, "OBJECTID": 1840019590, "CITY_NAME": "Austin", "ADMIN_NAME": "Texas", "CNTRY_NAME": "United States", "POP": 1915031}, "geometry": {"type": "Point", "coordinates": [-97.7522, 30.3005]}}, {"type": "Feature", "properties": {"FID": 1840015099, "OBJECTID": 1840015099, "CITY_NAME": "Orlando", "ADMIN_NAME": "Florida", "CNTRY_NAME": "United States", "POP": 1913597}, "geometry": {"type": "Point", "coordinates": [-81.337, 28.4773]}}, {"type": "Feature", "properties": {"FID": 1630035577, "OBJECTID": 1630035577, "CITY_NAME": "San Juan", "ADMIN_NAME": "Puerto Rico", "CNTRY_NAME": "United States", "POP": 1809800}, "geometry": {"type": "Point", "coordinates": [-66.061, 18.3985]}}, {"type": "Feature", "properties": {"FID": 1840021570, "OBJECTID": 1840021570, "CITY_NAME": "San Jose", "ADMIN_NAME": "California", "CNTRY_NAME": "United States", "POP": 1771563}, "geometry": {"type": "Point", "coordinates": [-121.848, 37.3012]}}, {"type": "Feature", "properties": {"FID": 1840030084, "OBJECTID": 1840030084, "CITY_NAME": "Indianapolis", "ADMIN_NAME": "Indiana", "CNTRY_NAME": "United States", "POP": 1740984}, "geometry": {"type": "Point", "coordinates": [-86.1458, 39.7771]}}, {"type": "Feature", "properties": {"FID": 1840001254, "OBJECTID": 1840001254, "CITY_NAME": "Pittsburgh", "ADMIN_NAME": "Pennsylvania", "CNTRY_NAME": "United States", "POP": 1712828}, "geometry": {"type": "Point", "coordinates": [-79.9763, 40.4397]}}, {"type": "Feature", "properties": {"FID": 1840003814, "OBJECTID": 1840003814, "CITY_NAME": "Cincinnati", "ADMIN_NAME": "Ohio", "CNTRY_NAME": "United States", "POP": 1704916}, "geometry": {"type": "Point", "coordinates": [-84.506, 39.1413]}}, {"type": "Feature", "properties": {"FID": 1840034000, "OBJECTID": 1840034000, "CITY_NAME": "Manhattan", "ADMIN_NAME": "New York", "CNTRY_NAME": "United States", "POP": 1694263}, "geometry": {"type": "Point", "coordinates": [-73.9662, 40.7834]}}, {"type": "Feature", "properties": {"FID": 1840008535, "OBJECTID": 1840008535, "CITY_NAME": "Kansas City", "ADMIN_NAME": "Missouri", "CNTRY_NAME": "United States", "POP": 1686807}, "geometry": {"type": "Point", "coordinates": [-94.5541, 39.1238]}}, {"type": "Feature", "properties": {"FID": 1840000596, "OBJECTID": 1840000596, "CITY_NAME": "Cleveland", "ADMIN_NAME": "Ohio", "CNTRY_NAME": "United States", "POP": 1679247}, "geometry": {"type": "Point", "coordinates": [-81.6805, 41.4764]}}, {"type": "Feature", "properties": {"FID": 1840003760, "OBJECTID": 1840003760, "CITY_NAME": "Columbus", "ADMIN_NAME": "Ohio", "CNTRY_NAME": "United States", "POP": 1578153}, "geometry": {"type": "Point", "coordinates": [-82.9855, 39.9862]}}, {"type": "Feature", "properties": {"FID": 1840033999, "OBJECTID": 1840033999, "CITY_NAME": "Bronx", "ADMIN_NAME": "New York", "CNTRY_NAME": "United States", "POP": 1472654}, "geometry": {"type": "Point", "coordinates": [-73.8662, 40.8501]}}, {"type": "Feature", "properties": {"FID": 1840014557, "OBJECTID": 1840014557, "CITY_NAME": "Charlotte", "ADMIN_NAME": "North Carolina", "CNTRY_NAME": "United States", "POP": 1436613}, "geometry": {"type": "Point", "coordinates": [-80.8303, 35.2083]}}, {"type": "Feature", "properties": {"FID": 1840003871, "OBJECTID": 1840003871, "CITY_NAME": "Virginia Beach", "ADMIN_NAME": "Virginia", "CNTRY_NAME": "United States", "POP": 1431821}, "geometry": {"type": "Point", "coordinates": [-76.0435, 36.7335]}}, {"type": "Feature", "properties": {"FID": 1840015031, "OBJECTID": 1840015031, "CITY_NAME": "Jacksonville", "ADMIN_NAME": "Florida", "CNTRY_NAME": "United States", "POP": 1303156}, "geometry": {"type": "Point", "coordinates": [-81.6749, 30.3322]}}, {"type": "Feature", "properties": {"FID": 1840003046, "OBJECTID": 1840003046, "CITY_NAME": "Milwaukee", "ADMIN_NAME": "Wisconsin", "CNTRY_NAME": "United States", "POP": 1290221}, "geometry": {"type": "Point", "coordinates": [-87.9675, 43.0642]}}, {"type": "Feature", "properties": {"FID": 1840003289, "OBJECTID": 1840003289, "CITY_NAME": "Providence", "ADMIN_NAME": "Rhode Island", "CNTRY_NAME": "United States", "POP": 1270529}, "geometry": {"type": "Point", "coordinates": [-71.4187, 41.823]}}, {"type": "Feature", "properties": {"FID": 1840036155, "OBJECTID": 1840036155, "CITY_NAME": "Nashville", "ADMIN_NAME": "Tennessee", "CNTRY_NAME": "United States", "POP": 1178679}, "geometry": {"type": "Point", "coordinates": [-86.7842, 36.1715]}}, {"type": "Feature", "properties": {"FID": 1840021383, "OBJECTID": 1840021383, "CITY_NAME": "Salt Lake City", "ADMIN_NAME": "Utah", "CNTRY_NAME": "United States", "POP": 1169033}, "geometry": {"type": "Point", "coordinates": [-111.9311, 40.7776]}}, {"type": "Feature", "properties": {"FID": 1840014497, "OBJECTID": 1840014497, "CITY_NAME": "Raleigh", "ADMIN_NAME": "North Carolina", "CNTRY_NAME": "United States", "POP": 1150010}, "geometry": {"type": "Point", "coordinates": [-78.6429, 35.8324]}}, {"type": "Feature", "properties": {"FID": 1840001698, "OBJECTID": 1840001698, "CITY_NAME": "Richmond", "ADMIN_NAME": "Virginia", "CNTRY_NAME": "United States", "POP": 1081248}, "geometry": {"type": "Point", "coordinates": [-77.4756, 37.5295]}}, {"type": "Feature", "properties": {"FID": 1840015457, "OBJECTID": 1840015457, "CITY_NAME": "Memphis", "ADMIN_NAME": "Tennessee", "CNTRY_NAME": "United States", "POP": 1033394}, "geometry": {"type": "Point", "coordinates": [-89.9663, 35.1087]}}, {"type": "Feature", "properties": {"FID": 1840020428, "OBJECTID": 1840020428, "CITY_NAME": "Oklahoma City", "ADMIN_NAME": "Oklahoma", "CNTRY_NAME": "United States", "POP": 1000207}, "geometry": {"type": "Point", "coordinates": [-97.5136, 35.4676]}}, {"type": "Feature", "properties": {"FID": 1840004773, "OBJECTID": 1840004773, "CITY_NAME": "Hartford", "ADMIN_NAME": "Connecticut", "CNTRY_NAME": "United States", "POP": 969171}, "geometry": {"type": "Point", "coordinates": [-72.6834, 41.7661]}}, {"type": "Feature", "properties": {"FID": 1840030815, "OBJECTID": 1840030815, "CITY_NAME": "Louisville", "ADMIN_NAME": "Kentucky", "CNTRY_NAME": "United States", "POP": 965005}, "geometry": {"type": "Point", "coordinates": [-85.6485, 38.1663]}}, {"type": "Feature", "properties": {"FID": 1840000386, "OBJECTID": 1840000386, "CITY_NAME": "Buffalo", "ADMIN_NAME": "New York", "CNTRY_NAME": "United States", "POP": 949547}, "geometry": {"type": "Point", "coordinates": [-78.8487, 42.9018]}}, {"type": "Feature", "properties": {"FID": 1840020696, "OBJECTID": 1840020696, "CITY_NAME": "Fort Worth", "ADMIN_NAME": "Texas", "CNTRY_NAME": "United States", "POP": 941311}, "geometry": {"type": "Point", "coordinates": [-97.3474, 32.7817]}}, {"type": "Feature", "properties": {"FID": 1840004836, "OBJECTID": 1840004836, "CITY_NAME": "Bridgeport", "ADMIN_NAME": "Connecticut", "CNTRY_NAME": "United States", "POP": 921660}, "geometry": {"type": "Point", "coordinates": [-73.1954, 41.1918]}}, {"type": "Feature", "properties": {"FID": 1840001839, "OBJECTID": 1840001839, "CITY_NAME": "New Orleans", "ADMIN_NAME": "Louisiana", "CNTRY_NAME": "United States", "POP": 918752}, "geometry": {"type": "Point", "coordinates": [-89.9288, 30.0687]}}, {"type": "Feature", "properties": {"FID": 1840022101, "OBJECTID": 1840022101, "CITY_NAME": "Tucson", "ADMIN_NAME": "Arizona", "CNTRY_NAME": "United States", "POP": 879871}, "geometry": {"type": "Point", "coordinates": [-110.8787, 32.1541]}}, {"type": "Feature", "properties": {"FID": 1840023252, "OBJECTID": 1840023252, "CITY_NAME": "El Paso", "ADMIN_NAME": "Texas", "CNTRY_NAME": "United States", "POP": 862494}, "geometry": {"type": "Point", "coordinates": [-106.43, 31.8476]}}, {"type": "Feature", "properties": {"FID": 1840009315, "OBJECTID": 1840009315, "CITY_NAME": "Omaha", "ADMIN_NAME": "Nebraska", "CNTRY_NAME": "United States", "POP": 826161}, "geometry": {"type": "Point", "coordinates": [-96.0529, 41.2627]}}, {"type": "Feature", "properties": {"FID": 1840021024, "OBJECTID": 1840021024, "CITY_NAME": "McAllen", "ADMIN_NAME": "Texas", "CNTRY_NAME": "United States", "POP": 810034}, "geometry": {"type": "Point", "coordinates": [-98.2467, 26.2252]}}, {"type": "Feature", "properties": {"FID": 1840006507, "OBJECTID": 1840006507, "CITY_NAME": "Birmingham", "ADMIN_NAME": "Alabama", "CNTRY_NAME": "United States", "POP": 778756}, "geometry": {"type": "Point", "coordinates": [-86.7971, 33.5279]}}, {"type": "Feature", "properties": {"FID": 1840019176, "OBJECTID": 1840019176, "CITY_NAME": "Albuquerque", "ADMIN_NAME": "New Mexico", "CNTRY_NAME": "United States", "POP": 767499}, "geometry": {"type": "Point", "coordinates": [-106.6465, 35.1054]}}, {"type": "Feature", "properties": {"FID": 1840021672, "OBJECTID": 1840021672, "CITY_NAME": "Tulsa", "ADMIN_NAME": "Oklahoma", "CNTRY_NAME": "United States", "POP": 740620}, "geometry": {"type": "Point", "coordinates": [-95.9042, 36.1283]}}, {"type": "Feature", "properties": {"FID": 1840015163, "OBJECTID": 1840015163, "CITY_NAME": "Charleston", "ADMIN_NAME": "South Carolina", "CNTRY_NAME": "United States", "POP": 726389}, "geometry": {"type": "Point", "coordinates": [-79.9687, 32.8168]}}, {"type": "Feature", "properties": {"FID": 1840020319, "OBJECTID": 1840020319, "CITY_NAME": "Fresno", "ADMIN_NAME": "California", "CNTRY_NAME": "United States", "POP": 724547}, "geometry": {"type": "Point", "coordinates": [-119.7939, 36.783]}}, {"type": "Feature", "properties": {"FID": 1840000373, "OBJECTID": 1840000373, "CITY_NAME": "Rochester", "ADMIN_NAME": "New York", "CNTRY_NAME": "United States", "POP": 694707}, "geometry": {"type": "Point", "coordinates": [-77.6162, 43.168]}}, {"type": "Feature", "properties": {"FID": 1840034249, "OBJECTID": 1840034249, "CITY_NAME": "Dayton", "ADMIN_NAME": "Ohio", "CNTRY_NAME": "United States", "POP": 667936}, "geometry": {"type": "Point", "coordinates": [-84.2003, 39.7805]}}, {"type": "Feature", "properties": {"FID": 1840015130, "OBJECTID": 1840015130, "CITY_NAME": "Cape Coral", "ADMIN_NAME": "Florida", "CNTRY_NAME": "United States", "POP": 656464}, "geometry": {"type": "Point", "coordinates": [-81.9957, 26.6443]}}, {"type": "Feature", "properties": {"FID": 1840020174, "OBJECTID": 1840020174, "CITY_NAME": "Provo", "ADMIN_NAME": "Utah", "CNTRY_NAME": "United States", "POP": 639820}, "geometry": {"type": "Point", "coordinates": [-111.6457, 40.2457]}}, {"type": "Feature", "properties": {"FID": 1840018825, "OBJECTID": 1840018825, "CITY_NAME": "Colorado Springs", "ADMIN_NAME": "Colorado", "CNTRY_NAME": "United States", "POP": 638421}, "geometry": {"type": "Point", "coordinates": [-104.7605, 38.8674]}}, {"type": "Feature", "properties": {"FID": 1840020580, "OBJECTID": 1840020580, "CITY_NAME": "Mission Viejo", "ADMIN_NAME": "California", "CNTRY_NAME": "United States", "POP": 634674}, "geometry": {"type": "Point", "coordinates": [-117.6551, 33.6096]}}, {"type": "Feature", "properties": {"FID": 1840001044, "OBJECTID": 1840001044, "CITY_NAME": "Allentown", "ADMIN_NAME": "Pennsylvania", "CNTRY_NAME": "United States", "POP": 632175}, "geometry": {"type": "Point", "coordinates": [-75.4756, 40.5961]}}, {"type": "Feature", "properties": {"FID": 1840013941, "OBJECTID": 1840013941, "CITY_NAME": "Baton Rouge", "ADMIN_NAME": "Louisiana", "CNTRY_NAME": "United States", "POP": 630063}, "geometry": {"type": "Point", "coordinates": [-91.1311, 30.442]}}, {"type": "Feature", "properties": {"FID": 1840020135, "OBJECTID": 1840020135, "CITY_NAME": "Ogden", "ADMIN_NAME": "Utah", "CNTRY_NAME": "United States", "POP": 623688}, "geometry": {"type": "Point", "coordinates": [-111.9682, 41.2279]}}, {"type": "Feature", "properties": {"FID": 1840014486, "OBJECTID": 1840014486, "CITY_NAME": "Knoxville", "ADMIN_NAME": "Tennessee", "CNTRY_NAME": "United States", "POP": 618226}, "geometry": {"type": "Point", "coordinates": [-83.9496, 35.9692]}}, {"type": "Feature", "properties": {"FID": 1840002928, "OBJECTID": 1840002928, "CITY_NAME": "Grand Rapids", "ADMIN_NAME": "Michigan", "CNTRY_NAME": "United States", "POP": 611480}, "geometry": {"type": "Point", "coordinates": [-85.6562, 42.9619]}}, {"type": "Feature", "properties": {"FID": 1840014730, "OBJECTID": 1840014730, "CITY_NAME": "Columbia", "ADMIN_NAME": "South Carolina", "CNTRY_NAME": "United States", "POP": 605083}, "geometry": {"type": "Point", "coordinates": [-80.9036, 34.0378]}}, {"type": "Feature", "properties": {"FID": 1840000417, "OBJECTID": 1840000417, "CITY_NAME": "Albany", "ADMIN_NAME": "New York", "CNTRY_NAME": "United States", "POP": 602242}, "geometry": {"type": "Point", "coordinates": [-73.7987, 42.6664]}}, {"type": "Feature", "properties": {"FID": 1840019148, "OBJECTID": 1840019148, "CITY_NAME": "Bakersfield", "ADMIN_NAME": "California", "CNTRY_NAME": "United States", "POP": 578542}, "geometry": {"type": "Point", "coordinates": [-119.0359, 35.3529]}}, {"type": "Feature", "properties": {"FID": 1840004850, "OBJECTID": 1840004850, "CITY_NAME": "New Haven", "ADMIN_NAME": "Connecticut", "CNTRY_NAME": "United States", "POP": 565056}, "geometry": {"type": "Point", "coordinates": [-72.9246, 41.3113]}}, {"type": "Feature", "properties": {"FID": 1840007069, "OBJECTID": 1840007069, "CITY_NAME": "Des Moines", "ADMIN_NAME": "Iowa", "CNTRY_NAME": "United States", "POP": 560170}, "geometry": {"type": "Point", "coordinates": [-93.6105, 41.5725]}}, {"type": "Feature", "properties": {"FID": 1840015094, "OBJECTID": 1840015094, "CITY_NAME": "Palm Bay", "ADMIN_NAME": "Florida", "CNTRY_NAME": "United States", "POP": 547659}, "geometry": {"type": "Point", "coordinates": [-80.6593, 27.9631]}}, {"type": "Feature", "properties": {"FID": 1840000791, "OBJECTID": 1840000791, "CITY_NAME": "Akron", "ADMIN_NAME": "Ohio", "CNTRY_NAME": "United States", "POP": 538659}, "geometry": {"type": "Point", "coordinates": [-81.5219, 41.0798]}}, {"type": "Feature", "properties": {"FID": 1840018905, "OBJECTID": 1840018905, "CITY_NAME": "Concord", "ADMIN_NAME": "California", "CNTRY_NAME": "United States", "POP": 525233}, "geometry": {"type": "Point", "coordinates": [-122.0016, 37.9722]}}, {"type": "Feature", "properties": {"FID": 1840020566, "OBJECTID": 1840020566, "CITY_NAME": "Mesa", "ADMIN_NAME": "Arizona", "CNTRY_NAME": "United States", "POP": 507478}, "geometry": {"type": "Point", "coordinates": [-111.7178, 33.4015]}}, {"type": "Feature", "properties": {"FID": 1840001686, "OBJECTID": 1840001686, "CITY_NAME": "Wichita", "ADMIN_NAME": "Kansas", "CNTRY_NAME": "United States", "POP": 501760}, "geometry": {"type": "Point", "coordinates": [-97.3443, 37.6895]}}, {"type": "Feature", "properties": {"FID": 1840001288, "OBJECTID": 1840001288, "CITY_NAME": "Harrisburg", "ADMIN_NAME": "Pennsylvania", "CNTRY_NAME": "United States", "POP": 499494}, "geometry": {"type": "Point", "coordinates": [-76.8843, 40.2752]}}, {"type": "Feature", "properties": {"FID": 1840034032, "OBJECTID": 1840034032, "CITY_NAME": "Staten Island", "ADMIN_NAME": "New York", "CNTRY_NAME": "United States", "POP": 495747}, "geometry": {"type": "Point", "coordinates": [-74.1496, 40.5834]}}, {"type": "Feature", "properties": {"FID": 1840000572, "OBJECTID": 1840000572, "CITY_NAME": "Toledo", "ADMIN_NAME": "Ohio", "CNTRY_NAME": "United States", "POP": 492076}, "geometry": {"type": "Point", "coordinates": [-83.5827, 41.6638]}}, {"type": "Feature", "properties": {"FID": 1840000434, "OBJECTID": 1840000434, "CITY_NAME": "Worcester", "ADMIN_NAME": "Massachusetts", "CNTRY_NAME": "United States", "POP": 487014}, "geometry": {"type": "Point", "coordinates": [-71.8079, 42.2705]}}, {"type": "Feature", "properties": {"FID": 1840015119, "OBJECTID": 1840015119, "CITY_NAME": "Port St. Lucie", "ADMIN_NAME": "Florida", "CNTRY_NAME": "United States", "POP": 473733}, "geometry": {"type": "Point", "coordinates": [-80.3884, 27.2796]}}, {"type": "Feature", "properties": {"FID": 1840015509, "OBJECTID": 1840015509, "CITY_NAME": "Little Rock", "ADMIN_NAME": "Arkansas", "CNTRY_NAME": "United States", "POP": 467846}, "geometry": {"type": "Point", "coordinates": [-92.3577, 34.7256]}}, {"type": "Feature", "properties": {"FID": 1840002915, "OBJECTID": 1840002915, "CITY_NAME": "Madison", "ADMIN_NAME": "Wisconsin", "CNTRY_NAME": "United States", "POP": 460255}, "geometry": {"type": "Point", "coordinates": [-89.393, 43.0822]}}, {"type": "Feature", "properties": {"FID": 1840021093, "OBJECTID": 1840021093, "CITY_NAME": "Spokane", "ADMIN_NAME": "Washington", "CNTRY_NAME": "United States", "POP": 458988}, "geometry": {"type": "Point", "coordinates": [-117.433, 47.6671]}}, {"type": "Feature", "properties": {"FID": 1840020490, "OBJECTID": 1840020490, "CITY_NAME": "Long Beach", "ADMIN_NAME": "California", "CNTRY_NAME": "United States", "POP": 458491}, "geometry": {"type": "Point", "coordinates": [-118.167, 33.7977]}}, {"type": "Feature", "properties": {"FID": 1840019390, "OBJECTID": 1840019390, "CITY_NAME": "Denton", "ADMIN_NAME": "Texas", "CNTRY_NAME": "United States", "POP": 455152}, "geometry": {"type": "Point", "coordinates": [-97.1418, 33.2175]}}, {"type": "Feature", "properties": {"FID": 1840020121, "OBJECTID": 1840020121, "CITY_NAME": "Reno", "ADMIN_NAME": "Nevada", "CNTRY_NAME": "United States", "POP": 454814}, "geometry": {"type": "Point", "coordinates": [-119.8483, 39.5497]}}, {"type": "Feature", "properties": {"FID": 1840027142, "OBJECTID": 1840027142, "CITY_NAME": "Boise", "ADMIN_NAME": "Idaho", "CNTRY_NAME": "United States", "POP": 449428}, "geometry": {"type": "Point", "coordinates": [-116.2308, 43.6005]}}, {"type": "Feature", "properties": {"FID": 1840014227, "OBJECTID": 1840014227, "CITY_NAME": "Bonita Springs", "ADMIN_NAME": "Florida", "CNTRY_NAME": "United States", "POP": 445500}, "geometry": {"type": "Point", "coordinates": [-81.7859, 26.3558]}}, {"type": "Feature", "properties": {"FID": 1840015109, "OBJECTID": 1840015109, "CITY_NAME": "Kissimmee", "ADMIN_NAME": "Florida", "CNTRY_NAME": "United States", "POP": 442790}, "geometry": {"type": "Point", "coordinates": [-81.4169, 28.3041]}}, {"type": "Feature", "properties": {"FID": 1840029462, "OBJECTID": 1840029462, "CITY_NAME": "Augusta", "ADMIN_NAME": "Georgia", "CNTRY_NAME": "United States", "POP": 439361}, "geometry": {"type": "Point", "coordinates": [-82.0708, 33.3645]}}, {"type": "Feature", "properties": {"FID": 1840000466, "OBJECTID": 1840000466, "CITY_NAME": "Springfield", "ADMIN_NAME": "Massachusetts", "CNTRY_NAME": "United States", "POP": 438889}, "geometry": {"type": "Point", "coordinates": [-72.5395, 42.1155]}}, {"type": "Feature", "properties": {"FID": 1840020296, "OBJECTID": 1840020296, "CITY_NAME": "Oakland", "ADMIN_NAME": "California", "CNTRY_NAME": "United States", "POP": 438072}, "geometry": {"type": "Point", "coordinates": [-122.2166, 37.7904]}}, {"type": "Feature", "properties": {"FID": 1840015324, "OBJECTID": 1840015324, "CITY_NAME": "Winston-Salem", "ADMIN_NAME": "North Carolina", "CNTRY_NAME": "United States", "POP": 434231}, "geometry": {"type": "Point", "coordinates": [-80.261, 36.1029]}}, {"type": "Feature", "properties": {"FID": 1840021517, "OBJECTID": 1840021517, "CITY_NAME": "Stockton", "ADMIN_NAME": "California", "CNTRY_NAME": "United States", "POP": 416005}, "geometry": {"type": "Point", "coordinates": [-121.3109, 37.9765]}}, {"type": "Feature", "properties": {"FID": 1840013364, "OBJECTID": 1840013364, "CITY_NAME": "Durham", "ADMIN_NAME": "North Carolina", "CNTRY_NAME": "United States", "POP": 411362}, "geometry": {"type": "Point", "coordinates": [-78.9022, 35.9792]}}, {"type": "Feature", "properties": {"FID": 1840014569, "OBJECTID": 1840014569, "CITY_NAME": "Chattanooga", "ADMIN_NAME": "Tennessee", "CNTRY_NAME": "United States", "POP": 410795}, "geometry": {"type": "Point", "coordinates": [-85.2481, 35.066]}}, {"type": "Feature", "properties": {"FID": 1840013501, "OBJECTID": 1840013501, "CITY_NAME": "Greenville", "ADMIN_NAME": "South Carolina", "CNTRY_NAME": "United States", "POP": 408626}, "geometry": {"type": "Point", "coordinates": [-82.3646, 34.8354]}}, {"type": "Feature", "properties": {"FID": 1840003718, "OBJECTID": 1840003718, "CITY_NAME": "Lancaster", "ADMIN_NAME": "Pennsylvania", "CNTRY_NAME": "United States", "POP": 408023}, "geometry": {"type": "Point", "coordinates": [-76.3012, 40.042]}}, {"type": "Feature", "properties": {"FID": 1840000378, "OBJECTID": 1840000378, "CITY_NAME": "Syracuse", "ADMIN_NAME": "New York", "CNTRY_NAME": "United States", "POP": 407625}, "geometry": {"type": "Point", "coordinates": [-76.1437, 43.0407]}}, {"type": "Feature", "properties": {"FID": 1840013368, "OBJECTID": 1840013368, "CITY_NAME": "Fayetteville", "ADMIN_NAME": "Arkansas", "CNTRY_NAME": "United States", "POP": 405556}, "geometry": {"type": "Point", "coordinates": [-94.1661, 36.0714]}}, {"type": "Feature", "properties": {"FID": 1840015005, "OBJECTID": 1840015005, "CITY_NAME": "Pensacola", "ADMIN_NAME": "Florida", "CNTRY_NAME": "United States", "POP": 401535}, "geometry": {"type": "Point", "coordinates": [-87.1911, 30.4413]}}, {"type": "Feature", "properties": {"FID": 1840019422, "OBJECTID": 1840019422, "CITY_NAME": "Arlington", "ADMIN_NAME": "Texas", "CNTRY_NAME": "United States", "POP": 394769}, "geometry": {"type": "Point", "coordinates": [-97.125, 32.6998]}}, {"type": "Feature", "properties": {"FID": 1840018794, "OBJECTID": 1840018794, "CITY_NAME": "Aurora", "ADMIN_NAME": "Colorado", "CNTRY_NAME": "United States", "POP": 390201}, "geometry": {"type": "Point", "coordinates": [-104.7237, 39.7083]}}, {"type": "Feature", "properties": {"FID": 1840003389, "OBJECTID": 1840003389, "CITY_NAME": "Scranton", "ADMIN_NAME": "Pennsylvania", "CNTRY_NAME": "United States", "POP": 375462}, "geometry": {"type": "Point", "coordinates": [-75.6649, 41.4044]}}, {"type": "Feature", "properties": {"FID": 1840020474, "OBJECTID": 1840020474, "CITY_NAME": "Oxnard", "ADMIN_NAME": "California", "CNTRY_NAME": "United States", "POP": 373423}, "geometry": {"type": "Point", "coordinates": [-119.1815, 34.1964]}}, {"type": "Feature", "properties": {"FID": 1840019304, "OBJECTID": 1840019304, "CITY_NAME": "Indio", "ADMIN_NAME": "California", "CNTRY_NAME": "United States", "POP": 371926}, "geometry": {"type": "Point", "coordinates": [-116.2346, 33.7346]}}, {"type": "Feature", "properties": {"FID": 1840021731, "OBJECTID": 1840021731, "CITY_NAME": "Victorville", "ADMIN_NAME": "California", "CNTRY_NAME": "United States", "POP": 363596}, "geometry": {"type": "Point", "coordinates": [-117.3536, 34.5277]}}, {"type": "Feature", "properties": {"FID": 1840001383, "OBJECTID": 1840001383, "CITY_NAME": "Trenton", "ADMIN_NAME": "New Jersey", "CNTRY_NAME": "United States", "POP": 362501}, "geometry": {"type": "Point", "coordinates": [-74.7641, 40.2237]}}, {"type": "Feature", "properties": {"FID": 1840005061, "OBJECTID": 1840005061, "CITY_NAME": "Huntsville", "ADMIN_NAME": "Alabama", "CNTRY_NAME": "United States", "POP": 359389}, "geometry": {"type": "Point", "coordinates": [-86.6412, 34.6981]}}, {"type": "Feature", "properties": {"FID": 1840020287, "OBJECTID": 1840020287, "CITY_NAME": "Modesto", "ADMIN_NAME": "California", "CNTRY_NAME": "United States", "POP": 355686}, "geometry": {"type": "Point", "coordinates": [-121.0028, 37.6375]}}, {"type": "Feature", "properties": {"FID": 1840013305, "OBJECTID": 1840013305, "CITY_NAME": "Honolulu", "ADMIN_NAME": "Hawaii", "CNTRY_NAME": "United States", "POP": 346323}, "geometry": {"type": "Point", "coordinates": [-157.846, 21.3294]}}, {"type": "Feature", "properties": {"FID": 1840013356, "OBJECTID": 1840013356, "CITY_NAME": "Greensboro", "ADMIN_NAME": "North Carolina", "CNTRY_NAME": "United States", "POP": 345858}, "geometry": {"type": "Point", "coordinates": [-79.8271, 36.0956]}}, {"type": "Feature", "properties": {"FID": 1840008261, "OBJECTID": 1840008261, "CITY_NAME": "Fort Wayne", "ADMIN_NAME": "Indiana", "CNTRY_NAME": "United States", "POP": 345279}, "geometry": {"type": "Point", "coordinates": [-85.1436, 41.0888]}}, {"type": "Feature", "properties": {"FID": 1840019322, "OBJECTID": 1840019322, "CITY_NAME": "Anaheim", "ADMIN_NAME": "California", "CNTRY_NAME": "United States", "POP": 344553}, "geometry": {"type": "Point", "coordinates": [-117.8574, 33.839]}}, {"type": "Feature", "properties": {"FID": 1840019718, "OBJECTID": 1840019718, "CITY_NAME": "Corpus Christi", "ADMIN_NAME": "Texas", "CNTRY_NAME": "United States", "POP": 339432}, "geometry": {"type": "Point", "coordinates": [-97.3767, 27.7254]}}, {"type": "Feature", "properties": {"FID": 1840020151, "OBJECTID": 1840020151, "CITY_NAME": "Fort Collins", "ADMIN_NAME": "Colorado", "CNTRY_NAME": "United States", "POP": 339256}, "geometry": {"type": "Point", "coordinates": [-105.0656, 40.5477]}}, {"type": "Feature", "properties": {"FID": 1840018903, "OBJECTID": 1840018903, "CITY_NAME": "Antioch", "ADMIN_NAME": "California", "CNTRY_NAME": "United States", "POP": 333347}, "geometry": {"type": "Point", "coordinates": [-121.796, 37.9787]}}, {"type": "Feature", "properties": {"FID": 1840014895, "OBJECTID": 1840014895, "CITY_NAME": "Jackson", "ADMIN_NAME": "Mississippi", "CNTRY_NAME": "United States", "POP": 331332}, "geometry": {"type": "Point", "coordinates": [-90.2125, 32.3157]}}, {"type": "Feature", "properties": {"FID": 1840013490, "OBJECTID": 1840013490, "CITY_NAME": "Fayetteville", "ADMIN_NAME": "North Carolina", "CNTRY_NAME": "United States", "POP": 326821}, "geometry": {"type": "Point", "coordinates": [-78.9772, 35.085]}}, {"type": "Feature", "properties": {"FID": 1840014717, "OBJECTID": 1840014717, "CITY_NAME": "Myrtle Beach", "ADMIN_NAME": "South Carolina", "CNTRY_NAME": "United States", "POP": 325829}, "geometry": {"type": "Point", "coordinates": [-78.8844, 33.7094]}}, {"type": "Feature", "properties": {"FID": 1840020361, "OBJECTID": 1840020361, "CITY_NAME": "Henderson", "ADMIN_NAME": "Nevada", "CNTRY_NAME": "United States", "POP": 324523}, "geometry": {"type": "Point", "coordinates": [-115.0381, 36.0133]}}, {"type": "Feature", "properties": {"FID": 1840006009, "OBJECTID": 1840006009, "CITY_NAME": "Mobile", "ADMIN_NAME": "Alabama", "CNTRY_NAME": "United States", "POP": 324067}, "geometry": {"type": "Point", "coordinates": [-88.1162, 30.6782]}}, {"type": "Feature", "properties": {"FID": 1840015211, "OBJECTID": 1840015211, "CITY_NAME": "Lexington", "ADMIN_NAME": "Kentucky", "CNTRY_NAME": "United States", "POP": 321122}, "geometry": {"type": "Point", "coordinates": [-84.4587, 38.0423]}}, {"type": "Feature", "properties": {"FID": 1840003102, "OBJECTID": 1840003102, "CITY_NAME": "Lansing", "ADMIN_NAME": "Michigan", "CNTRY_NAME": "United States", "POP": 318001}, "geometry": {"type": "Point", "coordinates": [-84.5601, 42.7142]}}, {"type": "Feature", "properties": {"FID": 1840015830, "OBJECTID": 1840015830, "CITY_NAME": "Savannah", "ADMIN_NAME": "Georgia", "CNTRY_NAME": "United States", "POP": 316446}, "geometry": {"type": "Point", "coordinates": [-81.1821, 32.0286]}}, {"type": "Feature", "properties": {"FID": 1840003563, "OBJECTID": 1840003563, "CITY_NAME": "Youngstown", "ADMIN_NAME": "Ohio", "CNTRY_NAME": "United States", "POP": 315751}, "geometry": {"type": "Point", "coordinates": [-80.6463, 41.0993]}}, {"type": "Feature", "properties": {"FID": 1840003172, "OBJECTID": 1840003172, "CITY_NAME": "Ann Arbor", "ADMIN_NAME": "Michigan", "CNTRY_NAME": "United States", "POP": 314647}, "geometry": {"type": "Point", "coordinates": [-83.731, 42.2759]}}, {"type": "Feature", "properties": {"FID": 1840021964, "OBJECTID": 1840021964, "CITY_NAME": "Santa Ana", "ADMIN_NAME": "California", "CNTRY_NAME": "United States", "POP": 311639}, "geometry": {"type": "Point", "coordinates": [-117.8819, 33.7367]}}, {"type": "Feature", "properties": {"FID": 1840019325, "OBJECTID": 1840019325, "CITY_NAME": "Irvine", "ADMIN_NAME": "California", "CNTRY_NAME": "United States", "POP": 308160}, "geometry": {"type": "Point", "coordinates": [-117.7738, 33.6772]}}, {"type": "Feature", "properties": {"FID": 1840008940, "OBJECTID": 1840008940, "CITY_NAME": "St. Paul", "ADMIN_NAME": "Minnesota", "CNTRY_NAME": "United States", "POP": 307762}, "geometry": {"type": "Point", "coordinates": [-93.1039, 44.9478]}}, {"type": "Feature", "properties": {"FID": 1840000500, "OBJECTID": 1840000500, "CITY_NAME": "Poughkeepsie", "ADMIN_NAME": "New York", "CNTRY_NAME": "United States", "POP": 307738}, "geometry": {"type": "Point", "coordinates": [-73.9211, 41.695]}}, {"type": "Feature", "properties": {"FID": 1840002791, "OBJECTID": 1840002791, "CITY_NAME": "Newark", "ADMIN_NAME": "New Jersey", "CNTRY_NAME": "United States", "POP": 307188}, "geometry": {"type": "Point", "coordinates": [-74.1725, 40.7245]}}, {"type": "Feature", "properties": {"FID": 1840021488, "OBJECTID": 1840021488, "CITY_NAME": "Santa Rosa", "ADMIN_NAME": "California", "CNTRY_NAME": "United States", "POP": 299986}, "geometry": {"type": "Point", "coordinates": [-122.7067, 38.4458]}}, {"type": "Feature", "properties": {"FID": 1840014559, "OBJECTID": 1840014559, "CITY_NAME": "Concord", "ADMIN_NAME": "North Carolina", "CNTRY_NAME": "United States", "POP": 297379}, "geometry": {"type": "Point", "coordinates": [-80.6369, 35.3933]}}, {"type": "Feature", "properties": {"FID": 1840015970, "OBJECTID": 1840015970, "CITY_NAME": "Winter Haven", "ADMIN_NAME": "Florida", "CNTRY_NAME": "United States", "POP": 296830}, "geometry": {"type": "Point", "coordinates": [-81.7014, 28.0118]}}, {"type": "Feature", "properties": {"FID": 1840013411, "OBJECTID": 1840013411, "CITY_NAME": "Asheville", "ADMIN_NAME": "North Carolina", "CNTRY_NAME": "United States", "POP": 295040}, "geometry": {"type": "Point", "coordinates": [-82.5537, 35.5707]}}, {"type": "Feature", "properties": {"FID": 1840000963, "OBJECTID": 1840000963, "CITY_NAME": "Canton", "ADMIN_NAME": "Ohio", "CNTRY_NAME": "United States", "POP": 293657}, "geometry": {"type": "Point", "coordinates": [-81.3676, 40.8078]}}, {"type": "Feature", "properties": {"FID": 1840009357, "OBJECTID": 1840009357, "CITY_NAME": "Lincoln", "ADMIN_NAME": "Nebraska", "CNTRY_NAME": "United States", "POP": 293055}, "geometry": {"type": "Point", "coordinates": [-96.6784, 40.8099]}}, {"type": "Feature", "properties": {"FID": 1840002949, "OBJECTID": 1840002949, "CITY_NAME": "Flint", "ADMIN_NAME": "Michigan", "CNTRY_NAME": "United States", "POP": 291688}, "geometry": {"type": "Point", "coordinates": [-83.6921, 43.0236]}}, {"type": "Feature", "properties": {"FID": 1840015108, "OBJECTID": 1840015108, "CITY_NAME": "Lakeland", "ADMIN_NAME": "Florida", "CNTRY_NAME": "United States", "POP": 290762}, "geometry": {"type": "Point", "coordinates": [-81.9545, 28.0557]}}, {"type": "Feature", "properties": {"FID": 1840003600, "OBJECTID": 1840003600, "CITY_NAME": "Jersey City", "ADMIN_NAME": "New Jersey", "CNTRY_NAME": "United States", "POP": 289691}, "geometry": {"type": "Point", "coordinates": [-74.0686, 40.7184]}}, {"type": "Feature", "properties": {"FID": 1840023385, "OBJECTID": 1840023385, "CITY_NAME": "Anchorage", "ADMIN_NAME": "Alaska", "CNTRY_NAME": "United States", "POP": 289069}, "geometry": {"type": "Point", "coordinates": [-149.1091, 61.1508]}}, {"type": "Feature", "properties": {"FID": 1840009904, "OBJECTID": 1840009904, "CITY_NAME": "Springfield", "ADMIN_NAME": "Missouri", "CNTRY_NAME": "United States", "POP": 289041}, "geometry": {"type": "Point", "coordinates": [-93.2916, 37.1943]}}, {"type": "Feature", "properties": {"FID": 1840020662, "OBJECTID": 1840020662, "CITY_NAME": "Plano", "ADMIN_NAME": "Texas", "CNTRY_NAME": "United States", "POP": 287339}, "geometry": {"type": "Point", "coordinates": [-96.7486, 33.0502]}}, {"type": "Feature", "properties": {"FID": 1840020604, "OBJECTID": 1840020604, "CITY_NAME": "Lubbock", "ADMIN_NAME": "Texas", "CNTRY_NAME": "United States", "POP": 283024}, "geometry": {"type": "Point", "coordinates": [-101.8879, 33.5657]}}, {"type": "Feature", "properties": {"FID": 1840007081, "OBJECTID": 1840007081, "CITY_NAME": "Davenport", "ADMIN_NAME": "Iowa", "CNTRY_NAME": "United States", "POP": 282356}, "geometry": {"type": "Point", "coordinates": [-90.6053, 41.5565]}}, {"type": "Feature", "properties": {"FID": 1840001185, "OBJECTID": 1840001185, "CITY_NAME": "Reading", "ADMIN_NAME": "Pennsylvania", "CNTRY_NAME": "United States", "POP": 280030}, "geometry": {"type": "Point", "coordinates": [-75.9267, 40.34]}}, {"type": "Feature", "properties": {"FID": 1840015768, "OBJECTID": 1840015768, "CITY_NAME": "Shreveport", "ADMIN_NAME": "Louisiana", "CNTRY_NAME": "United States", "POP": 278269}, "geometry": {"type": "Point", "coordinates": [-93.7955, 32.4653]}}, {"type": "Feature", "properties": {"FID": 1840019309, "OBJECTID": 1840019309, "CITY_NAME": "Chandler", "ADMIN_NAME": "Arizona", "CNTRY_NAME": "United States", "POP": 278123}, "geometry": {"type": "Point", "coordinates": [-111.8514, 33.2825]}}, {"type": "Feature", "properties": {"FID": 1840009241, "OBJECTID": 1840009241, "CITY_NAME": "South Bend", "ADMIN_NAME": "Indiana", "CNTRY_NAME": "United States", "POP": 275725}, "geometry": {"type": "Point", "coordinates": [-86.2696, 41.6767]}}, {"type": "Feature", "properties": {"FID": 1840015576, "OBJECTID": 1840015576, "CITY_NAME": "Wilmington", "ADMIN_NAME": "North Carolina", "CNTRY_NAME": "United States", "POP": 275128}, "geometry": {"type": "Point", "coordinates": [-77.8866, 34.2099]}}, {"type": "Feature", "properties": {"FID": 1840019350, "OBJECTID": 1840019350, "CITY_NAME": "Chula Vista", "ADMIN_NAME": "California", "CNTRY_NAME": "United States", "POP": 275030}, "geometry": {"type": "Point", "coordinates": [-117.0144, 32.6281]}}, {"type": "Feature", "properties": {"FID": 1840009132, "OBJECTID": 1840009132, "CITY_NAME": "Rockford", "ADMIN_NAME": "Illinois", "CNTRY_NAME": "United States", "POP": 274256}, "geometry": {"type": "Point", "coordinates": [-89.064, 42.2596]}}, {"type": "Feature", "properties": {"FID": 1840020007, "OBJECTID": 1840020007, "CITY_NAME": "Eugene", "ADMIN_NAME": "Oregon", "CNTRY_NAME": "United States", "POP": 272737}, "geometry": {"type": "Point", "coordinates": [-123.1174, 44.0564]}}, {"type": "Feature", "properties": {"FID": 1840021224, "OBJECTID": 1840021224, "CITY_NAME": "Salem", "ADMIN_NAME": "Oregon", "CNTRY_NAME": "United States", "POP": 272331}, "geometry": {"type": "Point", "coordinates": [-123.0244, 44.9233]}}, {"type": "Feature", "properties": {"FID": 1840021947, "OBJECTID": 1840021947, "CITY_NAME": "Gilbert", "ADMIN_NAME": "Arizona", "CNTRY_NAME": "United States", "POP": 271118}, "geometry": {"type": "Point", "coordinates": [-111.7463, 33.31]}}, {"type": "Feature", "properties": {"FID": 1840020363, "OBJECTID": 1840020363, "CITY_NAME": "North Las Vegas", "ADMIN_NAME": "Nevada", "CNTRY_NAME": "United States", "POP": 270773}, "geometry": {"type": "Point", "coordinates": [-115.0888, 36.2883]}}, {"type": "Feature", "properties": {"FID": 1840021864, "OBJECTID": 1840021864, "CITY_NAME": "Santa Clarita", "ADMIN_NAME": "California", "CNTRY_NAME": "United States", "POP": 265529}, "geometry": {"type": "Point", "coordinates": [-118.4964, 34.4175]}}, {"type": "Feature", "properties": {"FID": 1840009373, "OBJECTID": 1840009373, "CITY_NAME": "Peoria", "ADMIN_NAME": "Illinois", "CNTRY_NAME": "United States", "POP": 262461}, "geometry": {"type": "Point", "coordinates": [-89.6154, 40.752]}}, {"type": "Feature", "properties": {"FID": 1840015913, "OBJECTID": 1840015913, "CITY_NAME": "Tallahassee", "ADMIN_NAME": "Florida", "CNTRY_NAME": "United States", "POP": 261271}, "geometry": {"type": "Point", "coordinates": [-84.2527, 30.4551]}}, {"type": "Feature", "properties": {"FID": 1840020854, "OBJECTID": 1840020854, "CITY_NAME": "Killeen", "ADMIN_NAME": "Texas", "CNTRY_NAME": "United States", "POP": 261099}, "geometry": {"type": "Point", "coordinates": [-97.7297, 31.0753]}}, {"type": "Feature", "properties": {"FID": 1840015977, "OBJECTID": 1840015977, "CITY_NAME": "St. Petersburg", "ADMIN_NAME": "Florida", "CNTRY_NAME": "United States", "POP": 260646}, "geometry": {"type": "Point", "coordinates": [-82.6652, 27.7931]}}, {"type": "Feature", "properties": {"FID": 1840018481, "OBJECTID": 1840018481, "CITY_NAME": "Kennewick", "ADMIN_NAME": "Washington", "CNTRY_NAME": "United States", "POP": 260091}, "geometry": {"type": "Point", "coordinates": [-119.1732, 46.1978]}}, {"type": "Feature", "properties": {"FID": 1840014887, "OBJECTID": 1840014887, "CITY_NAME": "Columbus", "ADMIN_NAME": "Georgia", "CNTRY_NAME": "United States", "POP": 257578}, "geometry": {"type": "Point", "coordinates": [-84.8771, 32.51]}}, {"type": "Feature", "properties": {"FID": 1840021002, "OBJECTID": 1840021002, "CITY_NAME": "Laredo", "ADMIN_NAME": "Texas", "CNTRY_NAME": "United States", "POP": 255949}, "geometry": {"type": "Point", "coordinates": [-99.4874, 27.5625]}}, {"type": "Feature", "properties": {"FID": 1840019438, "OBJECTID": 1840019438, "CITY_NAME": "Irving", "ADMIN_NAME": "Texas", "CNTRY_NAME": "United States", "POP": 255036}, "geometry": {"type": "Point", "coordinates": [-96.9702, 32.8583]}}, {"type": "Feature", "properties": {"FID": 1840011171, "OBJECTID": 1840011171, "CITY_NAME": "Round Lake Beach", "ADMIN_NAME": "Illinois", "CNTRY_NAME": "United States", "POP": 252224}, "geometry": {"type": "Point", "coordinates": [-88.0811, 42.3791]}}, {"type": "Feature", "properties": {"FID": 1840008353, "OBJECTID": 1840008353, "CITY_NAME": "Montgomery", "ADMIN_NAME": "Alabama", "CNTRY_NAME": "United States", "POP": 251545}, "geometry": {"type": "Point", "coordinates": [-86.2668, 32.3482]}}, {"type": "Feature", "properties": {"FID": 1840003874, "OBJECTID": 1840003874, "CITY_NAME": "Chesapeake", "ADMIN_NAME": "Virginia", "CNTRY_NAME": "United States", "POP": 251153}, "geometry": {"type": "Point", "coordinates": [-76.3023, 36.6778]}}, {"type": "Feature", "properties": {"FID": 1840020563, "OBJECTID": 1840020563, "CITY_NAME": "Glendale", "ADMIN_NAME": "Arizona", "CNTRY_NAME": "United States", "POP": 250193}, "geometry": {"type": "Point", "coordinates": [-112.2311, 33.5791]}}, {"type": "Feature", "properties": {"FID": 1840002984, "OBJECTID": 1840002984, "CITY_NAME": "Nashua", "ADMIN_NAME": "New Hampshire", "CNTRY_NAME": "United States", "POP": 247828}, "geometry": {"type": "Point", "coordinates": [-71.491, 42.7491]}}, {"type": "Feature", "properties": {"FID": 1840001472, "OBJECTID": 1840001472, "CITY_NAME": "York", "ADMIN_NAME": "Pennsylvania", "CNTRY_NAME": "United States", "POP": 246769}, "geometry": {"type": "Point", "coordinates": [-76.7315, 39.9651]}}, {"type": "Feature", "properties": {"FID": 1840020707, "OBJECTID": 1840020707, "CITY_NAME": "Garland", "ADMIN_NAME": "Texas", "CNTRY_NAME": "United States", "POP": 245298}, "geometry": {"type": "Point", "coordinates": [-96.6304, 32.91]}}, {"type": "Feature", "properties": {"FID": 1840014618, "OBJECTID": 1840014618, "CITY_NAME": "Rock Hill", "ADMIN_NAME": "South Carolina", "CNTRY_NAME": "United States", "POP": 244403}, "geometry": {"type": "Point", "coordinates": [-81.0241, 34.9415]}}, {"type": "Feature", "properties": {"FID": 1840021940, "OBJECTID": 1840021940, "CITY_NAME": "Scottsdale", "ADMIN_NAME": "Arizona", "CNTRY_NAME": "United States", "POP": 242169}, "geometry": {"type": "Point", "coordinates": [-111.8651, 33.6872]}}, {"type": "Feature", "properties": {"FID": 1630035605, "OBJECTID": 1630035605, "CITY_NAME": "Aguadilla", "ADMIN_NAME": "Puerto Rico", "CNTRY_NAME": "United States", "POP": 235546}, "geometry": {"type": "Point", "coordinates": [-67.1537, 18.4382]}}, {"type": "Feature", "properties": {"FID": 1840006112, "OBJECTID": 1840006112, "CITY_NAME": "Arlington", "ADMIN_NAME": "Virginia", "CNTRY_NAME": "United States", "POP": 235463}, "geometry": {"type": "Point", "coordinates": [-77.1011, 38.8786]}}, {"type": "Feature", "properties": {"FID": 1840003869, "OBJECTID": 1840003869, "CITY_NAME": "Norfolk", "ADMIN_NAME": "Virginia", "CNTRY_NAME": "United States", "POP": 235037}, "geometry": {"type": "Point", "coordinates": [-76.259, 36.8945]}}, {"type": "Feature", "properties": {"FID": 1840002400, "OBJECTID": 1840002400, "CITY_NAME": "Appleton", "ADMIN_NAME": "Wisconsin", "CNTRY_NAME": "United States", "POP": 234701}, "geometry": {"type": "Point", "coordinates": [-88.3892, 44.278]}}, {"type": "Feature", "properties": {"FID": 1840033827, "OBJECTID": 1840033827, "CITY_NAME": "Enterprise", "ADMIN_NAME": "Nevada", "CNTRY_NAME": "United States", "POP": 232043}, "geometry": {"type": "Point", "coordinates": [-115.2278, 36.0091]}}, {"type": "Feature", "properties": {"FID": 1840013947, "OBJECTID": 1840013947, "CITY_NAME": "Gulfport", "ADMIN_NAME": "Mississippi", "CNTRY_NAME": "United States", "POP": 231754}, "geometry": {"type": "Point", "coordinates": [-89.0704, 30.4274]}}, {"type": "Feature", "properties": {"FID": 1840015044, "OBJECTID": 1840015044, "CITY_NAME": "Lafayette", "ADMIN_NAME": "Louisiana", "CNTRY_NAME": "United States", "POP": 231548}, "geometry": {"type": "Point", "coordinates": [-92.0325, 30.2082]}}, {"type": "Feature", "properties": {"FID": 1840018410, "OBJECTID": 1840018410, "CITY_NAME": "Bremerton", "ADMIN_NAME": "Washington", "CNTRY_NAME": "United States", "POP": 228576}, "geometry": {"type": "Point", "coordinates": [-122.7121, 47.5436]}}, {"type": "Feature", "properties": {"FID": 1840020292, "OBJECTID": 1840020292, "CITY_NAME": "Fremont", "ADMIN_NAME": "California", "CNTRY_NAME": "United States", "POP": 228518}, "geometry": {"type": "Point", "coordinates": [-121.9843, 37.5265]}}, {"type": "Feature", "properties": {"FID": 1840002344, "OBJECTID": 1840002344, "CITY_NAME": "Green Bay", "ADMIN_NAME": "Wisconsin", "CNTRY_NAME": "United States", "POP": 227679}, "geometry": {"type": "Point", "coordinates": [-87.9895, 44.5148]}}, {"type": "Feature", "properties": {"FID": 1840000177, "OBJECTID": 1840000177, "CITY_NAME": "Fargo", "ADMIN_NAME": "North Dakota", "CNTRY_NAME": "United States", "POP": 225066}, "geometry": {"type": "Point", "coordinates": [-96.8292, 46.8651]}}, {"type": "Feature", "properties": {"FID": 1840015072, "OBJECTID": 1840015072, "CITY_NAME": "Deltona", "ADMIN_NAME": "Florida", "CNTRY_NAME": "United States", "POP": 224303}, "geometry": {"type": "Point", "coordinates": [-81.2137, 28.905]}}, {"type": "Feature", "properties": {"FID": 1840019743, "OBJECTID": 1840019743, "CITY_NAME": "Brownsville", "ADMIN_NAME": "Texas", "CNTRY_NAME": "United States", "POP": 223416}, "geometry": {"type": "Point", "coordinates": [-97.458, 25.9975]}}, {"type": "Feature", "properties": {"FID": 1840015157, "OBJECTID": 1840015157, "CITY_NAME": "Hialeah", "ADMIN_NAME": "Florida", "CNTRY_NAME": "United States", "POP": 221901}, "geometry": {"type": "Point", "coordinates": [-80.3045, 25.8696]}}, {"type": "Feature", "properties": {"FID": 1840021728, "OBJECTID": 1840021728, "CITY_NAME": "San Bernardino", "ADMIN_NAME": "California", "CNTRY_NAME": "United States", "POP": 221774}, "geometry": {"type": "Point", "coordinates": [-117.2943, 34.1416]}}, {"type": "Feature", "properties": {"FID": 1840021129, "OBJECTID": 1840021129, "CITY_NAME": "Tacoma", "ADMIN_NAME": "Washington", "CNTRY_NAME": "United States", "POP": 220482}, "geometry": {"type": "Point", "coordinates": [-122.4531, 47.2431]}}, {"type": "Feature", "properties": {"FID": 1840014022, "OBJECTID": 1840014022, "CITY_NAME": "Gainesville", "ADMIN_NAME": "Florida", "CNTRY_NAME": "United States", "POP": 219946}, "geometry": {"type": "Point", "coordinates": [-82.3459, 29.6804]}}, {"type": "Feature", "properties": {"FID": 1840033832, "OBJECTID": 1840033832, "CITY_NAME": "Spring Valley", "ADMIN_NAME": "Nevada", "CNTRY_NAME": "United States", "POP": 219913}, "geometry": {"type": "Point", "coordinates": [-115.2636, 36.0952]}}, {"type": "Feature", "properties": {"FID": 1840014421, "OBJECTID": 1840014421, "CITY_NAME": "Clarksville", "ADMIN_NAME": "Tennessee", "CNTRY_NAME": "United States", "POP": 218159}, "geometry": {"type": "Point", "coordinates": [-87.3413, 36.5692]}}, {"type": "Feature", "properties": {"FID": 1840019570, "OBJECTID": 1840019570, "CITY_NAME": "College Station", "ADMIN_NAME": "Texas", "CNTRY_NAME": "United States", "POP": 215768}, "geometry": {"type": "Point", "coordinates": [-96.2959, 30.5852]}}, {"type": "Feature", "properties": {"FID": 1840019865, "OBJECTID": 1840019865, "CITY_NAME": "Olympia", "ADMIN_NAME": "Washington", "CNTRY_NAME": "United States", "POP": 215677}, "geometry": {"type": "Point", "coordinates": [-122.8959, 47.0417]}}, {"type": "Feature", "properties": {"FID": 1840003858, "OBJECTID": 1840003858, "CITY_NAME": "Roanoke", "ADMIN_NAME": "Virginia", "CNTRY_NAME": "United States", "POP": 214019}, "geometry": {"type": "Point", "coordinates": [-79.9581, 37.2785]}}, {"type": "Feature", "properties": {"FID": 1840000327, "OBJECTID": 1840000327, "CITY_NAME": "Portland", "ADMIN_NAME": "Maine", "CNTRY_NAME": "United States", "POP": 213660}, "geometry": {"type": "Point", "coordinates": [-70.2715, 43.6773]}}, {"type": "Feature", "properties": {"FID": 1840020402, "OBJECTID": 1840020402, "CITY_NAME": "Fontana", "ADMIN_NAME": "California", "CNTRY_NAME": "United States", "POP": 211921}, "geometry": {"type": "Point", "coordinates": [-117.4599, 34.0968]}}, {"type": "Feature", "properties": {"FID": 1840015482, "OBJECTID": 1840015482, "CITY_NAME": "Spartanburg", "ADMIN_NAME": "South Carolina", "CNTRY_NAME": "United States", "POP": 210388}, "geometry": {"type": "Point", "coordinates": [-81.9251, 34.9442]}}, {"type": "Feature", "properties": {"FID": 1840020552, "OBJECTID": 1840020552, "CITY_NAME": "Moreno Valley", "ADMIN_NAME": "California", "CNTRY_NAME": "United States", "POP": 210378}, "geometry": {"type": "Point", "coordinates": [-117.2045, 33.9244]}}, {"type": "Feature", "properties": {"FID": 1840020654, "OBJECTID": 1840020654, "CITY_NAME": "Frisco", "ADMIN_NAME": "Texas", "CNTRY_NAME": "United States", "POP": 210238}, "geometry": {"type": "Point", "coordinates": [-96.8216, 33.156]}}, {"type": "Feature", "properties": {"FID": 1840003478, "OBJECTID": 1840003478, "CITY_NAME": "Yonkers", "ADMIN_NAME": "New York", "CNTRY_NAME": "United States", "POP": 209529}, "geometry": {"type": "Point", "coordinates": [-73.8673, 40.9466]}}, {"type": "Feature", "properties": {"FID": 1840021844, "OBJECTID": 1840021844, "CITY_NAME": "Thousand Oaks", "ADMIN_NAME": "California", "CNTRY_NAME": "United States", "POP": 208302}, "geometry": {"type": "Point", "coordinates": [-118.8756, 34.1914]}}, {"type": "Feature", "properties": {"FID": 1840002648, "OBJECTID": 1840002648, "CITY_NAME": "Sioux Falls", "ADMIN_NAME": "South Dakota", "CNTRY_NAME": "United States", "POP": 207795}, "geometry": {"type": "Point", "coordinates": [-96.7311, 43.5396]}}, {"type": "Feature", "properties": {"FID": 1840005613, "OBJECTID": 1840005613, "CITY_NAME": "Hagerstown", "ADMIN_NAME": "Maryland", "CNTRY_NAME": "United States", "POP": 206889}, "geometry": {"type": "Point", "coordinates": [-77.7217, 39.6401]}}, {"type": "Feature", "properties": {"FID": 1840013730, "OBJECTID": 1840013730, "CITY_NAME": "Evansville", "ADMIN_NAME": "Indiana", "CNTRY_NAME": "United States", "POP": 206418}, "geometry": {"type": "Point", "coordinates": [-87.5341, 37.9881]}}, {"type": "Feature", "properties": {"FID": 1840019156, "OBJECTID": 1840019156, "CITY_NAME": "Amarillo", "ADMIN_NAME": "Texas", "CNTRY_NAME": "United States", "POP": 205100}, "geometry": {"type": "Point", "coordinates": [-101.8316, 35.1984]}}, {"type": "Feature", "properties": {"FID": 1840003185, "OBJECTID": 1840003185, "CITY_NAME": "Kalamazoo", "ADMIN_NAME": "Michigan", "CNTRY_NAME": "United States", "POP": 204408}, "geometry": {"type": "Point", "coordinates": [-85.5882, 42.2749]}}, {"type": "Feature", "properties": {"FID": 1840000644, "OBJECTID": 1840000644, "CITY_NAME": "Lorain", "ADMIN_NAME": "Ohio", "CNTRY_NAME": "United States", "POP": 203802}, "geometry": {"type": "Point", "coordinates": [-82.184, 41.4409]}}, {"type": "Feature", "properties": {"FID": 1840020970, "OBJECTID": 1840020970, "CITY_NAME": "Galveston", "ADMIN_NAME": "Texas", "CNTRY_NAME": "United States", "POP": 202810}, "geometry": {"type": "Point", "coordinates": [-94.8913, 29.2484]}}, {"type": "Feature", "properties": {"FID": 1840020657, "OBJECTID": 1840020657, "CITY_NAME": "McKinney", "ADMIN_NAME": "Texas", "CNTRY_NAME": "United States", "POP": 202314}, "geometry": {"type": "Point", "coordinates": [-96.667, 33.2016]}}, {"type": "Feature", "properties": {"FID": 1840006211, "OBJECTID": 1840006211, "CITY_NAME": "Huntington", "ADMIN_NAME": "West Virginia", "CNTRY_NAME": "United States", "POP": 201208}, "geometry": {"type": "Point", "coordinates": [-82.4345, 38.4109]}}, {"type": "Feature", "properties": {"FID": 1840020041, "OBJECTID": 1840020041, "CITY_NAME": "Nampa", "ADMIN_NAME": "Idaho", "CNTRY_NAME": "United States", "POP": 201129}, "geometry": {"type": "Point", "coordinates": [-116.5638, 43.5844]}}, {"type": "Feature", "properties": {"FID": 1840014524, "OBJECTID": 1840014524, "CITY_NAME": "Hickory", "ADMIN_NAME": "North Carolina", "CNTRY_NAME": "United States", "POP": 200500}, "geometry": {"type": "Point", "coordinates": [-81.3223, 35.741]}}, {"type": "Feature", "properties": {"FID": 1840004851, "OBJECTID": 1840004851, "CITY_NAME": "Waterbury", "ADMIN_NAME": "Connecticut", "CNTRY_NAME": "United States", "POP": 199965}, "geometry": {"type": "Point", "coordinates": [-73.0361, 41.5582]}}, {"type": "Feature", "properties": {"FID": 1840033833, "OBJECTID": 1840033833, "CITY_NAME": "Sunrise Manor", "ADMIN_NAME": "Nevada", "CNTRY_NAME": "United States", "POP": 199099}, "geometry": {"type": "Point", "coordinates": [-115.0487, 36.1783]}}, {"type": "Feature", "properties": {"FID": 1840020709, "OBJECTID": 1840020709, "CITY_NAME": "Grand Prairie", "ADMIN_NAME": "Texas", "CNTRY_NAME": "United States", "POP": 198564}, "geometry": {"type": "Point", "coordinates": [-97.0208, 32.6871]}}, {"type": "Feature", "properties": {"FID": 1840015067, "OBJECTID": 1840015067, "CITY_NAME": "Ocala", "ADMIN_NAME": "Florida", "CNTRY_NAME": "United States", "POP": 197770}, "geometry": {"type": "Point", "coordinates": [-82.1511, 29.178]}}, {"type": "Feature", "properties": {"FID": 1840022140, "OBJECTID": 1840022140, "CITY_NAME": "Waco", "ADMIN_NAME": "Texas", "CNTRY_NAME": "United States", "POP": 197594}, "geometry": {"type": "Point", "coordinates": [-97.1882, 31.5599]}}, {"type": "Feature", "properties": {"FID": 1840003834, "OBJECTID": 1840003834, "CITY_NAME": "Overland Park", "ADMIN_NAME": "Kansas", "CNTRY_NAME": "United States", "POP": 197199}, "geometry": {"type": "Point", "coordinates": [-94.687, 38.887]}}, {"type": "Feature", "properties": {"FID": 1840005710, "OBJECTID": 1840005710, "CITY_NAME": "Frederick", "ADMIN_NAME": "Maryland", "CNTRY_NAME": "United States", "POP": 196743}, "geometry": {"type": "Point", "coordinates": [-77.4141, 39.4337]}}, {"type": "Feature", "properties": {"FID": 1840020578, "OBJECTID": 1840020578, "CITY_NAME": "Huntington Beach", "ADMIN_NAME": "California", "CNTRY_NAME": "United States", "POP": 196010}, "geometry": {"type": "Point", "coordinates": [-118.0018, 33.696]}}, {"type": "Feature", "properties": {"FID": 1840021829, "OBJECTID": 1840021829, "CITY_NAME": "Santa Barbara", "ADMIN_NAME": "California", "CNTRY_NAME": "United States", "POP": 194950}, "geometry": {"type": "Point", "coordinates": [-119.7202, 34.4285]}}, {"type": "Feature", "properties": {"FID": 1840020567, "OBJECTID": 1840020567, "CITY_NAME": "Peoria", "ADMIN_NAME": "Arizona", "CNTRY_NAME": "United States", "POP": 194338}, "geometry": {"type": "Point", "coordinates": [-112.2989, 33.7843]}}, {"type": "Feature", "properties": {"FID": 1840000471, "OBJECTID": 1840000471, "CITY_NAME": "Cedar Rapids", "ADMIN_NAME": "Iowa", "CNTRY_NAME": "United States", "POP": 192755}, "geometry": {"type": "Point", "coordinates": [-91.6783, 41.9662]}}, {"type": "Feature", "properties": {"FID": 1840021189, "OBJECTID": 1840021189, "CITY_NAME": "Vancouver", "ADMIN_NAME": "Washington", "CNTRY_NAME": "United States", "POP": 192696}, "geometry": {"type": "Point", "coordinates": [-122.5967, 45.6366]}}, {"type": "Feature", "properties": {"FID": 1840020483, "OBJECTID": 1840020483, "CITY_NAME": "Glendale", "ADMIN_NAME": "California", "CNTRY_NAME": "United States", "POP": 192270}, "geometry": {"type": "Point", "coordinates": [-118.2468, 34.1819]}}, {"type": "Feature", "properties": {"FID": 1840013468, "OBJECTID": 1840013468, "CITY_NAME": "Gastonia", "ADMIN_NAME": "North Carolina", "CNTRY_NAME": "United States", "POP": 189767}, "geometry": {"type": "Point", "coordinates": [-81.1854, 35.2494]}}, {"type": "Feature", "properties": {"FID": 1840014105, "OBJECTID": 1840014105, "CITY_NAME": "Spring Hill", "ADMIN_NAME": "Florida", "CNTRY_NAME": "United States", "POP": 188743}, "geometry": {"type": "Point", "coordinates": [-82.53, 28.4798]}}, {"type": "Feature", "properties": {"FID": 1840014495, "OBJECTID": 1840014495, "CITY_NAME": "Murfreesboro", "ADMIN_NAME": "Tennessee", "CNTRY_NAME": "United States", "POP": 187601}, "geometry": {"type": "Point", "coordinates": [-86.4121, 35.849]}}, {"type": "Feature", "properties": {"FID": 1840021942, "OBJECTID": 1840021942, "CITY_NAME": "Tempe", "ADMIN_NAME": "Arizona", "CNTRY_NAME": "United States", "POP": 186419}, "geometry": {"type": "Point", "coordinates": [-111.9319, 33.3881]}}, {"type": "Feature", "properties": {"FID": 1840033743, "OBJECTID": 1840033743, "CITY_NAME": "Paradise", "ADMIN_NAME": "Nevada", "CNTRY_NAME": "United States", "POP": 186178}, "geometry": {"type": "Point", "coordinates": [-115.1355, 36.0872]}}, {"type": "Feature", "properties": {"FID": 1840003862, "OBJECTID": 1840003862, "CITY_NAME": "Newport News", "ADMIN_NAME": "Virginia", "CNTRY_NAME": "United States", "POP": 184774}, "geometry": {"type": "Point", "coordinates": [-76.5185, 37.1051]}}, {"type": "Feature", "properties": {"FID": 1840000478, "OBJECTID": 1840000478, "CITY_NAME": "Erie", "ADMIN_NAME": "Pennsylvania", "CNTRY_NAME": "United States", "POP": 184332}, "geometry": {"type": "Point", "coordinates": [-80.0733, 42.1167]}}, {"type": "Feature", "properties": {"FID": 1840014236, "OBJECTID": 1840014236, "CITY_NAME": "Fort Lauderdale", "ADMIN_NAME": "Florida", "CNTRY_NAME": "United States", "POP": 183032}, "geometry": {"type": "Point", "coordinates": [-80.1464, 26.1412]}}, {"type": "Feature", "properties": {"FID": 1840013612, "OBJECTID": 1840013612, "CITY_NAME": "Gainesville", "ADMIN_NAME": "Georgia", "CNTRY_NAME": "United States", "POP": 182116}, "geometry": {"type": "Point", "coordinates": [-83.8294, 34.2902]}}, {"type": "Feature", "properties": {"FID": 1840007034, "OBJECTID": 1840007034, "CITY_NAME": "Aurora", "ADMIN_NAME": "Illinois", "CNTRY_NAME": "United States", "POP": 179867}, "geometry": {"type": "Point", "coordinates": [-88.2902, 41.7638]}}, {"type": "Feature", "properties": {"FID": 1840015476, "OBJECTID": 1840015476, "CITY_NAME": "Mauldin", "ADMIN_NAME": "South Carolina", "CNTRY_NAME": "United States", "POP": 179196}, "geometry": {"type": "Point", "coordinates": [-82.3032, 34.7821]}}, {"type": "Feature", "properties": {"FID": 1840020410, "OBJECTID": 1840020410, "CITY_NAME": "Ontario", "ADMIN_NAME": "California", "CNTRY_NAME": "United States", "POP": 178347}, "geometry": {"type": "Point", "coordinates": [-117.6064, 34.0393]}}, {"type": "Feature", "properties": {"FID": 1840020245, "OBJECTID": 1840020245, "CITY_NAME": "Elk Grove", "ADMIN_NAME": "California", "CNTRY_NAME": "United States", "POP": 177221}, "geometry": {"type": "Point", "coordinates": [-121.3842, 38.4161]}}, {"type": "Feature", "properties": {"FID": 1840015034, "OBJECTID": 1840015034, "CITY_NAME": "Panama City", "ADMIN_NAME": "Florida", "CNTRY_NAME": "United States", "POP": 177125}, "geometry": {"type": "Point", "coordinates": [-85.6003, 30.1995]}}, {"type": "Feature", "properties": {"FID": 1840016196, "OBJECTID": 1840016196, "CITY_NAME": "Cary", "ADMIN_NAME": "North Carolina", "CNTRY_NAME": "United States", "POP": 176686}, "geometry": {"type": "Point", "coordinates": [-78.8195, 35.7819]}}, {"type": "Feature", "properties": {"FID": 1840020550, "OBJECTID": 1840020550, "CITY_NAME": "Hemet", "ADMIN_NAME": "California", "CNTRY_NAME": "United States", "POP": 176009}, "geometry": {"type": "Point", "coordinates": [-116.9969, 33.7341]}}, {"type": "Feature", "properties": {"FID": 1840004837, "OBJECTID": 1840004837, "CITY_NAME": "Danbury", "ADMIN_NAME": "Connecticut", "CNTRY_NAME": "United States", "POP": 175074}, "geometry": {"type": "Point", "coordinates": [-73.4709, 41.4015]}}, {"type": "Feature", "properties": {"FID": 1840020411, "OBJECTID": 1840020411, "CITY_NAME": "Rancho Cucamonga", "ADMIN_NAME": "California", "CNTRY_NAME": "United States", "POP": 174693}, "geometry": {"type": "Point", "coordinates": [-117.5667, 34.1247]}}, {"type": "Feature", "properties": {"FID": 1840021632, "OBJECTID": 1840021632, "CITY_NAME": "Salinas", "ADMIN_NAME": "California", "CNTRY_NAME": "United States", "POP": 172995}, "geometry": {"type": "Point", "coordinates": [-121.6317, 36.6883]}}, {"type": "Feature", "properties": {"FID": 1840020623, "OBJECTID": 1840020623, "CITY_NAME": "Oceanside", "ADMIN_NAME": "California", "CNTRY_NAME": "United States", "POP": 172542}, "geometry": {"type": "Point", "coordinates": [-117.3083, 33.2247]}}, {"type": "Feature", "properties": {"FID": 1840021499, "OBJECTID": 1840021499, "CITY_NAME": "Vallejo", "ADMIN_NAME": "California", "CNTRY_NAME": "United States", "POP": 171414}, "geometry": {"type": "Point", "coordinates": [-122.2342, 38.1125]}}, {"type": "Feature", "properties": {"FID": 1840014479, "OBJECTID": 1840014479, "CITY_NAME": "High Point", "ADMIN_NAME": "North Carolina", "CNTRY_NAME": "United States", "POP": 171342}, "geometry": {"type": "Point", "coordinates": [-79.9937, 35.991]}}, {"type": "Feature", "properties": {"FID": 1840020577, "OBJECTID": 1840020577, "CITY_NAME": "Garden Grove", "ADMIN_NAME": "California", "CNTRY_NAME": "United States", "POP": 170603}, "geometry": {"type": "Point", "coordinates": [-117.9601, 33.7787]}}, {"type": "Feature", "properties": {"FID": 1840015141, "OBJECTID": 1840015141, "CITY_NAME": "Pembroke Pines", "ADMIN_NAME": "Florida", "CNTRY_NAME": "United States", "POP": 170557}, "geometry": {"type": "Point", "coordinates": [-80.3382, 26.0128]}}, {"type": "Feature", "properties": {"FID": 1840020516, "OBJECTID": 1840020516, "CITY_NAME": "Lancaster", "ADMIN_NAME": "California", "CNTRY_NAME": "United States", "POP": 170013}, "geometry": {"type": "Point", "coordinates": [-118.1753, 34.6935]}}, {"type": "Feature", "properties": {"FID": 1840019789, "OBJECTID": 1840019789, "CITY_NAME": "Marysville", "ADMIN_NAME": "Washington", "CNTRY_NAME": "United States", "POP": 168664}, "geometry": {"type": "Point", "coordinates": [-122.1561, 48.0809]}}, {"type": "Feature", "properties": {"FID": 1630035622, "OBJECTID": 1630035622, "CITY_NAME": "Bayam\u00f3n", "ADMIN_NAME": "Puerto Rico", "CNTRY_NAME": "United States", "POP": 167312}, "geometry": {"type": "Point", "coordinates": [-66.1635, 18.3794]}}, {"type": "Feature", "properties": {"FID": 1840003845, "OBJECTID": 1840003845, "CITY_NAME": "Fredericksburg", "ADMIN_NAME": "Virginia", "CNTRY_NAME": "United States", "POP": 166746}, "geometry": {"type": "Point", "coordinates": [-77.4872, 38.2992]}}, {"type": "Feature", "properties": {"FID": 1840021639, "OBJECTID": 1840021639, "CITY_NAME": "Visalia", "ADMIN_NAME": "California", "CNTRY_NAME": "United States", "POP": 166273}, "geometry": {"type": "Point", "coordinates": [-119.3269, 36.3276]}}, {"type": "Feature", "properties": {"FID": 1840005563, "OBJECTID": 1840005563, "CITY_NAME": "Tuscaloosa", "ADMIN_NAME": "Alabama", "CNTRY_NAME": "United States", "POP": 166253}, "geometry": {"type": "Point", "coordinates": [-87.5268, 33.2348]}}, {"type": "Feature", "properties": {"FID": 1840020502, "OBJECTID": 1840020502, "CITY_NAME": "Palmdale", "ADMIN_NAME": "California", "CNTRY_NAME": "United States", "POP": 165487}, "geometry": {"type": "Point", "coordinates": [-118.1057, 34.5944]}}, {"type": "Feature", "properties": {"FID": 1840021579, "OBJECTID": 1840021579, "CITY_NAME": "Santa Cruz", "ADMIN_NAME": "California", "CNTRY_NAME": "United States", "POP": 165263}, "geometry": {"type": "Point", "coordinates": [-122.0346, 36.9789]}}, {"type": "Feature", "properties": {"FID": 1840020076, "OBJECTID": 1840020076, "CITY_NAME": "Medford", "ADMIN_NAME": "Oregon", "CNTRY_NAME": "United States", "POP": 164628}, "geometry": {"type": "Point", "coordinates": [-122.854, 42.3372]}}, {"type": "Feature", "properties": {"FID": 1840004828, "OBJECTID": 1840004828, "CITY_NAME": "Norwich", "ADMIN_NAME": "Connecticut", "CNTRY_NAME": "United States", "POP": 163299}, "geometry": {"type": "Point", "coordinates": [-72.0882, 41.5495]}}, {"type": "Feature", "properties": {"FID": 1840020313, "OBJECTID": 1840020313, "CITY_NAME": "Merced", "ADMIN_NAME": "California", "CNTRY_NAME": "United States", "POP": 163257}, "geometry": {"type": "Point", "coordinates": [-120.4779, 37.3057]}}, {"type": "Feature", "properties": {"FID": 1840002983, "OBJECTID": 1840002983, "CITY_NAME": "Manchester", "ADMIN_NAME": "New Hampshire", "CNTRY_NAME": "United States", "POP": 162716}, "geometry": {"type": "Point", "coordinates": [-71.4447, 42.9848]}}, {"type": "Feature", "properties": {"FID": 1840020794, "OBJECTID": 1840020794, "CITY_NAME": "Odessa", "ADMIN_NAME": "Texas", "CNTRY_NAME": "United States", "POP": 162648}, "geometry": {"type": "Point", "coordinates": [-102.3448, 31.8801]}}, {"type": "Feature", "properties": {"FID": 1840002870, "OBJECTID": 1840002870, "CITY_NAME": "Muskegon", "ADMIN_NAME": "Michigan", "CNTRY_NAME": "United States", "POP": 162458}, "geometry": {"type": "Point", "coordinates": [-86.2562, 43.2281]}}, {"type": "Feature", "properties": {"FID": 1840015083, "OBJECTID": 1840015083, "CITY_NAME": "Leesburg", "ADMIN_NAME": "Florida", "CNTRY_NAME": "United States", "POP": 161515}, "geometry": {"type": "Point", "coordinates": [-81.8962, 28.7672]}}, {"type": "Feature", "properties": {"FID": 1840008354, "OBJECTID": 1840008354, "CITY_NAME": "Lafayette", "ADMIN_NAME": "Indiana", "CNTRY_NAME": "United States", "POP": 160373}, "geometry": {"type": "Point", "coordinates": [-86.8593, 40.3991]}}, {"type": "Feature", "properties": {"FID": 1840020293, "OBJECTID": 1840020293, "CITY_NAME": "Hayward", "ADMIN_NAME": "California", "CNTRY_NAME": "United States", "POP": 159201}, "geometry": {"type": "Point", "coordinates": [-122.0766, 37.6328]}}, {"type": "Feature", "properties": {"FID": 1840019305, "OBJECTID": 1840019305, "CITY_NAME": "Corona", "ADMIN_NAME": "California", "CNTRY_NAME": "United States", "POP": 158839}, "geometry": {"type": "Point", "coordinates": [-117.5649, 33.8616]}}, {"type": "Feature", "properties": {"FID": 1840000838, "OBJECTID": 1840000838, "CITY_NAME": "Paterson", "ADMIN_NAME": "New Jersey", "CNTRY_NAME": "United States", "POP": 157660}, "geometry": {"type": "Point", "coordinates": [-74.1624, 40.9147]}}, {"type": "Feature", "properties": {"FID": 1840003837, "OBJECTID": 1840003837, "CITY_NAME": "Alexandria", "ADMIN_NAME": "Virginia", "CNTRY_NAME": "United States", "POP": 156788}, "geometry": {"type": "Point", "coordinates": [-77.0861, 38.8185]}}, {"type": "Feature", "properties": {"FID": 1840043455, "OBJECTID": 1840043455, "CITY_NAME": "Macon", "ADMIN_NAME": "Georgia", "CNTRY_NAME": "United States", "POP": 156543}, "geometry": {"type": "Point", "coordinates": [-83.6974, 32.8065]}}, {"type": "Feature", "properties": {"FID": 1840020198, "OBJECTID": 1840020198, "CITY_NAME": "Lakewood", "ADMIN_NAME": "Colorado", "CNTRY_NAME": "United States", "POP": 156309}, "geometry": {"type": "Point", "coordinates": [-105.1172, 39.6977]}}, {"type": "Feature", "properties": {"FID": 1840009517, "OBJECTID": 1840009517, "CITY_NAME": "Springfield", "ADMIN_NAME": "Illinois", "CNTRY_NAME": "United States", "POP": 156240}, "geometry": {"type": "Point", "coordinates": [-89.654, 39.7709]}}, {"type": "Feature", "properties": {"FID": 1840001626, "OBJECTID": 1840001626, "CITY_NAME": "Kansas City", "ADMIN_NAME": "Kansas", "CNTRY_NAME": "United States", "POP": 154776}, "geometry": {"type": "Point", "coordinates": [-94.7443, 39.1235]}}, {"type": "Feature", "properties": {"FID": 1840013362, "OBJECTID": 1840013362, "CITY_NAME": "Burlington", "ADMIN_NAME": "North Carolina", "CNTRY_NAME": "United States", "POP": 154504}, "geometry": {"type": "Point", "coordinates": [-79.4685, 36.076]}}, {"type": "Feature", "properties": {"FID": 1840015800, "OBJECTID": 1840015800, "CITY_NAME": "Warner Robins", "ADMIN_NAME": "Georgia", "CNTRY_NAME": "United States", "POP": 154327}, "geometry": {"type": "Point", "coordinates": [-83.6527, 32.5961]}}, {"type": "Feature", "properties": {"FID": 1840021573, "OBJECTID": 1840021573, "CITY_NAME": "Sunnyvale", "ADMIN_NAME": "California", "CNTRY_NAME": "United States", "POP": 153455}, "geometry": {"type": "Point", "coordinates": [-122.0255, 37.3836]}}, {"type": "Feature", "properties": {"FID": 1840015144, "OBJECTID": 1840015144, "CITY_NAME": "Hollywood", "ADMIN_NAME": "Florida", "CNTRY_NAME": "United States", "POP": 152935}, "geometry": {"type": "Point", "coordinates": [-80.1679, 26.0293]}}, {"type": "Feature", "properties": {"FID": 1840020233, "OBJECTID": 1840020233, "CITY_NAME": "Roseville", "ADMIN_NAME": "California", "CNTRY_NAME": "United States", "POP": 152438}, "geometry": {"type": "Point", "coordinates": [-121.3196, 38.7703]}}, {"type": "Feature", "properties": {"FID": 1840003219, "OBJECTID": 1840003219, "CITY_NAME": "New Bedford", "ADMIN_NAME": "Massachusetts", "CNTRY_NAME": "United States", "POP": 152104}, "geometry": {"type": "Point", "coordinates": [-70.9428, 41.6697]}}, {"type": "Feature", "properties": {"FID": 1840002432, "OBJECTID": 1840002432, "CITY_NAME": "South Lyon", "ADMIN_NAME": "Michigan", "CNTRY_NAME": "United States", "POP": 151231}, "geometry": {"type": "Point", "coordinates": [-83.6526, 42.4614]}}, {"type": "Feature", "properties": {"FID": 1840018417, "OBJECTID": 1840018417, "CITY_NAME": "Bellevue", "ADMIN_NAME": "Washington", "CNTRY_NAME": "United States", "POP": 151199}, "geometry": {"type": "Point", "coordinates": [-122.1535, 47.5951]}}, {"type": "Feature", "properties": {"FID": 1840020253, "OBJECTID": 1840020253, "CITY_NAME": "Fairfield", "ADMIN_NAME": "California", "CNTRY_NAME": "United States", "POP": 150794}, "geometry": {"type": "Point", "coordinates": [-122.0335, 38.2583]}}, {"type": "Feature", "properties": {"FID": 1840000460, "OBJECTID": 1840000460, "CITY_NAME": "Binghamton", "ADMIN_NAME": "New York", "CNTRY_NAME": "United States", "POP": 150564}, "geometry": {"type": "Point", "coordinates": [-75.9093, 42.1014]}}, {"type": "Feature", "properties": {"FID": 1840001621, "OBJECTID": 1840001621, "CITY_NAME": "Topeka", "ADMIN_NAME": "Kansas", "CNTRY_NAME": "United States", "POP": 150343}, "geometry": {"type": "Point", "coordinates": [-95.6955, 39.0346]}}, {"type": "Feature", "properties": {"FID": 1840020620, "OBJECTID": 1840020620, "CITY_NAME": "Escondido", "ADMIN_NAME": "California", "CNTRY_NAME": "United States", "POP": 149913}, "geometry": {"type": "Point", "coordinates": [-117.0723, 33.1348]}}, {"type": "Feature", "properties": {"FID": 1840008192, "OBJECTID": 1840008192, "CITY_NAME": "Joliet", "ADMIN_NAME": "Illinois", "CNTRY_NAME": "United States", "POP": 149785}, "geometry": {"type": "Point", "coordinates": [-88.1499, 41.5188]}}, {"type": "Feature", "properties": {"FID": 1840021941, "OBJECTID": 1840021941, "CITY_NAME": "Surprise", "ADMIN_NAME": "Arizona", "CNTRY_NAME": "United States", "POP": 149519}, "geometry": {"type": "Point", "coordinates": [-112.4515, 33.6815]}}, {"type": "Feature", "properties": {"FID": 1840008143, "OBJECTID": 1840008143, "CITY_NAME": "Naperville", "ADMIN_NAME": "Illinois", "CNTRY_NAME": "United States", "POP": 149424}, "geometry": {"type": "Point", "coordinates": [-88.1659, 41.748]}}, {"type": "Feature", "properties": {"FID": 1840020930, "OBJECTID": 1840020930, "CITY_NAME": "Pasadena", "ADMIN_NAME": "Texas", "CNTRY_NAME": "United States", "POP": 149345}, "geometry": {"type": "Point", "coordinates": [-95.1498, 29.6575]}}, {"type": "Feature", "properties": {"FID": 1840020713, "OBJECTID": 1840020713, "CITY_NAME": "Mesquite", "ADMIN_NAME": "Texas", "CNTRY_NAME": "United States", "POP": 148848}, "geometry": {"type": "Point", "coordinates": [-96.5865, 32.7602]}}, {"type": "Feature", "properties": {"FID": 1840007239, "OBJECTID": 1840007239, "CITY_NAME": "Champaign", "ADMIN_NAME": "Illinois", "CNTRY_NAME": "United States", "POP": 148477}, "geometry": {"type": "Point", "coordinates": [-88.2737, 40.1142]}}, {"type": "Feature", "properties": {"FID": 1840020507, "OBJECTID": 1840020507, "CITY_NAME": "Pomona", "ADMIN_NAME": "California", "CNTRY_NAME": "United States", "POP": 148391}, "geometry": {"type": "Point", "coordinates": [-117.7626, 34.0585]}}, {"type": "Feature", "properties": {"FID": 1840015063, "OBJECTID": 1840015063, "CITY_NAME": "Houma", "ADMIN_NAME": "Louisiana", "CNTRY_NAME": "United States", "POP": 147841}, "geometry": {"type": "Point", "coordinates": [-90.7059, 29.58]}}, {"type": "Feature", "properties": {"FID": 1840029463, "OBJECTID": 1840029463, "CITY_NAME": "Athens", "ADMIN_NAME": "Georgia", "CNTRY_NAME": "United States", "POP": 147368}, "geometry": {"type": "Point", "coordinates": [-83.3689, 33.9508]}}, {"type": "Feature", "properties": {"FID": 1840021559, "OBJECTID": 1840021559, "CITY_NAME": "St. George", "ADMIN_NAME": "Utah", "CNTRY_NAME": "United States", "POP": 147347}, "geometry": {"type": "Point", "coordinates": [-113.5752, 37.0758]}}, {"type": "Feature", "properties": {"FID": 1840019612, "OBJECTID": 1840019612, "CITY_NAME": "Beaumont", "ADMIN_NAME": "Texas", "CNTRY_NAME": "United States", "POP": 146554}, "geometry": {"type": "Point", "coordinates": [-94.1451, 30.0849]}}, {"type": "Feature", "properties": {"FID": 1840008187, "OBJECTID": 1840008187, "CITY_NAME": "Elkhart", "ADMIN_NAME": "Indiana", "CNTRY_NAME": "United States", "POP": 146511}, "geometry": {"type": "Point", "coordinates": [-85.9627, 41.6916]}}, {"type": "Feature", "properties": {"FID": 1840015039, "OBJECTID": 1840015039, "CITY_NAME": "Lake Charles", "ADMIN_NAME": "Louisiana", "CNTRY_NAME": "United States", "POP": 145110}, "geometry": {"type": "Point", "coordinates": [-93.2111, 30.201]}}, {"type": "Feature", "properties": {"FID": 1840021830, "OBJECTID": 1840021830, "CITY_NAME": "Santa Maria", "ADMIN_NAME": "California", "CNTRY_NAME": "United States", "POP": 144857}, "geometry": {"type": "Point", "coordinates": [-120.4431, 34.9333]}}, {"type": "Feature", "properties": {"FID": 1840021998, "OBJECTID": 1840021998, "CITY_NAME": "Yuma", "ADMIN_NAME": "Arizona", "CNTRY_NAME": "United States", "POP": 144509}, "geometry": {"type": "Point", "coordinates": [-114.5491, 32.5995]}}, {"type": "Feature", "properties": {"FID": 1840003833, "OBJECTID": 1840003833, "CITY_NAME": "Olathe", "ADMIN_NAME": "Kansas", "CNTRY_NAME": "United States", "POP": 143720}, "geometry": {"type": "Point", "coordinates": [-94.82, 38.8833]}}, {"type": "Feature", "properties": {"FID": 1840020792, "OBJECTID": 1840020792, "CITY_NAME": "Midland", "ADMIN_NAME": "Texas", "CNTRY_NAME": "United States", "POP": 143714}, "geometry": {"type": "Point", "coordinates": [-102.1147, 32.0243]}}, {"type": "Feature", "properties": {"FID": 1840020149, "OBJECTID": 1840020149, "CITY_NAME": "Greeley", "ADMIN_NAME": "Colorado", "CNTRY_NAME": "United States", "POP": 143554}, "geometry": {"type": "Point", "coordinates": [-104.7706, 40.4152]}}, {"type": "Feature", "properties": {"FID": 1840021873, "OBJECTID": 1840021873, "CITY_NAME": "Torrance", "ADMIN_NAME": "California", "CNTRY_NAME": "United States", "POP": 143499}, "geometry": {"type": "Point", "coordinates": [-118.3416, 33.8346]}}, {"type": "Feature", "properties": {"FID": 1840021422, "OBJECTID": 1840021422, "CITY_NAME": "Thornton", "ADMIN_NAME": "Colorado", "CNTRY_NAME": "United States", "POP": 142878}, "geometry": {"type": "Point", "coordinates": [-104.9438, 39.9197]}}, {"type": "Feature", "properties": {"FID": 1840020683, "OBJECTID": 1840020683, "CITY_NAME": "Las Cruces", "ADMIN_NAME": "New Mexico", "CNTRY_NAME": "United States", "POP": 142432}, "geometry": {"type": "Point", "coordinates": [-106.7893, 32.3265]}}, {"type": "Feature", "properties": {"FID": 1840007391, "OBJECTID": 1840007391, "CITY_NAME": "Columbia", "ADMIN_NAME": "Missouri", "CNTRY_NAME": "United States", "POP": 141811}, "geometry": {"type": "Point", "coordinates": [-92.3268, 38.9472]}}, {"type": "Feature", "properties": {"FID": 1840020576, "OBJECTID": 1840020576, "CITY_NAME": "Fullerton", "ADMIN_NAME": "California", "CNTRY_NAME": "United States", "POP": 141278}, "geometry": {"type": "Point", "coordinates": [-117.9279, 33.8841]}}, {"type": "Feature", "properties": {"FID": 1840020230, "OBJECTID": 1840020230, "CITY_NAME": "Grand Junction", "ADMIN_NAME": "Colorado", "CNTRY_NAME": "United States", "POP": 141008}, "geometry": {"type": "Point", "coordinates": [-108.5673, 39.0877]}}, {"type": "Feature", "properties": {"FID": 1630035637, "OBJECTID": 1630035637, "CITY_NAME": "Carolina", "ADMIN_NAME": "Puerto Rico", "CNTRY_NAME": "United States", "POP": 139051}, "geometry": {"type": "Point", "coordinates": [-65.9792, 18.4054]}}, {"type": "Feature", "properties": {"FID": 1840013994, "OBJECTID": 1840013994, "CITY_NAME": "Metairie", "ADMIN_NAME": "Louisiana", "CNTRY_NAME": "United States", "POP": 138995}, "geometry": {"type": "Point", "coordinates": [-90.178, 29.9977]}}, {"type": "Feature", "properties": {"FID": 1840020582, "OBJECTID": 1840020582, "CITY_NAME": "Orange", "ADMIN_NAME": "California", "CNTRY_NAME": "United States", "POP": 138723}, "geometry": {"type": "Point", "coordinates": [-117.8218, 33.8038]}}, {"type": "Feature", "properties": {"FID": 1840002418, "OBJECTID": 1840002418, "CITY_NAME": "Warren", "ADMIN_NAME": "Michigan", "CNTRY_NAME": "United States", "POP": 138128}, "geometry": {"type": "Point", "coordinates": [-83.027, 42.4934]}}, {"type": "Feature", "properties": {"FID": 1840021389, "OBJECTID": 1840021389, "CITY_NAME": "West Valley City", "ADMIN_NAME": "Utah", "CNTRY_NAME": "United States", "POP": 137955}, "geometry": {"type": "Point", "coordinates": [-112.0123, 40.6886]}}, {"type": "Feature", "properties": {"FID": 1840003866, "OBJECTID": 1840003866, "CITY_NAME": "Hampton", "ADMIN_NAME": "Virginia", "CNTRY_NAME": "United States", "POP": 137334}, "geometry": {"type": "Point", "coordinates": [-76.363, 37.0551]}}, {"type": "Feature", "properties": {"FID": 1840020505, "OBJECTID": 1840020505, "CITY_NAME": "Pasadena", "ADMIN_NAME": "California", "CNTRY_NAME": "United States", "POP": 136462}, "geometry": {"type": "Point", "coordinates": [-118.139, 34.1597]}}, {"type": "Feature", "properties": {"FID": 1840015137, "OBJECTID": 1840015137, "CITY_NAME": "Miramar", "ADMIN_NAME": "Florida", "CNTRY_NAME": "United States", "POP": 135986}, "geometry": {"type": "Point", "coordinates": [-80.3351, 25.9773]}}, {"type": "Feature", "properties": {"FID": 1840003613, "OBJECTID": 1840003613, "CITY_NAME": "Elizabeth", "ADMIN_NAME": "New Jersey", "CNTRY_NAME": "United States", "POP": 135887}, "geometry": {"type": "Point", "coordinates": [-74.1913, 40.6658]}}, {"type": "Feature", "properties": {"FID": 1840004841, "OBJECTID": 1840004841, "CITY_NAME": "Stamford", "ADMIN_NAME": "Connecticut", "CNTRY_NAME": "United States", "POP": 135806}, "geometry": {"type": "Point", "coordinates": [-73.5585, 41.1039]}}, {"type": "Feature", "properties": {"FID": 1840002493, "OBJECTID": 1840002493, "CITY_NAME": "Racine", "ADMIN_NAME": "Wisconsin", "CNTRY_NAME": "United States", "POP": 135512}, "geometry": {"type": "Point", "coordinates": [-87.8135, 42.7274]}}, {"type": "Feature", "properties": {"FID": 1840018424, "OBJECTID": 1840018424, "CITY_NAME": "Kent", "ADMIN_NAME": "Washington", "CNTRY_NAME": "United States", "POP": 135015}, "geometry": {"type": "Point", "coordinates": [-122.2128, 47.3887]}}, {"type": "Feature", "properties": {"FID": 1840021154, "OBJECTID": 1840021154, "CITY_NAME": "Yakima", "ADMIN_NAME": "Washington", "CNTRY_NAME": "United States", "POP": 134003}, "geometry": {"type": "Point", "coordinates": [-120.5496, 46.5923]}}, {"type": "Feature", "properties": {"FID": 1840015134, "OBJECTID": 1840015134, "CITY_NAME": "Coral Springs", "ADMIN_NAME": "Florida", "CNTRY_NAME": "United States", "POP": 133962}, "geometry": {"type": "Point", "coordinates": [-80.2591, 26.2702]}}, {"type": "Feature", "properties": {"FID": 1840003094, "OBJECTID": 1840003094, "CITY_NAME": "Sterling Heights", "ADMIN_NAME": "Michigan", "CNTRY_NAME": "United States", "POP": 133473}, "geometry": {"type": "Point", "coordinates": [-83.0305, 42.5809]}}, {"type": "Feature", "properties": {"FID": 1840018496, "OBJECTID": 1840018496, "CITY_NAME": "Billings", "ADMIN_NAME": "Montana", "CNTRY_NAME": "United States", "POP": 133173}, "geometry": {"type": "Point", "coordinates": [-108.5526, 45.7891]}}, {"type": "Feature", "properties": {"FID": 1840007207, "OBJECTID": 1840007207, "CITY_NAME": "Bloomington", "ADMIN_NAME": "Illinois", "CNTRY_NAME": "United States", "POP": 133107}, "geometry": {"type": "Point", "coordinates": [-88.9703, 40.4757]}}, {"type": "Feature", "properties": {"FID": 1840006196, "OBJECTID": 1840006196, "CITY_NAME": "Charleston", "ADMIN_NAME": "West Virginia", "CNTRY_NAME": "United States", "POP": 133045}, "geometry": {"type": "Point", "coordinates": [-81.6322, 38.3484]}}, {"type": "Feature", "properties": {"FID": 1840019436, "OBJECTID": 1840019436, "CITY_NAME": "Carrollton", "ADMIN_NAME": "Texas", "CNTRY_NAME": "United States", "POP": 132741}, "geometry": {"type": "Point", "coordinates": [-96.8999, 32.989]}}, {"type": "Feature", "properties": {"FID": 1840022076, "OBJECTID": 1840022076, "CITY_NAME": "Tyler", "ADMIN_NAME": "Texas", "CNTRY_NAME": "United States", "POP": 131037}, "geometry": {"type": "Point", "coordinates": [-95.3062, 32.3184]}}, {"type": "Feature", "properties": {"FID": 1840000532, "OBJECTID": 1840000532, "CITY_NAME": "Iowa City", "ADMIN_NAME": "Iowa", "CNTRY_NAME": "United States", "POP": 129897}, "geometry": {"type": "Point", "coordinates": [-91.5303, 41.6559]}}, {"type": "Feature", "properties": {"FID": 1840014462, "OBJECTID": 1840014462, "CITY_NAME": "Johnson City", "ADMIN_NAME": "Tennessee", "CNTRY_NAME": "United States", "POP": 129818}, "geometry": {"type": "Point", "coordinates": [-82.3806, 36.3406]}}, {"type": "Feature", "properties": {"FID": 1840021571, "OBJECTID": 1840021571, "CITY_NAME": "Santa Clara", "ADMIN_NAME": "California", "CNTRY_NAME": "United States", "POP": 129239}, "geometry": {"type": "Point", "coordinates": [-121.968, 37.3646]}}, {"type": "Feature", "properties": {"FID": 1840018346, "OBJECTID": 1840018346, "CITY_NAME": "Bellingham", "ADMIN_NAME": "Washington", "CNTRY_NAME": "United States", "POP": 128737}, "geometry": {"type": "Point", "coordinates": [-122.469, 48.7548]}}, {"type": "Feature", "properties": {"FID": 1840020451, "OBJECTID": 1840020451, "CITY_NAME": "Norman", "ADMIN_NAME": "Oklahoma", "CNTRY_NAME": "United States", "POP": 128714}, "geometry": {"type": "Point", "coordinates": [-97.3471, 35.2335]}}, {"type": "Feature", "properties": {"FID": 1840018402, "OBJECTID": 1840018402, "CITY_NAME": "Coeur d'Alene", "ADMIN_NAME": "Idaho", "CNTRY_NAME": "United States", "POP": 128680}, "geometry": {"type": "Point", "coordinates": [-116.7936, 47.704]}}, {"type": "Feature", "properties": {"FID": 1840013456, "OBJECTID": 1840013456, "CITY_NAME": "Fort Smith", "ADMIN_NAME": "Arkansas", "CNTRY_NAME": "United States", "POP": 128384}, "geometry": {"type": "Point", "coordinates": [-94.3695, 35.3495]}}, {"type": "Feature", "properties": {"FID": 1840020639, "OBJECTID": 1840020639, "CITY_NAME": "Lewisville", "ADMIN_NAME": "Texas", "CNTRY_NAME": "United States", "POP": 128313}, "geometry": {"type": "Point", "coordinates": [-96.9815, 33.0454]}}, {"type": "Feature", "properties": {"FID": 1840005810, "OBJECTID": 1840005810, "CITY_NAME": "Dover", "ADMIN_NAME": "Delaware", "CNTRY_NAME": "United States", "POP": 128045}, "geometry": {"type": "Point", "coordinates": [-75.5202, 39.161]}}, {"type": "Feature", "properties": {"FID": 1840021463, "OBJECTID": 1840021463, "CITY_NAME": "Yuba City", "ADMIN_NAME": "California", "CNTRY_NAME": "United States", "POP": 127854}, "geometry": {"type": "Point", "coordinates": [-121.6383, 39.1357]}}, {"type": "Feature", "properties": {"FID": 1840014220, "OBJECTID": 1840014220, "CITY_NAME": "Lehigh Acres", "ADMIN_NAME": "Florida", "CNTRY_NAME": "United States", "POP": 127391}, "geometry": {"type": "Point", "coordinates": [-81.6388, 26.612]}}, {"type": "Feature", "properties": {"FID": 1840019476, "OBJECTID": 1840019476, "CITY_NAME": "Abilene", "ADMIN_NAME": "Texas", "CNTRY_NAME": "United States", "POP": 127130}, "geometry": {"type": "Point", "coordinates": [-99.7384, 32.4543]}}, {"type": "Feature", "properties": {"FID": 1840021843, "OBJECTID": 1840021843, "CITY_NAME": "Simi Valley", "ADMIN_NAME": "California", "CNTRY_NAME": "United States", "POP": 126503}, "geometry": {"type": "Point", "coordinates": [-118.749, 34.2663]}}, {"type": "Feature", "properties": {"FID": 1840020979, "OBJECTID": 1840020979, "CITY_NAME": "Pearland", "ADMIN_NAME": "Texas", "CNTRY_NAME": "United States", "POP": 125983}, "geometry": {"type": "Point", "coordinates": [-95.3218, 29.5581]}}, {"type": "Feature", "properties": {"FID": 1840003160, "OBJECTID": 1840003160, "CITY_NAME": "Kenosha", "ADMIN_NAME": "Wisconsin", "CNTRY_NAME": "United States", "POP": 125807}, "geometry": {"type": "Point", "coordinates": [-87.8773, 42.5865]}}, {"type": "Feature", "properties": {"FID": 1630023566, "OBJECTID": 1630023566, "CITY_NAME": "Arecibo", "ADMIN_NAME": "Puerto Rico", "CNTRY_NAME": "United States", "POP": 125548}, "geometry": {"type": "Point", "coordinates": [-66.7387, 18.4491]}}, {"type": "Feature", "properties": {"FID": 1840020046, "OBJECTID": 1840020046, "CITY_NAME": "Meridian", "ADMIN_NAME": "Idaho", "CNTRY_NAME": "United States", "POP": 124865}, "geometry": {"type": "Point", "coordinates": [-116.3977, 43.6116]}}, {"type": "Feature", "properties": {"FID": 1840020879, "OBJECTID": 1840020879, "CITY_NAME": "Round Rock", "ADMIN_NAME": "Texas", "CNTRY_NAME": "United States", "POP": 124288}, "geometry": {"type": "Point", "coordinates": [-97.6642, 30.527]}}, {"type": "Feature", "properties": {"FID": 1840006175, "OBJECTID": 1840006175, "CITY_NAME": "Waldorf", "ADMIN_NAME": "Maryland", "CNTRY_NAME": "United States", "POP": 124186}, "geometry": {"type": "Point", "coordinates": [-76.9194, 38.6085]}}, {"type": "Feature", "properties": {"FID": 1840022154, "OBJECTID": 1840022154, "CITY_NAME": "Temple", "ADMIN_NAME": "Texas", "CNTRY_NAME": "United States", "POP": 123932}, "geometry": {"type": "Point", "coordinates": [-97.3891, 31.1068]}}, {"type": "Feature", "properties": {"FID": 1840003855, "OBJECTID": 1840003855, "CITY_NAME": "Lynchburg", "ADMIN_NAME": "Virginia", "CNTRY_NAME": "United States", "POP": 123662}, "geometry": {"type": "Point", "coordinates": [-79.1909, 37.4003]}}, {"type": "Feature", "properties": {"FID": 1840008987, "OBJECTID": 1840008987, "CITY_NAME": "Rochester", "ADMIN_NAME": "Minnesota", "CNTRY_NAME": "United States", "POP": 123252}, "geometry": {"type": "Point", "coordinates": [-92.478, 44.0154]}}, {"type": "Feature", "properties": {"FID": 1840020108, "OBJECTID": 1840020108, "CITY_NAME": "Logan", "ADMIN_NAME": "Utah", "CNTRY_NAME": "United States", "POP": 122915}, "geometry": {"type": "Point", "coordinates": [-111.8422, 41.7399]}}, {"type": "Feature", "properties": {"FID": 1840018788, "OBJECTID": 1840018788, "CITY_NAME": "Arvada", "ADMIN_NAME": "Colorado", "CNTRY_NAME": "United States", "POP": 122835}, "geometry": {"type": "Point", "coordinates": [-105.151, 39.832]}}, {"type": "Feature", "properties": {"FID": 1840018944, "OBJECTID": 1840018944, "CITY_NAME": "Clovis", "ADMIN_NAME": "California", "CNTRY_NAME": "United States", "POP": 122719}, "geometry": {"type": "Point", "coordinates": [-119.683, 36.8278]}}, {"type": "Feature", "properties": {"FID": 1840008534, "OBJECTID": 1840008534, "CITY_NAME": "Independence", "ADMIN_NAME": "Missouri", "CNTRY_NAME": "United States", "POP": 121944}, "geometry": {"type": "Point", "coordinates": [-94.3501, 39.0871]}}, {"type": "Feature", "properties": {"FID": 1840020141, "OBJECTID": 1840020141, "CITY_NAME": "Redding", "ADMIN_NAME": "California", "CNTRY_NAME": "United States", "POP": 120849}, "geometry": {"type": "Point", "coordinates": [-122.365, 40.5698]}}, {"type": "Feature", "properties": {"FID": 1840013407, "OBJECTID": 1840013407, "CITY_NAME": "Greenville", "ADMIN_NAME": "North Carolina", "CNTRY_NAME": "United States", "POP": 120595}, "geometry": {"type": "Point", "coordinates": [-77.376, 35.5943]}}, {"type": "Feature", "properties": {"FID": 1840007685, "OBJECTID": 1840007685, "CITY_NAME": "Duluth", "ADMIN_NAME": "Minnesota", "CNTRY_NAME": "United States", "POP": 120443}, "geometry": {"type": "Point", "coordinates": [-92.1393, 46.7756]}}, {"type": "Feature", "properties": {"FID": 1840018914, "OBJECTID": 1840018914, "CITY_NAME": "Berkeley", "ADMIN_NAME": "California", "CNTRY_NAME": "United States", "POP": 120223}, "geometry": {"type": "Point", "coordinates": [-122.276, 37.8722]}}, {"type": "Feature", "properties": {"FID": 1840018774, "OBJECTID": 1840018774, "CITY_NAME": "Boulder", "ADMIN_NAME": "Colorado", "CNTRY_NAME": "United States", "POP": 120121}, "geometry": {"type": "Point", "coordinates": [-105.2524, 40.0248]}}, {"type": "Feature", "properties": {"FID": 1840020255, "OBJECTID": 1840020255, "CITY_NAME": "Pueblo", "ADMIN_NAME": "Colorado", "CNTRY_NAME": "United States", "POP": 120020}, "geometry": {"type": "Point", "coordinates": [-104.6114, 38.2701]}}, {"type": "Feature", "properties": {"FID": 1840015993, "OBJECTID": 1840015993, "CITY_NAME": "West Palm Beach", "ADMIN_NAME": "Florida", "CNTRY_NAME": "United States", "POP": 119508}, "geometry": {"type": "Point", "coordinates": [-80.132, 26.7469]}}, {"type": "Feature", "properties": {"FID": 1840002310, "OBJECTID": 1840002310, "CITY_NAME": "Burlington", "ADMIN_NAME": "Vermont", "CNTRY_NAME": "United States", "POP": 118409}, "geometry": {"type": "Point", "coordinates": [-73.2316, 44.4876]}}, {"type": "Feature", "properties": {"FID": 1840021634, "OBJECTID": 1840021634, "CITY_NAME": "Seaside", "ADMIN_NAME": "California", "CNTRY_NAME": "United States", "POP": 118398}, "geometry": {"type": "Point", "coordinates": [-121.8199, 36.6224]}}, {"type": "Feature", "properties": {"FID": 1840020710, "OBJECTID": 1840020710, "CITY_NAME": "Richardson", "ADMIN_NAME": "Texas", "CNTRY_NAME": "United States", "POP": 118269}, "geometry": {"type": "Point", "coordinates": [-96.7093, 32.9716]}}, {"type": "Feature", "properties": {"FID": 1840000429, "OBJECTID": 1840000429, "CITY_NAME": "Cambridge", "ADMIN_NAME": "Massachusetts", "CNTRY_NAME": "United States", "POP": 117794}, "geometry": {"type": "Point", "coordinates": [-71.1185, 42.3759]}}, {"type": "Feature", "properties": {"FID": 1840014881, "OBJECTID": 1840014881, "CITY_NAME": "Monroe", "ADMIN_NAME": "Louisiana", "CNTRY_NAME": "United States", "POP": 117507}, "geometry": {"type": "Point", "coordinates": [-92.0774, 32.5185]}}, {"type": "Feature", "properties": {"FID": 1840015164, "OBJECTID": 1840015164, "CITY_NAME": "North Charleston", "ADMIN_NAME": "South Carolina", "CNTRY_NAME": "United States", "POP": 117460}, "geometry": {"type": "Point", "coordinates": [-80.0722, 32.9067]}}, {"type": "Feature", "properties": {"FID": 1840002813, "OBJECTID": 1840002813, "CITY_NAME": "Saginaw", "ADMIN_NAME": "Michigan", "CNTRY_NAME": "United States", "POP": 117412}, "geometry": {"type": "Point", "coordinates": [-83.9501, 43.4199]}}, {"type": "Feature", "properties": {"FID": 1840015110, "OBJECTID": 1840015110, "CITY_NAME": "Clearwater", "ADMIN_NAME": "Florida", "CNTRY_NAME": "United States", "POP": 117075}, "geometry": {"type": "Point", "coordinates": [-82.7623, 27.979]}}, {"type": "Feature", "properties": {"FID": 1840019585, "OBJECTID": 1840019585, "CITY_NAME": "The Woodlands", "ADMIN_NAME": "Texas", "CNTRY_NAME": "United States", "POP": 116916}, "geometry": {"type": "Point", "coordinates": [-95.5134, 30.1738]}}, {"type": "Feature", "properties": {"FID": 1840014151, "OBJECTID": 1840014151, "CITY_NAME": "Brandon", "ADMIN_NAME": "Florida", "CNTRY_NAME": "United States", "POP": 116365}, "geometry": {"type": "Point", "coordinates": [-82.3, 27.9367]}}, {"type": "Feature", "properties": {"FID": 1840008881, "OBJECTID": 1840008881, "CITY_NAME": "St. Cloud", "ADMIN_NAME": "Minnesota", "CNTRY_NAME": "United States", "POP": 116347}, "geometry": {"type": "Point", "coordinates": [-94.1718, 45.534]}}, {"type": "Feature", "properties": {"FID": 1840021388, "OBJECTID": 1840021388, "CITY_NAME": "West Jordan", "ADMIN_NAME": "Utah", "CNTRY_NAME": "United States", "POP": 116277}, "geometry": {"type": "Point", "coordinates": [-112.0008, 40.6024]}}, {"type": "Feature", "properties": {"FID": 1840019059, "OBJECTID": 1840019059, "CITY_NAME": "Broken Arrow", "ADMIN_NAME": "Oklahoma", "CNTRY_NAME": "United States", "POP": 115919}, "geometry": {"type": "Point", "coordinates": [-95.7806, 36.038]}}, {"type": "Feature", "properties": {"FID": 1840021036, "OBJECTID": 1840021036, "CITY_NAME": "Harlingen", "ADMIN_NAME": "Texas", "CNTRY_NAME": "United States", "POP": 115767}, "geometry": {"type": "Point", "coordinates": [-97.6977, 26.1916]}}, {"type": "Feature", "properties": {"FID": 1840023244, "OBJECTID": 1840023244, "CITY_NAME": "Kailua", "ADMIN_NAME": "Hawaii", "CNTRY_NAME": "United States", "POP": 115634}, "geometry": {"type": "Point", "coordinates": [-157.7396, 21.392]}}, {"type": "Feature", "properties": {"FID": 1840021423, "OBJECTID": 1840021423, "CITY_NAME": "Westminster", "ADMIN_NAME": "Colorado", "CNTRY_NAME": "United States", "POP": 115546}, "geometry": {"type": "Point", "coordinates": [-105.0624, 39.8837]}}, {"type": "Feature", "properties": {"FID": 1840020327, "OBJECTID": 1840020327, "CITY_NAME": "Gilroy", "ADMIN_NAME": "California", "CNTRY_NAME": "United States", "POP": 115448}, "geometry": {"type": "Point", "coordinates": [-121.5854, 37.0046]}}, {"type": "Feature", "properties": {"FID": 1840020277, "OBJECTID": 1840020277, "CITY_NAME": "Richmond", "ADMIN_NAME": "California", "CNTRY_NAME": "United States", "POP": 115396}, "geometry": {"type": "Point", "coordinates": [-122.3389, 37.9477]}}, {"type": "Feature", "properties": {"FID": 1840015909, "OBJECTID": 1840015909, "CITY_NAME": "Mandeville", "ADMIN_NAME": "Louisiana", "CNTRY_NAME": "United States", "POP": 115292}, "geometry": {"type": "Point", "coordinates": [-90.0904, 30.3751]}}, {"type": "Feature", "properties": {"FID": 1840002746, "OBJECTID": 1840002746, "CITY_NAME": "Utica", "ADMIN_NAME": "New York", "CNTRY_NAME": "United States", "POP": 114961}, "geometry": {"type": "Point", "coordinates": [-75.2261, 43.0962]}}, {"type": "Feature", "properties": {"FID": 1630023669, "OBJECTID": 1630023669, "CITY_NAME": "Ponce", "ADMIN_NAME": "Puerto Rico", "CNTRY_NAME": "United States", "POP": 114940}, "geometry": {"type": "Point", "coordinates": [-66.6212, 18.0127]}}, {"type": "Feature", "properties": {"FID": 1840020973, "OBJECTID": 1840020973, "CITY_NAME": "League City", "ADMIN_NAME": "Texas", "CNTRY_NAME": "United States", "POP": 114885}, "geometry": {"type": "Point", "coordinates": [-95.1087, 29.4874]}}, {"type": "Feature", "properties": {"FID": 1840020919, "OBJECTID": 1840020919, "CITY_NAME": "Port Arthur", "ADMIN_NAME": "Texas", "CNTRY_NAME": "United States", "POP": 114860}, "geometry": {"type": "Point", "coordinates": [-93.9264, 29.8554]}}, {"type": "Feature", "properties": {"FID": 1840000426, "OBJECTID": 1840000426, "CITY_NAME": "Lowell", "ADMIN_NAME": "Massachusetts", "CNTRY_NAME": "United States", "POP": 114799}, "geometry": {"type": "Point", "coordinates": [-71.3217, 42.6389]}}, {"type": "Feature", "properties": {"FID": 1840019206, "OBJECTID": 1840019206, "CITY_NAME": "East Los Angeles", "ADMIN_NAME": "California", "CNTRY_NAME": "United States", "POP": 114617}, "geometry": {"type": "Point", "coordinates": [-118.1691, 34.0326]}}, {"type": "Feature", "properties": {"FID": 1840019352, "OBJECTID": 1840019352, "CITY_NAME": "Carlsbad", "ADMIN_NAME": "California", "CNTRY_NAME": "United States", "POP": 114500}, "geometry": {"type": "Point", "coordinates": [-117.2834, 33.1246]}}, {"type": "Feature", "properties": {"FID": 1840008134, "OBJECTID": 1840008134, "CITY_NAME": "Elgin", "ADMIN_NAME": "Illinois", "CNTRY_NAME": "United States", "POP": 114106}, "geometry": {"type": "Point", "coordinates": [-88.324, 42.0383]}}, {"type": "Feature", "properties": {"FID": 1840000440, "OBJECTID": 1840000440, "CITY_NAME": "Waterloo", "ADMIN_NAME": "Iowa", "CNTRY_NAME": "United States", "POP": 113832}, "geometry": {"type": "Point", "coordinates": [-92.3522, 42.4918]}}, {"type": "Feature", "properties": {"FID": 1840000437, "OBJECTID": 1840000437, "CITY_NAME": "Leominster", "ADMIN_NAME": "Massachusetts", "CNTRY_NAME": "United States", "POP": 113462}, "geometry": {"type": "Point", "coordinates": [-71.7717, 42.5209]}}, {"type": "Feature", "properties": {"FID": 1840018618, "OBJECTID": 1840018618, "CITY_NAME": "Bend", "ADMIN_NAME": "Oregon", "CNTRY_NAME": "United States", "POP": 113454}, "geometry": {"type": "Point", "coordinates": [-121.3095, 44.0563]}}, {"type": "Feature", "properties": {"FID": 1840000447, "OBJECTID": 1840000447, "CITY_NAME": "Sioux City", "ADMIN_NAME": "Iowa", "CNTRY_NAME": "United States", "POP": 112823}, "geometry": {"type": "Point", "coordinates": [-96.3901, 42.4959]}}, {"type": "Feature", "properties": {"FID": 1840019939, "OBJECTID": 1840019939, "CITY_NAME": "Gresham", "ADMIN_NAME": "Oregon", "CNTRY_NAME": "United States", "POP": 112818}, "geometry": {"type": "Point", "coordinates": [-122.4413, 45.5021]}}, {"type": "Feature", "properties": {"FID": 1840020746, "OBJECTID": 1840020746, "CITY_NAME": "Longview", "ADMIN_NAME": "Texas", "CNTRY_NAME": "United States", "POP": 112687}, "geometry": {"type": "Point", "coordinates": [-94.7622, 32.5193]}}, {"type": "Feature", "properties": {"FID": 1840015143, "OBJECTID": 1840015143, "CITY_NAME": "Pompano Beach", "ADMIN_NAME": "Florida", "CNTRY_NAME": "United States", "POP": 112212}, "geometry": {"type": "Point", "coordinates": [-80.1312, 26.2428]}}, {"type": "Feature", "properties": {"FID": 1840019245, "OBJECTID": 1840019245, "CITY_NAME": "Downey", "ADMIN_NAME": "California", "CNTRY_NAME": "United States", "POP": 111793}, "geometry": {"type": "Point", "coordinates": [-118.1311, 33.9379]}}, {"type": "Feature", "properties": {"FID": 1840020553, "OBJECTID": 1840020553, "CITY_NAME": "Murrieta", "ADMIN_NAME": "California", "CNTRY_NAME": "United States", "POP": 111621}, "geometry": {"type": "Point", "coordinates": [-117.1909, 33.5719]}}, {"type": "Feature", "properties": {"FID": 1840018644, "OBJECTID": 1840018644, "CITY_NAME": "Idaho Falls", "ADMIN_NAME": "Idaho", "CNTRY_NAME": "United States", "POP": 111295}, "geometry": {"type": "Point", "coordinates": [-112.0362, 43.4871]}}, {"type": "Feature", "properties": {"FID": 1840015151, "OBJECTID": 1840015151, "CITY_NAME": "Miami Gardens", "ADMIN_NAME": "Florida", "CNTRY_NAME": "United States", "POP": 111264}, "geometry": {"type": "Point", "coordinates": [-80.2426, 25.9433]}}, {"type": "Feature", "properties": {"FID": 1840019785, "OBJECTID": 1840019785, "CITY_NAME": "Everett", "ADMIN_NAME": "Washington", "CNTRY_NAME": "United States", "POP": 111083}, "geometry": {"type": "Point", "coordinates": [-122.1669, 47.9525]}}, {"type": "Feature", "properties": {"FID": 1840002996, "OBJECTID": 1840002996, "CITY_NAME": "Holland", "ADMIN_NAME": "Michigan", "CNTRY_NAME": "United States", "POP": 110905}, "geometry": {"type": "Point", "coordinates": [-86.0984, 42.7677]}}, {"type": "Feature", "properties": {"FID": 1840019326, "OBJECTID": 1840019326, "CITY_NAME": "Costa Mesa", "ADMIN_NAME": "California", "CNTRY_NAME": "United States", "POP": 110538}, "geometry": {"type": "Point", "coordinates": [-117.9135, 33.6667]}}, {"type": "Feature", "properties": {"FID": 1840021937, "OBJECTID": 1840021937, "CITY_NAME": "Temecula", "ADMIN_NAME": "California", "CNTRY_NAME": "United States", "POP": 110404}, "geometry": {"type": "Point", "coordinates": [-117.1315, 33.4928]}}, {"type": "Feature", "properties": {"FID": 1840014653, "OBJECTID": 1840014653, "CITY_NAME": "Jacksonville", "ADMIN_NAME": "North Carolina", "CNTRY_NAME": "United States", "POP": 109958}, "geometry": {"type": "Point", "coordinates": [-77.3941, 34.7289]}}, {"type": "Feature", "properties": {"FID": 1840037414, "OBJECTID": 1840037414, "CITY_NAME": "San Buenaventura", "ADMIN_NAME": "California", "CNTRY_NAME": "United States", "POP": 109900}, "geometry": {"type": "Point", "coordinates": [-119.2314, 34.2741]}}, {"type": "Feature", "properties": {"FID": 1840022217, "OBJECTID": 1840022217, "CITY_NAME": "Sugar Land", "ADMIN_NAME": "Texas", "CNTRY_NAME": "United States", "POP": 109735}, "geometry": {"type": "Point", "coordinates": [-95.6358, 29.5935]}}, {"type": "Feature", "properties": {"FID": 1840018778, "OBJECTID": 1840018778, "CITY_NAME": "Chico", "ADMIN_NAME": "California", "CNTRY_NAME": "United States", "POP": 109411}, "geometry": {"type": "Point", "coordinates": [-121.8161, 39.7578]}}, {"type": "Feature", "properties": {"FID": 1840029465, "OBJECTID": 1840029465, "CITY_NAME": "South Fulton", "ADMIN_NAME": "Georgia", "CNTRY_NAME": "United States", "POP": 109157}, "geometry": {"type": "Point", "coordinates": [-84.58, 33.6273]}}, {"type": "Feature", "properties": {"FID": 1840021337, "OBJECTID": 1840021337, "CITY_NAME": "Sparks", "ADMIN_NAME": "Nevada", "CNTRY_NAME": "United States", "POP": 109106}, "geometry": {"type": "Point", "coordinates": [-119.7161, 39.5736]}}, {"type": "Feature", "properties": {"FID": 1840002296, "OBJECTID": 1840002296, "CITY_NAME": "Eau Claire", "ADMIN_NAME": "Wisconsin", "CNTRY_NAME": "United States", "POP": 108477}, "geometry": {"type": "Point", "coordinates": [-91.4948, 44.8197]}}, {"type": "Feature", "properties": {"FID": 1840013810, "OBJECTID": 1840013810, "CITY_NAME": "Auburn", "ADMIN_NAME": "Alabama", "CNTRY_NAME": "United States", "POP": 108327}, "geometry": {"type": "Point", "coordinates": [-85.4903, 32.6087]}}, {"type": "Feature", "properties": {"FID": 1840003969, "OBJECTID": 1840003969, "CITY_NAME": "Dearborn", "ADMIN_NAME": "Michigan", "CNTRY_NAME": "United States", "POP": 107846}, "geometry": {"type": "Point", "coordinates": [-83.213, 42.3127]}}, {"type": "Feature", "properties": {"FID": 1840014158, "OBJECTID": 1840014158, "CITY_NAME": "Riverview", "ADMIN_NAME": "Florida", "CNTRY_NAME": "United States", "POP": 107776}, "geometry": {"type": "Point", "coordinates": [-82.3023, 27.8227]}}, {"type": "Feature", "properties": {"FID": 1840019396, "OBJECTID": 1840019396, "CITY_NAME": "Allen", "ADMIN_NAME": "Texas", "CNTRY_NAME": "United States", "POP": 107684}, "geometry": {"type": "Point", "coordinates": [-96.6735, 33.1088]}}, {"type": "Feature", "properties": {"FID": 1840021876, "OBJECTID": 1840021876, "CITY_NAME": "West Covina", "ADMIN_NAME": "California", "CNTRY_NAME": "United States", "POP": 107436}, "geometry": {"type": "Point", "coordinates": [-117.9113, 34.0555]}}, {"type": "Feature", "properties": {"FID": 1840018792, "OBJECTID": 1840018792, "CITY_NAME": "Centennial", "ADMIN_NAME": "Colorado", "CNTRY_NAME": "United States", "POP": 107386}, "geometry": {"type": "Point", "coordinates": [-104.8673, 39.5926]}}, {"type": "Feature", "properties": {"FID": 1840007376, "OBJECTID": 1840007376, "CITY_NAME": "Bloomington", "ADMIN_NAME": "Indiana", "CNTRY_NAME": "United States", "POP": 107262}, "geometry": {"type": "Point", "coordinates": [-86.5257, 39.1637]}}, {"type": "Feature", "properties": {"FID": 1840015609, "OBJECTID": 1840015609, "CITY_NAME": "Sandy Springs", "ADMIN_NAME": "Georgia", "CNTRY_NAME": "United States", "POP": 107198}, "geometry": {"type": "Point", "coordinates": [-84.3703, 33.9366]}}, {"type": "Feature", "properties": {"FID": 1840020480, "OBJECTID": 1840020480, "CITY_NAME": "El Monte", "ADMIN_NAME": "California", "CNTRY_NAME": "United States", "POP": 107066}, "geometry": {"type": "Point", "coordinates": [-118.0291, 34.0739]}}, {"type": "Feature", "properties": {"FID": 1840019932, "OBJECTID": 1840019932, "CITY_NAME": "Hillsboro", "ADMIN_NAME": "Oregon", "CNTRY_NAME": "United States", "POP": 107050}, "geometry": {"type": "Point", "coordinates": [-122.936, 45.5273]}}, {"type": "Feature", "properties": {"FID": 1840022903, "OBJECTID": 1840022903, "CITY_NAME": "Menifee", "ADMIN_NAME": "California", "CNTRY_NAME": "United States", "POP": 107020}, "geometry": {"type": "Point", "coordinates": [-117.1849, 33.6909]}}, {"type": "Feature", "properties": {"FID": 1840020387, "OBJECTID": 1840020387, "CITY_NAME": "Rio Rancho", "ADMIN_NAME": "New Mexico", "CNTRY_NAME": "United States", "POP": 106533}, "geometry": {"type": "Point", "coordinates": [-106.6982, 35.2873]}}, {"type": "Feature", "properties": {"FID": 1840017272, "OBJECTID": 1840017272, "CITY_NAME": "Davie", "ADMIN_NAME": "Florida", "CNTRY_NAME": "United States", "POP": 106412}, "geometry": {"type": "Point", "coordinates": [-80.287, 26.0789]}}, {"type": "Feature", "properties": {"FID": 1840043419, "OBJECTID": 1840043419, "CITY_NAME": "Jurupa Valley", "ADMIN_NAME": "California", "CNTRY_NAME": "United States", "POP": 106244}, "geometry": {"type": "Point", "coordinates": [-117.4706, 34.001]}}, {"type": "Feature", "properties": {"FID": 1840005803, "OBJECTID": 1840005803, "CITY_NAME": "Columbia", "ADMIN_NAME": "Maryland", "CNTRY_NAME": "United States", "POP": 105871}, "geometry": {"type": "Point", "coordinates": [-76.859, 39.2004]}}, {"type": "Feature", "properties": {"FID": 1840019237, "OBJECTID": 1840019237, "CITY_NAME": "Inglewood", "ADMIN_NAME": "California", "CNTRY_NAME": "United States", "POP": 105575}, "geometry": {"type": "Point", "coordinates": [-118.3444, 33.9566]}}, {"type": "Feature", "properties": {"FID": 1840021094, "OBJECTID": 1840021094, "CITY_NAME": "Spokane Valley", "ADMIN_NAME": "Washington", "CNTRY_NAME": "United States", "POP": 105460}, "geometry": {"type": "Point", "coordinates": [-117.2346, 47.6626]}}, {"type": "Feature", "properties": {"FID": 1840019827, "OBJECTID": 1840019827, "CITY_NAME": "Renton", "ADMIN_NAME": "Washington", "CNTRY_NAME": "United States", "POP": 105279}, "geometry": {"type": "Point", "coordinates": [-122.1918, 47.4784]}}, {"type": "Feature", "properties": {"FID": 1840027990, "OBJECTID": 1840027990, "CITY_NAME": "San Tan Valley", "ADMIN_NAME": "Arizona", "CNTRY_NAME": "United States", "POP": 105231}, "geometry": {"type": "Point", "coordinates": [-111.5629, 33.1786]}}, {"type": "Feature", "properties": {"FID": 1840019233, "OBJECTID": 1840019233, "CITY_NAME": "Burbank", "ADMIN_NAME": "California", "CNTRY_NAME": "United States", "POP": 105165}, "geometry": {"type": "Point", "coordinates": [-118.3235, 34.1879]}}, {"type": "Feature", "properties": {"FID": 1840000467, "OBJECTID": 1840000467, "CITY_NAME": "Brockton", "ADMIN_NAME": "Massachusetts", "CNTRY_NAME": "United States", "POP": 105080}, "geometry": {"type": "Point", "coordinates": [-71.0242, 42.0821]}}, {"type": "Feature", "properties": {"FID": 1840020618, "OBJECTID": 1840020618, "CITY_NAME": "El Cajon", "ADMIN_NAME": "California", "CNTRY_NAME": "United States", "POP": 104909}, "geometry": {"type": "Point", "coordinates": [-116.9604, 32.8017]}}, {"type": "Feature", "properties": {"FID": 1840020407, "OBJECTID": 1840020407, "CITY_NAME": "Rialto", "ADMIN_NAME": "California", "CNTRY_NAME": "United States", "POP": 103866}, "geometry": {"type": "Point", "coordinates": [-117.3892, 34.1175]}}, {"type": "Feature", "properties": {"FID": 1840021551, "OBJECTID": 1840021551, "CITY_NAME": "San Mateo", "ADMIN_NAME": "California", "CNTRY_NAME": "United States", "POP": 103555}, "geometry": {"type": "Point", "coordinates": [-122.3121, 37.5522]}}, {"type": "Feature", "properties": {"FID": 1840020564, "OBJECTID": 1840020564, "CITY_NAME": "Goodyear", "ADMIN_NAME": "Arizona", "CNTRY_NAME": "United States", "POP": 102891}, "geometry": {"type": "Point", "coordinates": [-112.3622, 33.2614]}}, {"type": "Feature", "properties": {"FID": 1840001678, "OBJECTID": 1840001678, "CITY_NAME": "Charlottesville", "ADMIN_NAME": "Virginia", "CNTRY_NAME": "United States", "POP": 102802}, "geometry": {"type": "Point", "coordinates": [-78.4855, 38.0375]}}, {"type": "Feature", "properties": {"FID": 1840020180, "OBJECTID": 1840020180, "CITY_NAME": "Lafayette", "ADMIN_NAME": "Colorado", "CNTRY_NAME": "United States", "POP": 102615}, "geometry": {"type": "Point", "coordinates": [-105.0998, 39.9946]}}, {"type": "Feature", "properties": {"FID": 1840032155, "OBJECTID": 1840032155, "CITY_NAME": "Lee's Summit", "ADMIN_NAME": "Missouri", "CNTRY_NAME": "United States", "POP": 102583}, "geometry": {"type": "Point", "coordinates": [-94.3816, 38.9171]}}, {"type": "Feature", "properties": {"FID": 1840021020, "OBJECTID": 1840021020, "CITY_NAME": "Edinburg", "ADMIN_NAME": "Texas", "CNTRY_NAME": "United States", "POP": 102561}, "geometry": {"type": "Point", "coordinates": [-98.1597, 26.3196]}}, {"type": "Feature", "properties": {"FID": 1840018926, "OBJECTID": 1840018926, "CITY_NAME": "Daly City", "ADMIN_NAME": "California", "CNTRY_NAME": "United States", "POP": 102560}, "geometry": {"type": "Point", "coordinates": [-122.4685, 37.6862]}}, {"type": "Feature", "properties": {"FID": 1840021923, "OBJECTID": 1840021923, "CITY_NAME": "Wichita Falls", "ADMIN_NAME": "Texas", "CNTRY_NAME": "United States", "POP": 102558}, "geometry": {"type": "Point", "coordinates": [-98.5291, 33.9072]}}, {"type": "Feature", "properties": {"FID": 1840013265, "OBJECTID": 1840013265, "CITY_NAME": "Bowling Green", "ADMIN_NAME": "Kentucky", "CNTRY_NAME": "United States", "POP": 102247}, "geometry": {"type": "Point", "coordinates": [-86.4378, 36.9716]}}, {"type": "Feature", "properties": {"FID": 1840020178, "OBJECTID": 1840020178, "CITY_NAME": "Longmont", "ADMIN_NAME": "Colorado", "CNTRY_NAME": "United States", "POP": 102183}, "geometry": {"type": "Point", "coordinates": [-105.1005, 40.1686]}}, {"type": "Feature", "properties": {"FID": 1840021498, "OBJECTID": 1840021498, "CITY_NAME": "Vacaville", "ADMIN_NAME": "California", "CNTRY_NAME": "United States", "POP": 102085}, "geometry": {"type": "Point", "coordinates": [-121.9673, 38.3587]}}, {"type": "Feature", "properties": {"FID": 1840028579, "OBJECTID": 1840028579, "CITY_NAME": "Highlands Ranch", "ADMIN_NAME": "Colorado", "CNTRY_NAME": "United States", "POP": 101437}, "geometry": {"type": "Point", "coordinates": [-104.9708, 39.5419]}}, {"type": "Feature", "properties": {"FID": 1840000461, "OBJECTID": 1840000461, "CITY_NAME": "Quincy", "ADMIN_NAME": "Massachusetts", "CNTRY_NAME": "United States", "POP": 101361}, "geometry": {"type": "Point", "coordinates": [-71.0187, 42.2506]}}, {"type": "Feature", "properties": {"FID": 1840010496, "OBJECTID": 1840010496, "CITY_NAME": "Fishers", "ADMIN_NAME": "Indiana", "CNTRY_NAME": "United States", "POP": 100918}, "geometry": {"type": "Point", "coordinates": [-85.9659, 39.9588]}}, {"type": "Feature", "properties": {"FID": 1840000409, "OBJECTID": 1840000409, "CITY_NAME": "Lynn", "ADMIN_NAME": "Massachusetts", "CNTRY_NAME": "United States", "POP": 100905}, "geometry": {"type": "Point", "coordinates": [-70.9664, 42.4781]}}, {"type": "Feature", "properties": {"FID": 1840020501, "OBJECTID": 1840020501, "CITY_NAME": "Norwalk", "ADMIN_NAME": "California", "CNTRY_NAME": "United States", "POP": 100713}, "geometry": {"type": "Point", "coordinates": [-118.0829, 33.9069]}}, {"type": "Feature", "properties": {"FID": 1840007260, "OBJECTID": 1840007260, "CITY_NAME": "Carmel", "ADMIN_NAME": "Indiana", "CNTRY_NAME": "United States", "POP": 100501}, "geometry": {"type": "Point", "coordinates": [-86.146, 39.965]}}, {"type": "Feature", "properties": {"FID": 1840020404, "OBJECTID": 1840020404, "CITY_NAME": "Hesperia", "ADMIN_NAME": "California", "CNTRY_NAME": "United States", "POP": 100141}, "geometry": {"type": "Point", "coordinates": [-117.3147, 34.3975]}}]}